class,in_band,image_path,confidence,prob_true,predicted_class,correct
brown_spot,True,data\RiceCrossYear\test\brown_spot\2026_brown_spot_brown spot_7.jpg,0.972148,0.972148,brown_spot,True
brown_spot,True,data\RiceCrossYear\test\brown_spot\2026_brown_spot_brown spot_1136.jpg,0.968281,0.968281,brown_spot,True
brown_spot,True,data\RiceCrossYear\test\brown_spot\2026_brown_spot_brown spot_1493.jpg,0.967341,0.967341,brown_spot,True
brown_spot,True,data\RiceCrossYear\test\brown_spot\2026_brown_spot_brown spot_1082.jpg,0.966931,0.966931,brown_spot,True
brown_spot,True,data\RiceCrossYear\test\brown_spot\2026_brown_spot_brown spot_1860.jpg,0.965347,0.965347,brown_spot,True
brown_spot,True,data\RiceCrossYear\test\brown_spot\2026_brown_spot_brown spot_1794.jpg,0.963972,0.963972,brown_spot,True
brown_spot,True,data\RiceCrossYear\test\brown_spot\2026_brown_spot_brown spot_1125.jpg,0.963635,0.963635,brown_spot,True
brown_spot,True,data\RiceCrossYear\test\brown_spot\2026_brown_spot_brown spot_1687.jpg,0.963634,0.963634,brown_spot,True
brown_spot,True,data\RiceCrossYear\test\brown_spot\2026_brown_spot_brown spot_1874.jpg,0.962139,0.962139,brown_spot,True
brown_spot,True,data\RiceCrossYear\test\brown_spot\2026_brown_spot_brown spot_1601.jpg,0.96183,0.96183,brown_spot,True
brown_spot,True,data\RiceCrossYear\test\brown_spot\2026_brown_spot_brown spot_1304.jpg,0.961742,0.961742,brown_spot,True
brown_spot,True,data\RiceCrossYear\test\brown_spot\2026_brown_spot_brown spot_1981.jpg,0.961293,0.961293,brown_spot,True
brown_spot,True,data\RiceCrossYear\test\brown_spot\2026_brown_spot_brown spot_1099.jpg,0.961286,0.961286,brown_spot,True
brown_spot,True,data\RiceCrossYear\test\brown_spot\2026_brown_spot_brown spot_815.jpg,0.961272,0.961272,brown_spot,True
brown_spot,True,data\RiceCrossYear\test\brown_spot\2026_brown_spot_brown spot_1246.jpg,0.960023,0.960023,brown_spot,True
brown_spot,True,data\RiceCrossYear\test\brown_spot\2026_brown_spot_brown spot_1434.jpg,0.959771,0.959771,brown_spot,True
brown_spot,True,data\RiceCrossYear\test\brown_spot\2026_brown_spot_brown spot_1698.jpg,0.958677,0.958677,brown_spot,True
brown_spot,True,data\RiceCrossYear\test\brown_spot\2026_brown_spot_brown spot_1091.jpg,0.958483,0.958483,brown_spot,True
brown_spot,True,data\RiceCrossYear\test\brown_spot\2026_brown_spot_brown spot_409.jpg,0.957605,0.957605,brown_spot,True
brown_spot,True,data\RiceCrossYear\test\brown_spot\2026_brown_spot_brown spot_1254.jpg,0.957141,0.957141,brown_spot,True
brown_spot,True,data\RiceCrossYear\test\brown_spot\2026_brown_spot_brown spot_1980.jpg,0.956754,0.956754,brown_spot,True
brown_spot,True,data\RiceCrossYear\test\brown_spot\2026_brown_spot_brown spot_1716.jpg,0.956742,0.956742,brown_spot,True
brown_spot,True,data\RiceCrossYear\test\brown_spot\2026_brown_spot_brown spot_731.jpg,0.954728,0.954728,brown_spot,True
brown_spot,True,data\RiceCrossYear\test\brown_spot\2026_brown_spot_brown spot_1437.jpg,0.954611,0.954611,brown_spot,True
brown_spot,True,data\RiceCrossYear\test\brown_spot\2026_brown_spot_brown spot_1792.jpg,0.954596,0.954596,brown_spot,True
brown_spot,True,data\RiceCrossYear\test\brown_spot\2026_brown_spot_brown spot_2026.jpg,0.954577,0.954577,brown_spot,True
brown_spot,True,data\RiceCrossYear\test\brown_spot\2026_brown_spot_brown spot_2080.jpg,0.954241,0.954241,brown_spot,True
brown_spot,True,data\RiceCrossYear\test\brown_spot\2026_brown_spot_brown spot_71.jpg,0.954115,0.954115,brown_spot,True
brown_spot,True,data\RiceCrossYear\test\brown_spot\2026_brown_spot_brown spot_65.jpg,0.953435,0.953435,brown_spot,True
brown_spot,True,data\RiceCrossYear\test\brown_spot\2026_brown_spot_brown spot_2083.jpg,0.953334,0.953334,brown_spot,True
brown_spot,True,data\RiceCrossYear\test\brown_spot\2026_brown_spot_brown spot_54.jpg,0.953138,0.953138,brown_spot,True
brown_spot,True,data\RiceCrossYear\test\brown_spot\2026_brown_spot_brown spot_1302.jpg,0.95305,0.95305,brown_spot,True
brown_spot,True,data\RiceCrossYear\test\brown_spot\2026_brown_spot_brown spot_1587.jpg,0.952783,0.952783,brown_spot,True
brown_spot,True,data\RiceCrossYear\test\brown_spot\2026_brown_spot_brown spot_235.jpg,0.952731,0.952731,brown_spot,True
brown_spot,True,data\RiceCrossYear\test\brown_spot\2026_brown_spot_brown spot_1707.jpg,0.952514,0.952514,brown_spot,True
brown_spot,True,data\RiceCrossYear\test\brown_spot\2026_brown_spot_brown spot_1718.jpg,0.952492,0.952492,brown_spot,True
brown_spot,True,data\RiceCrossYear\test\brown_spot\2026_brown_spot_brown spot_1978.jpg,0.952465,0.952465,brown_spot,True
brown_spot,True,data\RiceCrossYear\test\brown_spot\2026_brown_spot_brown spot_124.jpg,0.951545,0.951545,brown_spot,True
brown_spot,True,data\RiceCrossYear\test\brown_spot\2026_brown_spot_brown spot_1982.jpg,0.951491,0.951491,brown_spot,True
brown_spot,True,data\RiceCrossYear\test\brown_spot\2026_brown_spot_brown spot_1600.jpg,0.951368,0.951368,brown_spot,True
brown_spot,True,data\RiceCrossYear\test\brown_spot\2026_brown_spot_brown spot_1899.jpg,0.951082,0.951082,brown_spot,True
brown_spot,True,data\RiceCrossYear\test\brown_spot\2026_brown_spot_brown spot_2060.jpg,0.950684,0.950684,brown_spot,True
brown_spot,True,data\RiceCrossYear\test\brown_spot\2026_brown_spot_brown spot_1231.jpg,0.9505,0.9505,brown_spot,True
brown_spot,True,data\RiceCrossYear\test\brown_spot\2026_brown_spot_brown spot_1608.jpg,0.95047,0.95047,brown_spot,True
brown_spot,True,data\RiceCrossYear\test\brown_spot\2026_brown_spot_brown spot_1475.jpg,0.950341,0.950341,brown_spot,True
brown_spot,True,data\RiceCrossYear\test\brown_spot\2026_brown_spot_brown spot_61.jpg,0.949426,0.949426,brown_spot,True
brown_spot,True,data\RiceCrossYear\test\brown_spot\2026_brown_spot_brown spot_1248.jpg,0.949023,0.949023,brown_spot,True
brown_spot,True,data\RiceCrossYear\test\brown_spot\2026_brown_spot_brown spot_1856.jpg,0.949015,0.949015,brown_spot,True
brown_spot,True,data\RiceCrossYear\test\brown_spot\2026_brown_spot_brown spot_1717.jpg,0.948988,0.948988,brown_spot,True
brown_spot,True,data\RiceCrossYear\test\brown_spot\2026_brown_spot_brown spot_1657.jpg,0.948983,0.948983,brown_spot,True
brown_spot,True,data\RiceCrossYear\test\brown_spot\2026_brown_spot_brown spot_1953.jpg,0.948685,0.948685,brown_spot,True
brown_spot,True,data\RiceCrossYear\test\brown_spot\2026_brown_spot_brown spot_55.jpg,0.948507,0.948507,brown_spot,True
brown_spot,True,data\RiceCrossYear\test\brown_spot\2026_brown_spot_brown spot_1681.jpg,0.948485,0.948485,brown_spot,True
brown_spot,True,data\RiceCrossYear\test\brown_spot\2026_brown_spot_brown spot_2075.jpg,0.948445,0.948445,brown_spot,True
brown_spot,True,data\RiceCrossYear\test\brown_spot\2026_brown_spot_brown spot_1793.jpg,0.948257,0.948257,brown_spot,True
brown_spot,True,data\RiceCrossYear\test\brown_spot\2026_brown_spot_brown spot_1096.jpg,0.948112,0.948112,brown_spot,True
brown_spot,True,data\RiceCrossYear\test\brown_spot\2026_brown_spot_brown spot_1083.jpg,0.948083,0.948083,brown_spot,True
brown_spot,True,data\RiceCrossYear\test\brown_spot\2026_brown_spot_brown spot_1546.jpg,0.948016,0.948016,brown_spot,True
brown_spot,True,data\RiceCrossYear\test\brown_spot\2026_brown_spot_brown spot_915.jpg,0.947757,0.947757,brown_spot,True
brown_spot,True,data\RiceCrossYear\test\brown_spot\2026_brown_spot_brown spot_2082.jpg,0.947528,0.947528,brown_spot,True
brown_spot,True,data\RiceCrossYear\test\brown_spot\2026_brown_spot_brown spot_1126.jpg,0.947174,0.947174,brown_spot,True
brown_spot,True,data\RiceCrossYear\test\brown_spot\2026_brown_spot_brown spot_1679.jpg,0.946778,0.946778,brown_spot,True
brown_spot,True,data\RiceCrossYear\test\brown_spot\2026_brown_spot_brown spot_2079.jpg,0.946482,0.946482,brown_spot,True
brown_spot,True,data\RiceCrossYear\test\brown_spot\2026_brown_spot_brown spot_1589.jpg,0.946266,0.946266,brown_spot,True
brown_spot,True,data\RiceCrossYear\test\brown_spot\2026_brown_spot_brown spot_1898.jpg,0.946135,0.946135,brown_spot,True
brown_spot,True,data\RiceCrossYear\test\brown_spot\2026_brown_spot_brown spot_140.jpg,0.946062,0.946062,brown_spot,True
brown_spot,True,data\RiceCrossYear\test\brown_spot\2026_brown_spot_brown spot_1791.jpg,0.945906,0.945906,brown_spot,True
brown_spot,True,data\RiceCrossYear\test\brown_spot\2026_brown_spot_brown spot_74.jpg,0.945488,0.945488,brown_spot,True
brown_spot,True,data\RiceCrossYear\test\brown_spot\2026_brown_spot_brown spot_288.jpg,0.945486,0.945486,brown_spot,True
brown_spot,True,data\RiceCrossYear\test\brown_spot\2026_brown_spot_brown spot_2061.jpg,0.945146,0.945146,brown_spot,True
brown_spot,True,data\RiceCrossYear\test\brown_spot\2026_brown_spot_brown spot_1545.jpg,0.945082,0.945082,brown_spot,True
brown_spot,True,data\RiceCrossYear\test\brown_spot\2026_brown_spot_brown spot_8.jpg,0.945055,0.945055,brown_spot,True
brown_spot,True,data\RiceCrossYear\test\brown_spot\2026_brown_spot_brown spot_1785.jpg,0.944556,0.944556,brown_spot,True
brown_spot,True,data\RiceCrossYear\test\brown_spot\2026_brown_spot_brown spot_1734.jpg,0.944348,0.944348,brown_spot,True
brown_spot,True,data\RiceCrossYear\test\brown_spot\2026_brown_spot_brown spot_123.jpg,0.94429,0.94429,brown_spot,True
brown_spot,True,data\RiceCrossYear\test\brown_spot\2026_brown_spot_brown spot_362.jpg,0.94407,0.94407,brown_spot,True
brown_spot,True,data\RiceCrossYear\test\brown_spot\2026_brown_spot_brown spot_1690.jpg,0.943092,0.943092,brown_spot,True
brown_spot,True,data\RiceCrossYear\test\brown_spot\2026_brown_spot_brown spot_1072.jpg,0.942629,0.942629,brown_spot,True
brown_spot,True,data\RiceCrossYear\test\brown_spot\2026_brown_spot_brown spot_1610.jpg,0.942514,0.942514,brown_spot,True
brown_spot,True,data\RiceCrossYear\test\brown_spot\2026_brown_spot_brown spot_84.jpg,0.942298,0.942298,brown_spot,True
brown_spot,True,data\RiceCrossYear\test\brown_spot\2026_brown_spot_brown spot_394.jpg,0.94225,0.94225,brown_spot,True
brown_spot,True,data\RiceCrossYear\test\brown_spot\2026_brown_spot_brown spot_1440.jpg,0.94221,0.94221,brown_spot,True
brown_spot,True,data\RiceCrossYear\test\brown_spot\2026_brown_spot_brown spot_1301.jpg,0.942155,0.942155,brown_spot,True
brown_spot,True,data\RiceCrossYear\test\brown_spot\2026_brown_spot_brown spot_1090.jpg,0.942134,0.942134,brown_spot,True
brown_spot,True,data\RiceCrossYear\test\brown_spot\2026_brown_spot_brown spot_260.jpg,0.942041,0.942041,brown_spot,True
brown_spot,True,data\RiceCrossYear\test\brown_spot\2026_brown_spot_brown spot_404.jpg,0.941821,0.941821,brown_spot,True
brown_spot,True,data\RiceCrossYear\test\brown_spot\2026_brown_spot_brown spot_1253.jpg,0.941504,0.941504,brown_spot,True
brown_spot,True,data\RiceCrossYear\test\brown_spot\2026_brown_spot_brown spot_1232.jpg,0.941167,0.941167,brown_spot,True
brown_spot,True,data\RiceCrossYear\test\brown_spot\2026_brown_spot_brown spot_1094.jpg,0.940747,0.940747,brown_spot,True
brown_spot,True,data\RiceCrossYear\test\brown_spot\2026_brown_spot_brown spot_34.jpg,0.940666,0.940666,brown_spot,True
brown_spot,True,data\RiceCrossYear\test\brown_spot\2026_brown_spot_brown spot_51.jpg,0.940387,0.940387,brown_spot,True
brown_spot,True,data\RiceCrossYear\test\brown_spot\2026_brown_spot_brown spot_129.jpg,0.94036,0.94036,brown_spot,True
brown_spot,True,data\RiceCrossYear\test\brown_spot\2026_brown_spot_brown spot_1903.jpg,0.939945,0.939945,brown_spot,True
brown_spot,True,data\RiceCrossYear\test\brown_spot\2026_brown_spot_brown spot_1603.jpg,0.939936,0.939936,brown_spot,True
brown_spot,True,data\RiceCrossYear\test\brown_spot\2026_brown_spot_brown spot_977.jpg,0.939532,0.939532,brown_spot,True
brown_spot,True,data\RiceCrossYear\test\brown_spot\2026_brown_spot_brown spot_1728.jpg,0.939504,0.939504,brown_spot,True
brown_spot,True,data\RiceCrossYear\test\brown_spot\2026_brown_spot_brown spot_814.jpg,0.939043,0.939043,brown_spot,True
brown_spot,True,data\RiceCrossYear\test\brown_spot\2026_brown_spot_brown spot_1858.jpg,0.9388,0.9388,brown_spot,True
brown_spot,True,data\RiceCrossYear\test\brown_spot\2026_brown_spot_brown spot_1593.jpg,0.938771,0.938771,brown_spot,True
brown_spot,True,data\RiceCrossYear\test\brown_spot\2026_brown_spot_brown spot_1588.jpg,0.937974,0.937974,brown_spot,True
brown_spot,True,data\RiceCrossYear\test\brown_spot\2026_brown_spot_brown spot_371.jpg,0.937576,0.937576,brown_spot,True
brown_spot,True,data\RiceCrossYear\test\brown_spot\2026_brown_spot_brown spot_806.jpg,0.937557,0.937557,brown_spot,True
brown_spot,True,data\RiceCrossYear\test\brown_spot\2026_brown_spot_brown spot_119.jpg,0.937442,0.937442,brown_spot,True
brown_spot,True,data\RiceCrossYear\test\brown_spot\2026_brown_spot_brown spot_2001.jpg,0.937423,0.937423,brown_spot,True
brown_spot,True,data\RiceCrossYear\test\brown_spot\2026_brown_spot_brown spot_1735.jpg,0.937321,0.937321,brown_spot,True
brown_spot,True,data\RiceCrossYear\test\brown_spot\2026_brown_spot_brown spot_1782.jpg,0.937152,0.937152,brown_spot,True
brown_spot,True,data\RiceCrossYear\test\brown_spot\2026_brown_spot_brown spot_1952.jpg,0.936486,0.936486,brown_spot,True
brown_spot,True,data\RiceCrossYear\test\brown_spot\2026_brown_spot_brown spot_33.jpg,0.936401,0.936401,brown_spot,True
brown_spot,True,data\RiceCrossYear\test\brown_spot\2026_brown_spot_brown spot_1357.jpg,0.936365,0.936365,brown_spot,True
brown_spot,True,data\RiceCrossYear\test\brown_spot\2026_brown_spot_brown spot_1583.jpg,0.93631,0.93631,brown_spot,True
brown_spot,True,data\RiceCrossYear\test\brown_spot\2026_brown_spot_brown spot_807.jpg,0.93631,0.93631,brown_spot,True
brown_spot,True,data\RiceCrossYear\test\brown_spot\2026_brown_spot_brown spot_1742.jpg,0.936283,0.936283,brown_spot,True
brown_spot,True,data\RiceCrossYear\test\brown_spot\2026_brown_spot_brown spot_1233.jpg,0.936278,0.936278,brown_spot,True
brown_spot,True,data\RiceCrossYear\test\brown_spot\2026_brown_spot_brown spot_365.jpg,0.936259,0.936259,brown_spot,True
brown_spot,True,data\RiceCrossYear\test\brown_spot\2026_brown_spot_brown spot_407.jpg,0.93622,0.93622,brown_spot,True
brown_spot,True,data\RiceCrossYear\test\brown_spot\2026_brown_spot_brown spot_1578.jpg,0.935952,0.935952,brown_spot,True
brown_spot,True,data\RiceCrossYear\test\brown_spot\2026_brown_spot_brown spot_1271.jpg,0.935535,0.935535,brown_spot,True
brown_spot,True,data\RiceCrossYear\test\brown_spot\2026_brown_spot_brown spot_1257.jpg,0.935525,0.935525,brown_spot,True
brown_spot,True,data\RiceCrossYear\test\brown_spot\2026_brown_spot_brown spot_1618.jpg,0.935329,0.935329,brown_spot,True
brown_spot,True,data\RiceCrossYear\test\brown_spot\2026_brown_spot_brown spot_58.jpg,0.935177,0.935177,brown_spot,True
brown_spot,True,data\RiceCrossYear\test\brown_spot\2026_brown_spot_brown spot_152.jpg,0.935108,0.935108,brown_spot,True
brown_spot,True,data\RiceCrossYear\test\brown_spot\2026_brown_spot_brown spot_1983.jpg,0.934975,0.934975,brown_spot,True
brown_spot,True,data\RiceCrossYear\test\brown_spot\2026_brown_spot_brown spot_1616.jpg,0.934593,0.934593,brown_spot,True
brown_spot,True,data\RiceCrossYear\test\brown_spot\2026_brown_spot_brown spot_1748.jpg,0.934573,0.934573,brown_spot,True
brown_spot,True,data\RiceCrossYear\test\brown_spot\2026_brown_spot_brown spot_1623.jpg,0.934489,0.934489,brown_spot,True
brown_spot,True,data\RiceCrossYear\test\brown_spot\2026_brown_spot_brown spot_1008.jpg,0.934422,0.934422,brown_spot,True
brown_spot,True,data\RiceCrossYear\test\brown_spot\2026_brown_spot_brown spot_1607.jpg,0.934311,0.934311,brown_spot,True
brown_spot,True,data\RiceCrossYear\test\brown_spot\2026_brown_spot_brown spot_1617.jpg,0.934203,0.934203,brown_spot,True
brown_spot,True,data\RiceCrossYear\test\brown_spot\2026_brown_spot_brown spot_1137.jpg,0.934167,0.934167,brown_spot,True
brown_spot,True,data\RiceCrossYear\test\brown_spot\2026_brown_spot_brown spot_142.jpg,0.933995,0.933995,brown_spot,True
brown_spot,True,data\RiceCrossYear\test\brown_spot\2026_brown_spot_brown spot_1815.jpg,0.933744,0.933744,brown_spot,True
brown_spot,True,data\RiceCrossYear\test\brown_spot\2026_brown_spot_brown spot_933.jpg,0.933712,0.933712,brown_spot,True
brown_spot,True,data\RiceCrossYear\test\brown_spot\2026_brown_spot_brown spot_2098.jpg,0.933433,0.933433,brown_spot,True
brown_spot,True,data\RiceCrossYear\test\brown_spot\2026_brown_spot_brown spot_376.jpg,0.933403,0.933403,brown_spot,True
brown_spot,True,data\RiceCrossYear\test\brown_spot\2026_brown_spot_brown spot_831.jpg,0.933244,0.933244,brown_spot,True
brown_spot,True,data\RiceCrossYear\test\brown_spot\2026_brown_spot_brown spot_1098.jpg,0.933002,0.933002,brown_spot,True
brown_spot,True,data\RiceCrossYear\test\brown_spot\2026_brown_spot_brown spot_1097.jpg,0.932801,0.932801,brown_spot,True
brown_spot,True,data\RiceCrossYear\test\brown_spot\2026_brown_spot_brown spot_381.jpg,0.932778,0.932778,brown_spot,True
brown_spot,True,data\RiceCrossYear\test\brown_spot\2026_brown_spot_brown spot_121.jpg,0.932692,0.932692,brown_spot,True
brown_spot,True,data\RiceCrossYear\test\brown_spot\2026_brown_spot_brown spot_1105.jpg,0.932016,0.932016,brown_spot,True
brown_spot,True,data\RiceCrossYear\test\brown_spot\2026_brown_spot_brown spot_12.jpg,0.931937,0.931937,brown_spot,True
brown_spot,True,data\RiceCrossYear\test\brown_spot\2026_brown_spot_brown spot_1747.jpg,0.931891,0.931891,brown_spot,True
brown_spot,True,data\RiceCrossYear\test\brown_spot\2026_brown_spot_brown spot_1857.jpg,0.931631,0.931631,brown_spot,True
brown_spot,True,data\RiceCrossYear\test\brown_spot\2026_brown_spot_brown spot_2147.jpg,0.931318,0.931318,brown_spot,True
brown_spot,True,data\RiceCrossYear\test\brown_spot\2026_brown_spot_brown spot_385.jpg,0.931256,0.931256,brown_spot,True
brown_spot,True,data\RiceCrossYear\test\brown_spot\2026_brown_spot_brown spot_403.jpg,0.931165,0.931165,brown_spot,True
brown_spot,True,data\RiceCrossYear\test\brown_spot\2026_brown_spot_brown spot_29.jpg,0.931112,0.931112,brown_spot,True
brown_spot,True,data\RiceCrossYear\test\brown_spot\2026_brown_spot_brown spot_1124.jpg,0.931064,0.931064,brown_spot,True
brown_spot,True,data\RiceCrossYear\test\brown_spot\2026_brown_spot_brown spot_1093.jpg,0.931034,0.931034,brown_spot,True
brown_spot,True,data\RiceCrossYear\test\brown_spot\2026_brown_spot_brown spot_1733.jpg,0.93102,0.93102,brown_spot,True
brown_spot,True,data\RiceCrossYear\test\brown_spot\2026_brown_spot_brown spot_1837.jpg,0.931014,0.931014,brown_spot,True
brown_spot,True,data\RiceCrossYear\test\brown_spot\2026_brown_spot_brown spot_657.jpg,0.931006,0.931006,brown_spot,True
brown_spot,True,data\RiceCrossYear\test\brown_spot\2026_brown_spot_brown spot_1865.jpg,0.930846,0.930846,brown_spot,True
brown_spot,True,data\RiceCrossYear\test\brown_spot\2026_brown_spot_brown spot_209.jpg,0.930496,0.930496,brown_spot,True
brown_spot,True,data\RiceCrossYear\test\brown_spot\2026_brown_spot_brown spot_1621.jpg,0.930108,0.930108,brown_spot,True
brown_spot,True,data\RiceCrossYear\test\brown_spot\2026_brown_spot_brown spot_1074.jpg,0.930094,0.930094,brown_spot,True
brown_spot,True,data\RiceCrossYear\test\brown_spot\2026_brown_spot_brown spot_595.jpg,0.930033,0.930033,brown_spot,True
brown_spot,True,data\RiceCrossYear\test\brown_spot\2026_brown_spot_brown spot_1441.jpg,0.929435,0.929435,brown_spot,True
brown_spot,True,data\RiceCrossYear\test\brown_spot\2026_brown_spot_brown spot_1108.jpg,0.928868,0.928868,brown_spot,True
brown_spot,True,data\RiceCrossYear\test\brown_spot\2026_brown_spot_brown spot_472.jpg,0.928777,0.928777,brown_spot,True
brown_spot,True,data\RiceCrossYear\test\brown_spot\2026_brown_spot_brown spot_2059.jpg,0.928747,0.928747,brown_spot,True
brown_spot,True,data\RiceCrossYear\test\brown_spot\2026_brown_spot_brown spot_976.jpg,0.92874,0.92874,brown_spot,True
brown_spot,True,data\RiceCrossYear\test\brown_spot\2026_brown_spot_brown spot_1064.jpg,0.928732,0.928732,brown_spot,True
brown_spot,True,data\RiceCrossYear\test\brown_spot\2026_brown_spot_brown spot_1133.jpg,0.928592,0.928592,brown_spot,True
brown_spot,True,data\RiceCrossYear\test\brown_spot\2026_brown_spot_brown spot_117.jpg,0.928449,0.928449,brown_spot,True
brown_spot,True,data\RiceCrossYear\test\brown_spot\2026_brown_spot_brown spot_196.jpg,0.928069,0.928069,brown_spot,True
brown_spot,True,data\RiceCrossYear\test\brown_spot\2026_brown_spot_brown spot_787.jpg,0.92795,0.92795,brown_spot,True
brown_spot,True,data\RiceCrossYear\test\brown_spot\2026_brown_spot_brown spot_73.jpg,0.927937,0.927937,brown_spot,True
brown_spot,True,data\RiceCrossYear\test\brown_spot\2026_brown_spot_brown spot_252.jpg,0.927873,0.927873,brown_spot,True
brown_spot,True,data\RiceCrossYear\test\brown_spot\2026_brown_spot_brown spot_167.jpg,0.927865,0.927865,brown_spot,True
brown_spot,True,data\RiceCrossYear\test\brown_spot\2026_brown_spot_brown spot_28.jpg,0.92774,0.92774,brown_spot,True
brown_spot,True,data\RiceCrossYear\test\brown_spot\2026_brown_spot_brown spot_1273.jpg,0.927562,0.927562,brown_spot,True
brown_spot,True,data\RiceCrossYear\test\brown_spot\2026_brown_spot_brown spot_222.jpg,0.927493,0.927493,brown_spot,True
brown_spot,True,data\RiceCrossYear\test\brown_spot\2026_brown_spot_brown spot_320.jpg,0.927303,0.927303,brown_spot,True
brown_spot,True,data\RiceCrossYear\test\brown_spot\2026_brown_spot_brown spot_2097.jpg,0.927206,0.927206,brown_spot,True
brown_spot,True,data\RiceCrossYear\test\brown_spot\2026_brown_spot_brown spot_1055.jpg,0.92709,0.92709,brown_spot,True
brown_spot,True,data\RiceCrossYear\test\brown_spot\2026_brown_spot_brown spot_1962.jpg,0.927005,0.927005,brown_spot,True
brown_spot,True,data\RiceCrossYear\test\brown_spot\2026_brown_spot_brown spot_1629.jpg,0.92687,0.92687,brown_spot,True
brown_spot,True,data\RiceCrossYear\test\brown_spot\2026_brown_spot_brown spot_357.jpg,0.926807,0.926807,brown_spot,True
brown_spot,True,data\RiceCrossYear\test\brown_spot\2026_brown_spot_brown spot_1620.jpg,0.926563,0.926563,brown_spot,True
brown_spot,True,data\RiceCrossYear\test\brown_spot\2026_brown_spot_brown spot_1012.jpg,0.92649,0.92649,brown_spot,True
brown_spot,True,data\RiceCrossYear\test\brown_spot\2026_brown_spot_brown spot_1613.jpg,0.926294,0.926294,brown_spot,True
brown_spot,True,data\RiceCrossYear\test\brown_spot\2026_brown_spot_brown spot_1228.jpg,0.926281,0.926281,brown_spot,True
brown_spot,True,data\RiceCrossYear\test\brown_spot\2026_brown_spot_brown spot_532.jpg,0.925888,0.925888,brown_spot,True
brown_spot,True,data\RiceCrossYear\test\brown_spot\2026_brown_spot_brown spot_52.jpg,0.925798,0.925798,brown_spot,True
brown_spot,True,data\RiceCrossYear\test\brown_spot\2026_brown_spot_brown spot_934.jpg,0.92573,0.92573,brown_spot,True
brown_spot,True,data\RiceCrossYear\test\brown_spot\2026_brown_spot_brown spot_1092.jpg,0.925541,0.925541,brown_spot,True
brown_spot,True,data\RiceCrossYear\test\brown_spot\2026_brown_spot_brown spot_43.jpg,0.925406,0.925406,brown_spot,True
brown_spot,True,data\RiceCrossYear\test\brown_spot\2026_brown_spot_brown spot_1866.jpg,0.925305,0.925305,brown_spot,True
brown_spot,True,data\RiceCrossYear\test\brown_spot\2026_brown_spot_brown spot_594.jpg,0.924707,0.924707,brown_spot,True
brown_spot,True,data\RiceCrossYear\test\brown_spot\2026_brown_spot_brown spot_395.jpg,0.924607,0.924607,brown_spot,True
brown_spot,True,data\RiceCrossYear\test\brown_spot\2026_brown_spot_brown spot_1759.jpg,0.924586,0.040013,rice_tungro,False
brown_spot,True,data\RiceCrossYear\test\brown_spot\2026_brown_spot_brown spot_1592.jpg,0.924435,0.924435,brown_spot,True
brown_spot,True,data\RiceCrossYear\test\brown_spot\2026_brown_spot_brown spot_936.jpg,0.924374,0.924374,brown_spot,True
brown_spot,True,data\RiceCrossYear\test\brown_spot\2026_brown_spot_brown spot_1771.jpg,0.924324,0.924324,brown_spot,True
brown_spot,True,data\RiceCrossYear\test\brown_spot\2026_brown_spot_brown spot_243.jpg,0.924303,0.034466,rice_blast,False
brown_spot,True,data\RiceCrossYear\test\brown_spot\2026_brown_spot_brown spot_1851.jpg,0.924028,0.924028,brown_spot,True
brown_spot,True,data\RiceCrossYear\test\brown_spot\2026_brown_spot_brown spot_1664.jpg,0.924013,0.924013,brown_spot,True
brown_spot,True,data\RiceCrossYear\test\brown_spot\2026_brown_spot_brown spot_1749.jpg,0.923771,0.923771,brown_spot,True
brown_spot,True,data\RiceCrossYear\test\brown_spot\2026_brown_spot_brown spot_1553.jpg,0.923628,0.923628,brown_spot,True
brown_spot,True,data\RiceCrossYear\test\brown_spot\2026_brown_spot_brown spot_1777.jpg,0.9233,0.9233,brown_spot,True
brown_spot,True,data\RiceCrossYear\test\brown_spot\2026_brown_spot_brown spot_36.jpg,0.923271,0.923271,brown_spot,True
brown_spot,True,data\RiceCrossYear\test\brown_spot\2026_brown_spot_brown spot_1439.jpg,0.923094,0.923094,brown_spot,True
brown_spot,True,data\RiceCrossYear\test\brown_spot\2026_brown_spot_brown spot_283.jpg,0.92288,0.92288,brown_spot,True
brown_spot,True,data\RiceCrossYear\test\brown_spot\2026_brown_spot_brown spot_237.jpg,0.922849,0.922849,brown_spot,True
brown_spot,True,data\RiceCrossYear\test\brown_spot\2026_brown_spot_brown spot_368.jpg,0.922826,0.922826,brown_spot,True
brown_spot,True,data\RiceCrossYear\test\brown_spot\2026_brown_spot_brown spot_1905.jpg,0.922538,0.922538,brown_spot,True
brown_spot,True,data\RiceCrossYear\test\brown_spot\2026_brown_spot_brown spot_1509.jpg,0.922279,0.922279,brown_spot,True
brown_spot,True,data\RiceCrossYear\test\brown_spot\2026_brown_spot_brown spot_1715.jpg,0.922132,0.922132,brown_spot,True
brown_spot,True,data\RiceCrossYear\test\brown_spot\2026_brown_spot_brown spot_229.jpg,0.92211,0.92211,brown_spot,True
brown_spot,True,data\RiceCrossYear\test\brown_spot\2026_brown_spot_brown spot_881.jpg,0.921927,0.921927,brown_spot,True
brown_spot,True,data\RiceCrossYear\test\brown_spot\2026_brown_spot_brown spot_405.jpg,0.9219,0.06153,rice_tungro,False
brown_spot,True,data\RiceCrossYear\test\brown_spot\2026_brown_spot_brown spot_1744.jpg,0.921889,0.921889,brown_spot,True
brown_spot,True,data\RiceCrossYear\test\brown_spot\2026_brown_spot_brown spot_562.jpg,0.921837,0.921837,brown_spot,True
brown_spot,True,data\RiceCrossYear\test\brown_spot\2026_brown_spot_brown spot_1594.jpg,0.921825,0.921825,brown_spot,True
brown_spot,True,data\RiceCrossYear\test\brown_spot\2026_brown_spot_brown spot_1708.jpg,0.921676,0.921676,brown_spot,True
brown_spot,True,data\RiceCrossYear\test\brown_spot\2026_brown_spot_brown spot_1261.jpg,0.921571,0.921571,brown_spot,True
brown_spot,True,data\RiceCrossYear\test\brown_spot\2026_brown_spot_brown spot_1609.jpg,0.921517,0.921517,brown_spot,True
brown_spot,True,data\RiceCrossYear\test\brown_spot\2026_brown_spot_brown spot_1009.jpg,0.92103,0.92103,brown_spot,True
brown_spot,True,data\RiceCrossYear\test\brown_spot\2026_brown_spot_brown spot_1234.jpg,0.920957,0.920957,brown_spot,True
brown_spot,True,data\RiceCrossYear\test\brown_spot\2026_brown_spot_brown spot_1438.jpg,0.920955,0.920955,brown_spot,True
brown_spot,True,data\RiceCrossYear\test\brown_spot\2026_brown_spot_brown spot_1010.jpg,0.920943,0.920943,brown_spot,True
brown_spot,True,data\RiceCrossYear\test\brown_spot\2026_brown_spot_brown spot_1104.jpg,0.920909,0.920909,brown_spot,True
brown_spot,True,data\RiceCrossYear\test\brown_spot\2026_brown_spot_brown spot_1389.jpg,0.920891,0.920891,brown_spot,True
brown_spot,True,data\RiceCrossYear\test\brown_spot\2026_brown_spot_brown spot_48.jpg,0.920499,0.920499,brown_spot,True
brown_spot,True,data\RiceCrossYear\test\brown_spot\2026_brown_spot_brown spot_358.jpg,0.920161,0.920161,brown_spot,True
brown_spot,True,data\RiceCrossYear\test\brown_spot\2026_brown_spot_brown spot_816.jpg,0.920142,0.920142,brown_spot,True
brown_spot,True,data\RiceCrossYear\test\brown_spot\2026_brown_spot_brown spot_1581.jpg,0.919821,0.919821,brown_spot,True
brown_spot,True,data\RiceCrossYear\test\brown_spot\2026_brown_spot_brown spot_1193.jpg,0.919657,0.919657,brown_spot,True
brown_spot,True,data\RiceCrossYear\test\brown_spot\2026_brown_spot_brown spot_342.jpg,0.91964,0.91964,brown_spot,True
brown_spot,True,data\RiceCrossYear\test\brown_spot\2026_brown_spot_brown spot_571.jpg,0.919457,0.919457,brown_spot,True
brown_spot,True,data\RiceCrossYear\test\brown_spot\2026_brown_spot_brown spot_1960.jpg,0.919454,0.919454,brown_spot,True
brown_spot,True,data\RiceCrossYear\test\brown_spot\2026_brown_spot_brown spot_1500.jpg,0.919447,0.919447,brown_spot,True
brown_spot,True,data\RiceCrossYear\test\brown_spot\2026_brown_spot_brown spot_26.jpg,0.919388,0.919388,brown_spot,True
brown_spot,True,data\RiceCrossYear\test\brown_spot\2026_brown_spot_brown spot_1239.jpg,0.919369,0.919369,brown_spot,True
brown_spot,True,data\RiceCrossYear\test\brown_spot\2026_brown_spot_brown spot_1015.jpg,0.918837,0.918837,brown_spot,True
brown_spot,True,data\RiceCrossYear\test\brown_spot\2026_brown_spot_brown spot_1787.jpg,0.918799,0.918799,brown_spot,True
brown_spot,True,data\RiceCrossYear\test\brown_spot\2026_brown_spot_brown spot_2003.jpg,0.917821,0.917821,brown_spot,True
brown_spot,True,data\RiceCrossYear\test\brown_spot\2026_brown_spot_brown spot_735.jpg,0.917645,0.917645,brown_spot,True
brown_spot,True,data\RiceCrossYear\test\brown_spot\2026_brown_spot_brown spot_1580.jpg,0.917229,0.917229,brown_spot,True
brown_spot,True,data\RiceCrossYear\test\brown_spot\2026_brown_spot_brown spot_1908.jpg,0.916332,0.916332,brown_spot,True
brown_spot,True,data\RiceCrossYear\test\brown_spot\2026_brown_spot_brown spot_1577.jpg,0.916019,0.916019,brown_spot,True
brown_spot,True,data\RiceCrossYear\test\brown_spot\2026_brown_spot_brown spot_1386.jpg,0.915957,0.915957,brown_spot,True
brown_spot,True,data\RiceCrossYear\test\brown_spot\2026_brown_spot_brown spot_2095.jpg,0.91578,0.91578,brown_spot,True
brown_spot,True,data\RiceCrossYear\test\brown_spot\2026_brown_spot_brown spot_1490.jpg,0.915572,0.915572,brown_spot,True
brown_spot,True,data\RiceCrossYear\test\brown_spot\2026_brown_spot_brown spot_1740.jpg,0.915445,0.915445,brown_spot,True
brown_spot,True,data\RiceCrossYear\test\brown_spot\2026_brown_spot_brown spot_244.jpg,0.915397,0.915397,brown_spot,True
brown_spot,True,data\RiceCrossYear\test\brown_spot\2026_brown_spot_brown spot_1864.jpg,0.914727,0.914727,brown_spot,True
brown_spot,True,data\RiceCrossYear\test\brown_spot\2026_brown_spot_brown spot_1488.jpg,0.914624,0.914624,brown_spot,True
brown_spot,True,data\RiceCrossYear\test\brown_spot\2026_brown_spot_brown spot_1931.jpg,0.914588,0.914588,brown_spot,True
brown_spot,True,data\RiceCrossYear\test\brown_spot\2026_brown_spot_brown spot_646.jpg,0.914583,0.028245,rice_tungro,False
brown_spot,True,data\RiceCrossYear\test\brown_spot\2026_brown_spot_brown spot_397.jpg,0.914537,0.914537,brown_spot,True
brown_spot,True,data\RiceCrossYear\test\brown_spot\2026_brown_spot_brown spot_364.jpg,0.914515,0.914515,brown_spot,True
brown_spot,True,data\RiceCrossYear\test\brown_spot\2026_brown_spot_brown spot_1776.jpg,0.913851,0.913851,brown_spot,True
brown_spot,True,data\RiceCrossYear\test\brown_spot\2026_brown_spot_brown spot_840.jpg,0.913708,0.913708,brown_spot,True
brown_spot,True,data\RiceCrossYear\test\brown_spot\2026_brown_spot_brown spot_295.jpg,0.913634,0.913634,brown_spot,True
brown_spot,True,data\RiceCrossYear\test\brown_spot\2026_brown_spot_brown spot_153.jpg,0.913607,0.913607,brown_spot,True
brown_spot,True,data\RiceCrossYear\test\brown_spot\2026_brown_spot_brown spot_688.jpg,0.91356,0.91356,brown_spot,True
brown_spot,True,data\RiceCrossYear\test\brown_spot\2026_brown_spot_brown spot_1703.jpg,0.913516,0.913516,brown_spot,True
brown_spot,True,data\RiceCrossYear\test\brown_spot\2026_brown_spot_brown spot_108.jpg,0.913224,0.913224,brown_spot,True
brown_spot,True,data\RiceCrossYear\test\brown_spot\2026_brown_spot_brown spot_175.jpg,0.913147,0.913147,brown_spot,True
brown_spot,True,data\RiceCrossYear\test\brown_spot\2026_brown_spot_brown spot_687.jpg,0.913125,0.913125,brown_spot,True
brown_spot,True,data\RiceCrossYear\test\brown_spot\2026_brown_spot_brown spot_272.jpg,0.913075,0.913075,brown_spot,True
brown_spot,True,data\RiceCrossYear\test\brown_spot\2026_brown_spot_brown spot_2094.jpg,0.912772,0.912772,brown_spot,True
brown_spot,True,data\RiceCrossYear\test\brown_spot\2026_brown_spot_brown spot_916.jpg,0.912495,0.912495,brown_spot,True
brown_spot,True,data\RiceCrossYear\test\brown_spot\2026_brown_spot_brown spot_361.jpg,0.911753,0.911753,brown_spot,True
brown_spot,True,data\RiceCrossYear\test\brown_spot\2026_brown_spot_brown spot_555.jpg,0.911549,0.911549,brown_spot,True
brown_spot,True,data\RiceCrossYear\test\brown_spot\2026_brown_spot_brown spot_1075.jpg,0.911398,0.911398,brown_spot,True
brown_spot,True,data\RiceCrossYear\test\brown_spot\2026_brown_spot_brown spot_820.jpg,0.911315,0.911315,brown_spot,True
brown_spot,True,data\RiceCrossYear\test\brown_spot\2026_brown_spot_brown spot_1821.jpg,0.911113,0.911113,brown_spot,True
brown_spot,True,data\RiceCrossYear\test\brown_spot\2026_brown_spot_brown spot_1069.jpg,0.910934,0.910934,brown_spot,True
brown_spot,True,data\RiceCrossYear\test\brown_spot\2026_brown_spot_brown spot_100.jpg,0.910805,0.910805,brown_spot,True
brown_spot,True,data\RiceCrossYear\test\brown_spot\2026_brown_spot_brown spot_734.jpg,0.910762,0.910762,brown_spot,True
brown_spot,True,data\RiceCrossYear\test\brown_spot\2026_brown_spot_brown spot_1738.jpg,0.910643,0.910643,brown_spot,True
brown_spot,True,data\RiceCrossYear\test\brown_spot\2026_brown_spot_brown spot_44.jpg,0.910533,0.910533,brown_spot,True
brown_spot,True,data\RiceCrossYear\test\brown_spot\2026_brown_spot_brown spot_236.jpg,0.910465,0.910465,brown_spot,True
brown_spot,True,data\RiceCrossYear\test\brown_spot\2026_brown_spot_brown spot_42.jpg,0.909709,0.909709,brown_spot,True
brown_spot,True,data\RiceCrossYear\test\brown_spot\2026_brown_spot_brown spot_387.jpg,0.909552,0.909552,brown_spot,True
brown_spot,True,data\RiceCrossYear\test\brown_spot\2026_brown_spot_brown spot_1974.jpg,0.909529,0.909529,brown_spot,True
brown_spot,True,data\RiceCrossYear\test\brown_spot\2026_brown_spot_brown spot_1390.jpg,0.909488,0.909488,brown_spot,True
brown_spot,True,data\RiceCrossYear\test\brown_spot\2026_brown_spot_brown spot_558.jpg,0.909476,0.909476,brown_spot,True
brown_spot,True,data\RiceCrossYear\test\brown_spot\2026_brown_spot_brown spot_1933.jpg,0.909398,0.909398,brown_spot,True
brown_spot,True,data\RiceCrossYear\test\brown_spot\2026_brown_spot_brown spot_567.jpg,0.909279,0.909279,brown_spot,True
brown_spot,True,data\RiceCrossYear\test\brown_spot\2026_brown_spot_brown spot_139.jpg,0.908941,0.908941,brown_spot,True
brown_spot,True,data\RiceCrossYear\test\brown_spot\2026_brown_spot_brown spot_1270.jpg,0.908814,0.908814,brown_spot,True
brown_spot,True,data\RiceCrossYear\test\brown_spot\2026_brown_spot_brown spot_1354.jpg,0.908744,0.908744,brown_spot,True
brown_spot,True,data\RiceCrossYear\test\brown_spot\2026_brown_spot_brown spot_1773.jpg,0.908714,0.908714,brown_spot,True
brown_spot,True,data\RiceCrossYear\test\brown_spot\2026_brown_spot_brown spot_1329.jpg,0.908611,0.908611,brown_spot,True
brown_spot,True,data\RiceCrossYear\test\brown_spot\2026_brown_spot_brown spot_82.jpg,0.908382,0.908382,brown_spot,True
brown_spot,True,data\RiceCrossYear\test\brown_spot\2026_brown_spot_brown spot_801.jpg,0.908248,0.908248,brown_spot,True
brown_spot,True,data\RiceCrossYear\test\brown_spot\2026_brown_spot_brown spot_2004.jpg,0.908187,0.908187,brown_spot,True
brown_spot,True,data\RiceCrossYear\test\brown_spot\2026_brown_spot_brown spot_788.jpg,0.907813,0.907813,brown_spot,True
brown_spot,True,data\RiceCrossYear\test\brown_spot\2026_brown_spot_brown spot_206.jpg,0.907812,0.907812,brown_spot,True
brown_spot,True,data\RiceCrossYear\test\brown_spot\2026_brown_spot_brown spot_1324.jpg,0.90776,0.90776,brown_spot,True
brown_spot,True,data\RiceCrossYear\test\brown_spot\2026_brown_spot_brown spot_1134.jpg,0.907329,0.907329,brown_spot,True
brown_spot,True,data\RiceCrossYear\test\brown_spot\2026_brown_spot_brown spot_1109.jpg,0.907055,0.907055,brown_spot,True
brown_spot,True,data\RiceCrossYear\test\brown_spot\2026_brown_spot_brown spot_629.jpg,0.90702,0.90702,brown_spot,True
brown_spot,True,data\RiceCrossYear\test\brown_spot\2026_brown_spot_brown spot_559.jpg,0.906932,0.906932,brown_spot,True
brown_spot,True,data\RiceCrossYear\test\brown_spot\2026_brown_spot_brown spot_338.jpg,0.906523,0.906523,brown_spot,True
brown_spot,True,data\RiceCrossYear\test\brown_spot\2026_brown_spot_brown spot_675.jpg,0.906157,0.906157,brown_spot,True
brown_spot,True,data\RiceCrossYear\test\brown_spot\2026_brown_spot_brown spot_294.jpg,0.906072,0.906072,brown_spot,True
brown_spot,True,data\RiceCrossYear\test\brown_spot\2026_brown_spot_brown spot_168.jpg,0.906055,0.906055,brown_spot,True
brown_spot,True,data\RiceCrossYear\test\brown_spot\2026_brown_spot_brown spot_202.jpg,0.90595,0.90595,brown_spot,True
brown_spot,True,data\RiceCrossYear\test\brown_spot\2026_brown_spot_brown spot_1487.jpg,0.905828,0.905828,brown_spot,True
brown_spot,True,data\RiceCrossYear\test\brown_spot\2026_brown_spot_brown spot_173.jpg,0.905741,0.905741,brown_spot,True
brown_spot,True,data\RiceCrossYear\test\brown_spot\2026_brown_spot_brown spot_45.jpg,0.905653,0.905653,brown_spot,True
brown_spot,True,data\RiceCrossYear\test\brown_spot\2026_brown_spot_brown spot_1900.jpg,0.905599,0.905599,brown_spot,True
brown_spot,True,data\RiceCrossYear\test\brown_spot\2026_brown_spot_brown spot_922.jpg,0.905146,0.905146,brown_spot,True
brown_spot,True,data\RiceCrossYear\test\brown_spot\2026_brown_spot_brown spot_480.jpg,0.905019,0.905019,brown_spot,True
brown_spot,True,data\RiceCrossYear\test\brown_spot\2026_brown_spot_brown spot_1158.jpg,0.904727,0.904727,brown_spot,True
brown_spot,True,data\RiceCrossYear\test\brown_spot\2026_brown_spot_brown spot_1835.jpg,0.90444,0.90444,brown_spot,True
brown_spot,True,data\RiceCrossYear\test\brown_spot\2026_brown_spot_brown spot_437.jpg,0.904393,0.904393,brown_spot,True
brown_spot,True,data\RiceCrossYear\test\brown_spot\2026_brown_spot_brown spot_1140.jpg,0.90413,0.90413,brown_spot,True
brown_spot,True,data\RiceCrossYear\test\brown_spot\2026_brown_spot_brown spot_77.jpg,0.90408,0.90408,brown_spot,True
brown_spot,True,data\RiceCrossYear\test\brown_spot\2026_brown_spot_brown spot_1112.jpg,0.903832,0.903832,brown_spot,True
brown_spot,True,data\RiceCrossYear\test\brown_spot\2026_brown_spot_brown spot_535.jpg,0.903621,0.903621,brown_spot,True
brown_spot,True,data\RiceCrossYear\test\brown_spot\2026_brown_spot_brown spot_647.jpg,0.903208,0.903208,brown_spot,True
brown_spot,True,data\RiceCrossYear\test\brown_spot\2026_brown_spot_brown spot_940.jpg,0.903189,0.903189,brown_spot,True
brown_spot,True,data\RiceCrossYear\test\brown_spot\2026_brown_spot_brown spot_486.jpg,0.902968,0.902968,brown_spot,True
brown_spot,True,data\RiceCrossYear\test\brown_spot\2026_brown_spot_brown spot_1388.jpg,0.902954,0.902954,brown_spot,True
brown_spot,True,data\RiceCrossYear\test\brown_spot\2026_brown_spot_brown spot_1049.jpg,0.902873,0.902873,brown_spot,True
brown_spot,True,data\RiceCrossYear\test\brown_spot\2026_brown_spot_brown spot_1016.jpg,0.902807,0.902807,brown_spot,True
brown_spot,True,data\RiceCrossYear\test\brown_spot\2026_brown_spot_brown spot_1957.jpg,0.902776,0.902776,brown_spot,True
brown_spot,True,data\RiceCrossYear\test\brown_spot\2026_brown_spot_brown spot_1512.jpg,0.902478,0.902478,brown_spot,True
brown_spot,True,data\RiceCrossYear\test\brown_spot\2026_brown_spot_brown spot_32.jpg,0.902244,0.902244,brown_spot,True
brown_spot,True,data\RiceCrossYear\test\brown_spot\2026_brown_spot_brown spot_946.jpg,0.90212,0.90212,brown_spot,True
brown_spot,True,data\RiceCrossYear\test\brown_spot\2026_brown_spot_brown spot_49.jpg,0.902099,0.902099,brown_spot,True
brown_spot,True,data\RiceCrossYear\test\brown_spot\2026_brown_spot_brown spot_380.jpg,0.902051,0.902051,brown_spot,True
brown_spot,True,data\RiceCrossYear\test\brown_spot\2026_brown_spot_brown spot_1333.jpg,0.901767,0.901767,brown_spot,True
brown_spot,True,data\RiceCrossYear\test\brown_spot\2026_brown_spot_brown spot_838.jpg,0.901649,0.901649,brown_spot,True
brown_spot,True,data\RiceCrossYear\test\brown_spot\2026_brown_spot_brown spot_1353.jpg,0.901442,0.901442,brown_spot,True
brown_spot,True,data\RiceCrossYear\test\brown_spot\2026_brown_spot_brown spot_1511.jpg,0.900622,0.900622,brown_spot,True
brown_spot,True,data\RiceCrossYear\test\brown_spot\2026_brown_spot_brown spot_886.jpg,0.900184,0.900184,brown_spot,True
brown_spot,True,data\RiceCrossYear\test\brown_spot\2026_brown_spot_brown spot_278.jpg,0.899862,0.899862,brown_spot,True
brown_spot,True,data\RiceCrossYear\test\brown_spot\2026_brown_spot_brown spot_1048.jpg,0.899853,0.899853,brown_spot,True
brown_spot,True,data\RiceCrossYear\test\brown_spot\2026_brown_spot_brown spot_1381.jpg,0.899139,0.899139,brown_spot,True
brown_spot,True,data\RiceCrossYear\test\brown_spot\2026_brown_spot_brown spot_138.jpg,0.899036,0.899036,brown_spot,True
brown_spot,True,data\RiceCrossYear\test\brown_spot\2026_brown_spot_brown spot_282.jpg,0.898957,0.898957,brown_spot,True
brown_spot,True,data\RiceCrossYear\test\brown_spot\2026_brown_spot_brown spot_1846.jpg,0.898859,0.898859,brown_spot,True
brown_spot,True,data\RiceCrossYear\test\brown_spot\2026_brown_spot_brown spot_2099.jpg,0.898855,0.898855,brown_spot,True
brown_spot,True,data\RiceCrossYear\test\brown_spot\2026_brown_spot_brown spot_1106.jpg,0.898548,0.898548,brown_spot,True
brown_spot,True,data\RiceCrossYear\test\brown_spot\2026_brown_spot_brown spot_488.jpg,0.898498,0.898498,brown_spot,True
brown_spot,True,data\RiceCrossYear\test\brown_spot\2026_brown_spot_brown spot_239.jpg,0.897022,0.897022,brown_spot,True
brown_spot,True,data\RiceCrossYear\test\brown_spot\2026_brown_spot_brown spot_485.jpg,0.896599,0.896599,brown_spot,True
brown_spot,True,data\RiceCrossYear\test\brown_spot\2026_brown_spot_brown spot_1641.jpg,0.896552,0.896552,brown_spot,True
brown_spot,True,data\RiceCrossYear\test\brown_spot\2026_brown_spot_brown spot_1051.jpg,0.896138,0.896138,brown_spot,True
brown_spot,True,data\RiceCrossYear\test\brown_spot\2026_brown_spot_brown spot_631.jpg,0.89591,0.89591,brown_spot,True
brown_spot,True,data\RiceCrossYear\test\brown_spot\2026_brown_spot_brown spot_150.jpg,0.895503,0.895503,brown_spot,True
brown_spot,True,data\RiceCrossYear\test\brown_spot\2026_brown_spot_brown spot_930.jpg,0.895134,0.895134,brown_spot,True
brown_spot,True,data\RiceCrossYear\test\brown_spot\2026_brown_spot_brown spot_1510.jpg,0.895028,0.895028,brown_spot,True
brown_spot,True,data\RiceCrossYear\test\brown_spot\2026_brown_spot_brown spot_1470.jpg,0.894776,0.894776,brown_spot,True
brown_spot,True,data\RiceCrossYear\test\brown_spot\2026_brown_spot_brown spot_1847.jpg,0.894477,0.894477,brown_spot,True
brown_spot,True,data\RiceCrossYear\test\brown_spot\2026_brown_spot_brown spot_649.jpg,0.893779,0.893779,brown_spot,True
brown_spot,True,data\RiceCrossYear\test\brown_spot\2026_brown_spot_brown spot_783.jpg,0.893495,0.893495,brown_spot,True
brown_spot,True,data\RiceCrossYear\test\brown_spot\2026_brown_spot_brown spot_1543.jpg,0.893301,0.893301,brown_spot,True
brown_spot,True,data\RiceCrossYear\test\brown_spot\2026_brown_spot_brown spot_426.jpg,0.892845,0.892845,brown_spot,True
brown_spot,True,data\RiceCrossYear\test\brown_spot\2026_brown_spot_brown spot_1497.jpg,0.892348,0.892348,brown_spot,True
brown_spot,True,data\RiceCrossYear\test\brown_spot\2026_brown_spot_brown spot_885.jpg,0.891991,0.891991,brown_spot,True
brown_spot,True,data\RiceCrossYear\test\brown_spot\2026_brown_spot_brown spot_659.jpg,0.891926,0.891926,brown_spot,True
brown_spot,True,data\RiceCrossYear\test\brown_spot\2026_brown_spot_brown spot_1812.jpg,0.891894,0.891894,brown_spot,True
brown_spot,True,data\RiceCrossYear\test\brown_spot\2026_brown_spot_brown spot_1544.jpg,0.891794,0.891794,brown_spot,True
brown_spot,True,data\RiceCrossYear\test\brown_spot\2026_brown_spot_brown spot_188.jpg,0.891745,0.891745,brown_spot,True
brown_spot,True,data\RiceCrossYear\test\brown_spot\2026_brown_spot_brown spot_1423.jpg,0.89171,0.027674,rice_tungro,False
brown_spot,True,data\RiceCrossYear\test\brown_spot\2026_brown_spot_brown spot_14.jpg,0.89122,0.89122,brown_spot,True
brown_spot,True,data\RiceCrossYear\test\brown_spot\2026_brown_spot_brown spot_1102.jpg,0.890937,0.890937,brown_spot,True
brown_spot,True,data\RiceCrossYear\test\brown_spot\2026_brown_spot_brown spot_1813.jpg,0.890874,0.890874,brown_spot,True
brown_spot,True,data\RiceCrossYear\test\brown_spot\2026_brown_spot_brown spot_1871.jpg,0.890342,0.890342,brown_spot,True
brown_spot,True,data\RiceCrossYear\test\brown_spot\2026_brown_spot_brown spot_584.jpg,0.890327,0.890327,brown_spot,True
brown_spot,True,data\RiceCrossYear\test\brown_spot\2026_brown_spot_brown spot_1486.jpg,0.890243,0.890243,brown_spot,True
brown_spot,True,data\RiceCrossYear\test\brown_spot\2026_brown_spot_brown spot_457.jpg,0.889996,0.889996,brown_spot,True
brown_spot,True,data\RiceCrossYear\test\brown_spot\2026_brown_spot_brown spot_262.jpg,0.889886,0.889886,brown_spot,True
brown_spot,True,data\RiceCrossYear\test\brown_spot\2026_brown_spot_brown spot_339.jpg,0.889315,0.889315,brown_spot,True
brown_spot,True,data\RiceCrossYear\test\brown_spot\2026_brown_spot_brown spot_945.jpg,0.889039,0.889039,brown_spot,True
brown_spot,True,data\RiceCrossYear\test\brown_spot\2026_brown_spot_brown spot_842.jpg,0.888841,0.888841,brown_spot,True
brown_spot,True,data\RiceCrossYear\test\brown_spot\2026_brown_spot_brown spot_1071.jpg,0.888809,0.888809,brown_spot,True
brown_spot,True,data\RiceCrossYear\test\brown_spot\2026_brown_spot_brown spot_732.jpg,0.888292,0.888292,brown_spot,True
brown_spot,True,data\RiceCrossYear\test\brown_spot\2026_brown_spot_brown spot_539.jpg,0.887384,0.887384,brown_spot,True
brown_spot,True,data\RiceCrossYear\test\brown_spot\2026_brown_spot_brown spot_1387.jpg,0.886739,0.886739,brown_spot,True
brown_spot,True,data\RiceCrossYear\test\brown_spot\2026_brown_spot_brown spot_1422.jpg,0.886563,0.030545,rice_tungro,False
brown_spot,True,data\RiceCrossYear\test\brown_spot\2026_brown_spot_brown spot_884.jpg,0.885953,0.885953,brown_spot,True
brown_spot,True,data\RiceCrossYear\test\brown_spot\2026_brown_spot_brown spot_924.jpg,0.885303,0.885303,brown_spot,True
brown_spot,True,data\RiceCrossYear\test\brown_spot\2026_brown_spot_brown spot_527.jpg,0.884599,0.884599,brown_spot,True
brown_spot,True,data\RiceCrossYear\test\brown_spot\2026_brown_spot_brown spot_1838.jpg,0.88446,0.88446,brown_spot,True
brown_spot,True,data\RiceCrossYear\test\brown_spot\2026_brown_spot_brown spot_1875.jpg,0.884193,0.884193,brown_spot,True
brown_spot,True,data\RiceCrossYear\test\brown_spot\2026_brown_spot_brown spot_1476.jpg,0.884097,0.884097,brown_spot,True
brown_spot,True,data\RiceCrossYear\test\brown_spot\2026_brown_spot_brown spot_1828.jpg,0.88406,0.88406,brown_spot,True
brown_spot,True,data\RiceCrossYear\test\brown_spot\2026_brown_spot_brown spot_93.jpg,0.883973,0.883973,brown_spot,True
brown_spot,True,data\RiceCrossYear\test\brown_spot\2026_brown_spot_brown spot_575.jpg,0.883685,0.883685,brown_spot,True
brown_spot,True,data\RiceCrossYear\test\brown_spot\2026_brown_spot_brown spot_1169.jpg,0.883619,0.883619,brown_spot,True
brown_spot,True,data\RiceCrossYear\test\brown_spot\2026_brown_spot_brown spot_1171.jpg,0.883526,0.883526,brown_spot,True
brown_spot,True,data\RiceCrossYear\test\brown_spot\2026_brown_spot_brown spot_1424.jpg,0.883509,0.040464,rice_tungro,False
brown_spot,True,data\RiceCrossYear\test\brown_spot\2026_brown_spot_brown spot_292.jpg,0.883313,0.883313,brown_spot,True
brown_spot,True,data\RiceCrossYear\test\brown_spot\2026_brown_spot_brown spot_715.jpg,0.882189,0.882189,brown_spot,True
brown_spot,True,data\RiceCrossYear\test\brown_spot\2026_brown_spot_brown spot_197.jpg,0.881526,0.881526,brown_spot,True
brown_spot,True,data\RiceCrossYear\test\brown_spot\2026_brown_spot_brown spot_1056.jpg,0.881407,0.881407,brown_spot,True
brown_spot,True,data\RiceCrossYear\test\brown_spot\2026_brown_spot_brown spot_1123.jpg,0.881395,0.881395,brown_spot,True
brown_spot,True,data\RiceCrossYear\test\brown_spot\2026_brown_spot_brown spot_1004.jpg,0.881383,0.881383,brown_spot,True
brown_spot,True,data\RiceCrossYear\test\brown_spot\2026_brown_spot_brown spot_325.jpg,0.881379,0.881379,brown_spot,True
brown_spot,True,data\RiceCrossYear\test\brown_spot\2026_brown_spot_brown spot_68.jpg,0.88127,0.88127,brown_spot,True
brown_spot,True,data\RiceCrossYear\test\brown_spot\2026_brown_spot_brown spot_1825.jpg,0.881247,0.881247,brown_spot,True
brown_spot,True,data\RiceCrossYear\test\brown_spot\2026_brown_spot_brown spot_879.jpg,0.881175,0.881175,brown_spot,True
brown_spot,True,data\RiceCrossYear\test\brown_spot\2026_brown_spot_brown spot_279.jpg,0.880965,0.880965,brown_spot,True
brown_spot,True,data\RiceCrossYear\test\brown_spot\2026_brown_spot_brown spot_935.jpg,0.880676,0.880676,brown_spot,True
brown_spot,True,data\RiceCrossYear\test\brown_spot\2026_brown_spot_brown spot_383.jpg,0.880139,0.880139,brown_spot,True
brown_spot,True,data\RiceCrossYear\test\brown_spot\2026_brown_spot_brown spot_1170.jpg,0.879892,0.879892,brown_spot,True
brown_spot,True,data\RiceCrossYear\test\brown_spot\2026_brown_spot_brown spot_130.jpg,0.879818,0.879818,brown_spot,True
brown_spot,True,data\RiceCrossYear\test\brown_spot\2026_brown_spot_brown spot_808.jpg,0.879753,0.879753,brown_spot,True
brown_spot,True,data\RiceCrossYear\test\brown_spot\2026_brown_spot_brown spot_905.jpg,0.879497,0.879497,brown_spot,True
brown_spot,True,data\RiceCrossYear\test\brown_spot\2026_brown_spot_brown spot_340.jpg,0.879378,0.879378,brown_spot,True
brown_spot,True,data\RiceCrossYear\test\brown_spot\2026_brown_spot_brown spot_1478.jpg,0.878978,0.878978,brown_spot,True
brown_spot,True,data\RiceCrossYear\test\brown_spot\2026_brown_spot_brown spot_1195.jpg,0.877822,0.877822,brown_spot,True
brown_spot,True,data\RiceCrossYear\test\brown_spot\2026_brown_spot_brown spot_1221.jpg,0.877606,0.877606,brown_spot,True
brown_spot,True,data\RiceCrossYear\test\brown_spot\2026_brown_spot_brown spot_972.jpg,0.877112,0.877112,brown_spot,True
brown_spot,True,data\RiceCrossYear\test\brown_spot\2026_brown_spot_brown spot_517.jpg,0.876904,0.876904,brown_spot,True
brown_spot,True,data\RiceCrossYear\test\brown_spot\2026_brown_spot_brown spot_765.jpg,0.876873,0.876873,brown_spot,True
brown_spot,True,data\RiceCrossYear\test\brown_spot\2026_brown_spot_brown spot_767.jpg,0.876368,0.876368,brown_spot,True
brown_spot,True,data\RiceCrossYear\test\brown_spot\2026_brown_spot_brown spot_962.jpg,0.876113,0.06,rice_blast,False
brown_spot,True,data\RiceCrossYear\test\brown_spot\2026_brown_spot_brown spot_1783.jpg,0.875556,0.875556,brown_spot,True
brown_spot,True,data\RiceCrossYear\test\brown_spot\2026_brown_spot_brown spot_311.jpg,0.875082,0.875082,brown_spot,True
brown_spot,True,data\RiceCrossYear\test\brown_spot\2026_brown_spot_brown spot_1103.jpg,0.875037,0.875037,brown_spot,True
brown_spot,True,data\RiceCrossYear\test\brown_spot\2026_brown_spot_brown spot_526.jpg,0.874374,0.874374,brown_spot,True
brown_spot,True,data\RiceCrossYear\test\brown_spot\2026_brown_spot_brown spot_565.jpg,0.874145,0.874145,brown_spot,True
brown_spot,True,data\RiceCrossYear\test\brown_spot\2026_brown_spot_brown spot_1820.jpg,0.873868,0.873868,brown_spot,True
brown_spot,True,data\RiceCrossYear\test\brown_spot\2026_brown_spot_brown spot_330.jpg,0.872849,0.872849,brown_spot,True
brown_spot,True,data\RiceCrossYear\test\brown_spot\2026_brown_spot_brown spot_550.jpg,0.872816,0.872816,brown_spot,True
brown_spot,True,data\RiceCrossYear\test\brown_spot\2026_brown_spot_brown spot_1929.jpg,0.872794,0.872794,brown_spot,True
brown_spot,True,data\RiceCrossYear\test\brown_spot\2026_brown_spot_brown spot_268.jpg,0.872417,0.872417,brown_spot,True
brown_spot,True,data\RiceCrossYear\test\brown_spot\2026_brown_spot_brown spot_160.jpg,0.871862,0.871862,brown_spot,True
brown_spot,True,data\RiceCrossYear\test\brown_spot\2026_brown_spot_brown spot_393.jpg,0.871757,0.871757,brown_spot,True
brown_spot,True,data\RiceCrossYear\test\brown_spot\2026_brown_spot_brown spot_1503.jpg,0.871664,0.871664,brown_spot,True
brown_spot,True,data\RiceCrossYear\test\brown_spot\2026_brown_spot_brown spot_1392.jpg,0.871455,0.871455,brown_spot,True
brown_spot,True,data\RiceCrossYear\test\brown_spot\2026_brown_spot_brown spot_1508.jpg,0.871293,0.871293,brown_spot,True
brown_spot,True,data\RiceCrossYear\test\brown_spot\2026_brown_spot_brown spot_861.jpg,0.871125,0.871125,brown_spot,True
brown_spot,True,data\RiceCrossYear\test\brown_spot\2026_brown_spot_brown spot_107.jpg,0.870883,0.870883,brown_spot,True
brown_spot,True,data\RiceCrossYear\test\brown_spot\2026_brown_spot_brown spot_242.jpg,0.869846,0.869846,brown_spot,True
brown_spot,True,data\RiceCrossYear\test\brown_spot\2026_brown_spot_brown spot_574.jpg,0.869351,0.869351,brown_spot,True
brown_spot,True,data\RiceCrossYear\test\brown_spot\2026_brown_spot_brown spot_396.jpg,0.868602,0.868602,brown_spot,True
brown_spot,True,data\RiceCrossYear\test\brown_spot\2026_brown_spot_brown spot_427.jpg,0.867977,0.867977,brown_spot,True
brown_spot,True,data\RiceCrossYear\test\brown_spot\2026_brown_spot_brown spot_203.jpg,0.867928,0.867928,brown_spot,True
brown_spot,True,data\RiceCrossYear\test\brown_spot\2026_brown_spot_brown spot_344.jpg,0.86747,0.86747,brown_spot,True
brown_spot,True,data\RiceCrossYear\test\brown_spot\2026_brown_spot_brown spot_185.jpg,0.86705,0.86705,brown_spot,True
brown_spot,True,data\RiceCrossYear\test\brown_spot\2026_brown_spot_brown spot_1779.jpg,0.86666,0.86666,brown_spot,True
brown_spot,True,data\RiceCrossYear\test\brown_spot\2026_brown_spot_brown spot_18.jpg,0.865939,0.865939,brown_spot,True
brown_spot,True,data\RiceCrossYear\test\brown_spot\2026_brown_spot_brown spot_865.jpg,0.865623,0.865623,brown_spot,True
brown_spot,True,data\RiceCrossYear\test\brown_spot\2026_brown_spot_brown spot_445.jpg,0.865376,0.865376,brown_spot,True
brown_spot,True,data\RiceCrossYear\test\brown_spot\2026_brown_spot_brown spot_1050.jpg,0.865161,0.865161,brown_spot,True
brown_spot,True,data\RiceCrossYear\test\brown_spot\2026_brown_spot_brown spot_1724.jpg,0.865137,0.865137,brown_spot,True
brown_spot,True,data\RiceCrossYear\test\brown_spot\2026_brown_spot_brown spot_1563.jpg,0.864999,0.864999,brown_spot,True
brown_spot,True,data\RiceCrossYear\test\brown_spot\2026_brown_spot_brown spot_608.jpg,0.864682,0.024031,healthy,False
brown_spot,True,data\RiceCrossYear\test\brown_spot\2026_brown_spot_brown spot_184.jpg,0.864624,0.864624,brown_spot,True
brown_spot,True,data\RiceCrossYear\test\brown_spot\2026_brown_spot_brown spot_1375.jpg,0.864293,0.864293,brown_spot,True
brown_spot,True,data\RiceCrossYear\test\brown_spot\2026_brown_spot_brown spot_25.jpg,0.864081,0.864081,brown_spot,True
brown_spot,True,data\RiceCrossYear\test\brown_spot\2026_brown_spot_brown spot_421.jpg,0.863665,0.863665,brown_spot,True
brown_spot,True,data\RiceCrossYear\test\brown_spot\2026_brown_spot_brown spot_1809.jpg,0.863629,0.863629,brown_spot,True
brown_spot,True,data\RiceCrossYear\test\brown_spot\2026_brown_spot_brown spot_626.jpg,0.863621,0.863621,brown_spot,True
brown_spot,True,data\RiceCrossYear\test\brown_spot\2026_brown_spot_brown spot_505.jpg,0.863552,0.863552,brown_spot,True
brown_spot,True,data\RiceCrossYear\test\brown_spot\2026_brown_spot_brown spot_414.jpg,0.862709,0.862709,brown_spot,True
brown_spot,True,data\RiceCrossYear\test\brown_spot\2026_brown_spot_brown spot_899.jpg,0.862102,0.862102,brown_spot,True
brown_spot,True,data\RiceCrossYear\test\brown_spot\2026_brown_spot_brown spot_1525.jpg,0.861781,0.861781,brown_spot,True
brown_spot,True,data\RiceCrossYear\test\brown_spot\2026_brown_spot_brown spot_1167.jpg,0.861275,0.861275,brown_spot,True
brown_spot,True,data\RiceCrossYear\test\brown_spot\2026_brown_spot_brown spot_2012.jpg,0.860987,0.860987,brown_spot,True
brown_spot,True,data\RiceCrossYear\test\brown_spot\2026_brown_spot_brown spot_271.jpg,0.860953,0.860953,brown_spot,True
brown_spot,True,data\RiceCrossYear\test\brown_spot\2026_brown_spot_brown spot_418.jpg,0.860715,0.860715,brown_spot,True
brown_spot,True,data\RiceCrossYear\test\brown_spot\2026_brown_spot_brown spot_864.jpg,0.860236,0.860236,brown_spot,True
brown_spot,True,data\RiceCrossYear\test\brown_spot\2026_brown_spot_brown spot_830.jpg,0.860195,0.860195,brown_spot,True
brown_spot,True,data\RiceCrossYear\test\brown_spot\2026_brown_spot_brown spot_2096.jpg,0.86014,0.86014,brown_spot,True
brown_spot,True,data\RiceCrossYear\test\brown_spot\2026_brown_spot_brown spot_433.jpg,0.860134,0.860134,brown_spot,True
brown_spot,True,data\RiceCrossYear\test\brown_spot\2026_brown_spot_brown spot_837.jpg,0.859896,0.859896,brown_spot,True
brown_spot,True,data\RiceCrossYear\test\brown_spot\2026_brown_spot_brown spot_1829.jpg,0.859892,0.859892,brown_spot,True
brown_spot,True,data\RiceCrossYear\test\brown_spot\2026_brown_spot_brown spot_1814.jpg,0.859842,0.859842,brown_spot,True
brown_spot,True,data\RiceCrossYear\test\brown_spot\2026_brown_spot_brown spot_1800.jpg,0.859698,0.052034,rice_tungro,False
brown_spot,True,data\RiceCrossYear\test\brown_spot\2026_brown_spot_brown spot_1412.jpg,0.85947,0.043486,rice_tungro,False
brown_spot,True,data\RiceCrossYear\test\brown_spot\2026_brown_spot_brown spot_214.jpg,0.859389,0.859389,brown_spot,True
brown_spot,True,data\RiceCrossYear\test\brown_spot\2026_brown_spot_brown spot_2036.jpg,0.859356,0.859356,brown_spot,True
brown_spot,True,data\RiceCrossYear\test\brown_spot\2026_brown_spot_brown spot_762.jpg,0.858978,0.858978,brown_spot,True
brown_spot,True,data\RiceCrossYear\test\brown_spot\2026_brown_spot_brown spot_350.jpg,0.858899,0.858899,brown_spot,True
brown_spot,True,data\RiceCrossYear\test\brown_spot\2026_brown_spot_brown spot_191.jpg,0.858822,0.858822,brown_spot,True
brown_spot,True,data\RiceCrossYear\test\brown_spot\2026_brown_spot_brown spot_276.jpg,0.85803,0.85803,brown_spot,True
brown_spot,True,data\RiceCrossYear\test\brown_spot\2026_brown_spot_brown spot_1901.jpg,0.858,0.858,brown_spot,True
brown_spot,True,data\RiceCrossYear\test\brown_spot\2026_brown_spot_brown spot_909.jpg,0.857932,0.857932,brown_spot,True
brown_spot,True,data\RiceCrossYear\test\brown_spot\2026_brown_spot_brown spot_570.jpg,0.857576,0.857576,brown_spot,True
brown_spot,True,data\RiceCrossYear\test\brown_spot\2026_brown_spot_brown spot_247.jpg,0.857359,0.857359,brown_spot,True
brown_spot,True,data\RiceCrossYear\test\brown_spot\2026_brown_spot_brown spot_1966.jpg,0.857203,0.857203,brown_spot,True
brown_spot,True,data\RiceCrossYear\test\brown_spot\2026_brown_spot_brown spot_1043.jpg,0.857113,0.857113,brown_spot,True
brown_spot,True,data\RiceCrossYear\test\brown_spot\2026_brown_spot_brown spot_519.jpg,0.856985,0.856985,brown_spot,True
brown_spot,True,data\RiceCrossYear\test\brown_spot\2026_brown_spot_brown spot_928.jpg,0.856786,0.856786,brown_spot,True
brown_spot,True,data\RiceCrossYear\test\brown_spot\2026_brown_spot_brown spot_332.jpg,0.85666,0.03825,rice_tungro,False
brown_spot,True,data\RiceCrossYear\test\brown_spot\2026_brown_spot_brown spot_530.jpg,0.855382,0.855382,brown_spot,True
brown_spot,True,data\RiceCrossYear\test\brown_spot\2026_brown_spot_brown spot_1751.jpg,0.855316,0.855316,brown_spot,True
brown_spot,True,data\RiceCrossYear\test\brown_spot\2026_brown_spot_brown spot_118.jpg,0.855284,0.855284,brown_spot,True
brown_spot,True,data\RiceCrossYear\test\brown_spot\2026_brown_spot_brown spot_1704.jpg,0.854337,0.854337,brown_spot,True
brown_spot,True,data\RiceCrossYear\test\brown_spot\2026_brown_spot_brown spot_484.jpg,0.854102,0.854102,brown_spot,True
brown_spot,True,data\RiceCrossYear\test\brown_spot\2026_brown_spot_brown spot_2085.jpg,0.853843,0.853843,brown_spot,True
brown_spot,True,data\RiceCrossYear\test\brown_spot\2026_brown_spot_brown spot_309.jpg,0.853751,0.853751,brown_spot,True
brown_spot,True,data\RiceCrossYear\test\brown_spot\2026_brown_spot_brown spot_1355.jpg,0.853464,0.853464,brown_spot,True
brown_spot,True,data\RiceCrossYear\test\brown_spot\2026_brown_spot_brown spot_1188.jpg,0.853064,0.853064,brown_spot,True
brown_spot,True,data\RiceCrossYear\test\brown_spot\2026_brown_spot_brown spot_1241.jpg,0.852747,0.852747,brown_spot,True
brown_spot,True,data\RiceCrossYear\test\brown_spot\2026_brown_spot_brown spot_334.jpg,0.852693,0.852693,brown_spot,True
brown_spot,True,data\RiceCrossYear\test\brown_spot\2026_brown_spot_brown spot_267.jpg,0.852384,0.852384,brown_spot,True
brown_spot,True,data\RiceCrossYear\test\brown_spot\2026_brown_spot_brown spot_602.jpg,0.852361,0.092407,rice_tungro,False
brown_spot,True,data\RiceCrossYear\test\brown_spot\2026_brown_spot_brown spot_1766.jpg,0.852165,0.059337,rice_tungro,False
brown_spot,True,data\RiceCrossYear\test\brown_spot\2026_brown_spot_brown spot_1830.jpg,0.851965,0.851965,brown_spot,True
brown_spot,True,data\RiceCrossYear\test\brown_spot\2026_brown_spot_brown spot_810.jpg,0.851837,0.851837,brown_spot,True
brown_spot,True,data\RiceCrossYear\test\brown_spot\2026_brown_spot_brown spot_1647.jpg,0.851693,0.851693,brown_spot,True
brown_spot,True,data\RiceCrossYear\test\brown_spot\2026_brown_spot_brown spot_601.jpg,0.851394,0.851394,brown_spot,True
brown_spot,True,data\RiceCrossYear\test\brown_spot\2026_brown_spot_brown spot_322.jpg,0.85118,0.85118,brown_spot,True
brown_spot,True,data\RiceCrossYear\test\brown_spot\2026_brown_spot_brown spot_654.jpg,0.850864,0.850864,brown_spot,True
brown_spot,True,data\RiceCrossYear\test\brown_spot\2026_brown_spot_brown spot_625.jpg,0.850681,0.850681,brown_spot,True
brown_spot,True,data\RiceCrossYear\test\brown_spot\2026_brown_spot_brown spot_231.jpg,0.848893,0.848893,brown_spot,True
brown_spot,True,data\RiceCrossYear\test\brown_spot\2026_brown_spot_brown spot_2035.jpg,0.847472,0.847472,brown_spot,True
brown_spot,True,data\RiceCrossYear\test\brown_spot\2026_brown_spot_brown spot_1855.jpg,0.846558,0.846558,brown_spot,True
brown_spot,True,data\RiceCrossYear\test\brown_spot\2026_brown_spot_brown spot_91.jpg,0.846143,0.846143,brown_spot,True
brown_spot,True,data\RiceCrossYear\test\brown_spot\2026_brown_spot_brown spot_966.jpg,0.845244,0.058084,rice_blast,False
brown_spot,True,data\RiceCrossYear\test\brown_spot\2026_brown_spot_brown spot_577.jpg,0.84438,0.84438,brown_spot,True
brown_spot,True,data\RiceCrossYear\test\brown_spot\2026_brown_spot_brown spot_1001.jpg,0.842645,0.842645,brown_spot,True
brown_spot,True,data\RiceCrossYear\test\brown_spot\2026_brown_spot_brown spot_1639.jpg,0.842479,0.842479,brown_spot,True
brown_spot,True,data\RiceCrossYear\test\brown_spot\2026_brown_spot_brown spot_857.jpg,0.842393,0.842393,brown_spot,True
brown_spot,True,data\RiceCrossYear\test\brown_spot\2026_brown_spot_brown spot_217.jpg,0.842278,0.842278,brown_spot,True
brown_spot,True,data\RiceCrossYear\test\brown_spot\2026_brown_spot_brown spot_497.jpg,0.841259,0.841259,brown_spot,True
brown_spot,True,data\RiceCrossYear\test\brown_spot\2026_brown_spot_brown spot_1824.jpg,0.839826,0.839826,brown_spot,True
brown_spot,True,data\RiceCrossYear\test\brown_spot\2026_brown_spot_brown spot_263.jpg,0.83936,0.071644,rice_tungro,False
brown_spot,True,data\RiceCrossYear\test\brown_spot\2026_brown_spot_brown spot_914.jpg,0.838972,0.838972,brown_spot,True
brown_spot,True,data\RiceCrossYear\test\brown_spot\2026_brown_spot_brown spot_19.jpg,0.838727,0.838727,brown_spot,True
brown_spot,True,data\RiceCrossYear\test\brown_spot\2026_brown_spot_brown spot_1034.jpg,0.838453,0.838453,brown_spot,True
brown_spot,True,data\RiceCrossYear\test\brown_spot\2026_brown_spot_brown spot_373.jpg,0.837706,0.837706,brown_spot,True
brown_spot,True,data\RiceCrossYear\test\brown_spot\2026_brown_spot_brown spot_1658.jpg,0.837262,0.837262,brown_spot,True
brown_spot,True,data\RiceCrossYear\test\brown_spot\2026_brown_spot_brown spot_183.jpg,0.836806,0.836806,brown_spot,True
brown_spot,True,data\RiceCrossYear\test\brown_spot\2026_brown_spot_brown spot_1468.jpg,0.836645,0.836645,brown_spot,True
brown_spot,True,data\RiceCrossYear\test\brown_spot\2026_brown_spot_brown spot_772.jpg,0.834957,0.834957,brown_spot,True
brown_spot,True,data\RiceCrossYear\test\brown_spot\2026_brown_spot_brown spot_1599.jpg,0.83367,0.83367,brown_spot,True
brown_spot,True,data\RiceCrossYear\test\brown_spot\2026_brown_spot_brown spot_2010.jpg,0.833554,0.833554,brown_spot,True
brown_spot,True,data\RiceCrossYear\test\brown_spot\2026_brown_spot_brown spot_1035.jpg,0.833162,0.833162,brown_spot,True
brown_spot,True,data\RiceCrossYear\test\brown_spot\2026_brown_spot_brown spot_2008.jpg,0.832583,0.832583,brown_spot,True
brown_spot,True,data\RiceCrossYear\test\brown_spot\2026_brown_spot_brown spot_1288.jpg,0.832389,0.832389,brown_spot,True
brown_spot,True,data\RiceCrossYear\test\brown_spot\2026_brown_spot_brown spot_22.jpg,0.832203,0.059932,rice_tungro,False
brown_spot,True,data\RiceCrossYear\test\brown_spot\2026_brown_spot_brown spot_1481.jpg,0.830935,0.830935,brown_spot,True
brown_spot,True,data\RiceCrossYear\test\brown_spot\2026_brown_spot_brown spot_2067.jpg,0.830086,0.830086,brown_spot,True
brown_spot,True,data\RiceCrossYear\test\brown_spot\2026_brown_spot_brown spot_1737.jpg,0.828828,0.042285,rice_blast,False
brown_spot,True,data\RiceCrossYear\test\brown_spot\2026_brown_spot_brown spot_1420.jpg,0.827536,0.076411,rice_tungro,False
brown_spot,True,data\RiceCrossYear\test\brown_spot\2026_brown_spot_brown spot_1058.jpg,0.825563,0.825563,brown_spot,True
brown_spot,True,data\RiceCrossYear\test\brown_spot\2026_brown_spot_brown spot_779.jpg,0.824597,0.824597,brown_spot,True
brown_spot,True,data\RiceCrossYear\test\brown_spot\2026_brown_spot_brown spot_1307.jpg,0.82459,0.82459,brown_spot,True
brown_spot,True,data\RiceCrossYear\test\brown_spot\2026_brown_spot_brown spot_721.jpg,0.823728,0.823728,brown_spot,True
brown_spot,True,data\RiceCrossYear\test\brown_spot\2026_brown_spot_brown spot_900.jpg,0.823308,0.823308,brown_spot,True
brown_spot,True,data\RiceCrossYear\test\brown_spot\2026_brown_spot_brown spot_892.jpg,0.82206,0.82206,brown_spot,True
brown_spot,True,data\RiceCrossYear\test\brown_spot\2026_brown_spot_brown spot_1627.jpg,0.821635,0.821635,brown_spot,True
brown_spot,True,data\RiceCrossYear\test\brown_spot\2026_brown_spot_brown spot_1186.jpg,0.821392,0.821392,brown_spot,True
brown_spot,True,data\RiceCrossYear\test\brown_spot\2026_brown_spot_brown spot_640.jpg,0.820468,0.820468,brown_spot,True
brown_spot,True,data\RiceCrossYear\test\brown_spot\2026_brown_spot_brown spot_1498.jpg,0.82045,0.82045,brown_spot,True
brown_spot,True,data\RiceCrossYear\test\brown_spot\2026_brown_spot_brown spot_72.jpg,0.8197,0.8197,brown_spot,True
brown_spot,True,data\RiceCrossYear\test\brown_spot\2026_brown_spot_brown spot_725.jpg,0.818848,0.818848,brown_spot,True
brown_spot,True,data\RiceCrossYear\test\brown_spot\2026_brown_spot_brown spot_1630.jpg,0.818825,0.053744,rice_tungro,False
brown_spot,True,data\RiceCrossYear\test\brown_spot\2026_brown_spot_brown spot_1535.jpg,0.818701,0.818701,brown_spot,True
brown_spot,True,data\RiceCrossYear\test\brown_spot\2026_brown_spot_brown spot_1322.jpg,0.818117,0.818117,brown_spot,True
brown_spot,True,data\RiceCrossYear\test\brown_spot\2026_brown_spot_brown spot_1706.jpg,0.816944,0.816944,brown_spot,True
brown_spot,True,data\RiceCrossYear\test\brown_spot\2026_brown_spot_brown spot_1356.jpg,0.815209,0.815209,brown_spot,True
brown_spot,True,data\RiceCrossYear\test\brown_spot\2026_brown_spot_brown spot_170.jpg,0.815103,0.815103,brown_spot,True
brown_spot,True,data\RiceCrossYear\test\brown_spot\2026_brown_spot_brown spot_843.jpg,0.815091,0.815091,brown_spot,True
brown_spot,True,data\RiceCrossYear\test\brown_spot\2026_brown_spot_brown spot_2160.jpg,0.814737,0.814737,brown_spot,True
brown_spot,True,data\RiceCrossYear\test\brown_spot\2026_brown_spot_brown spot_2153.jpg,0.814736,0.072737,rice_tungro,False
brown_spot,True,data\RiceCrossYear\test\brown_spot\2026_brown_spot_brown spot_1810.jpg,0.814254,0.814254,brown_spot,True
brown_spot,True,data\RiceCrossYear\test\brown_spot\2026_brown_spot_brown spot_1025.jpg,0.813648,0.813648,brown_spot,True
brown_spot,True,data\RiceCrossYear\test\brown_spot\2026_brown_spot_brown spot_510.jpg,0.813603,0.122828,rice_tungro,False
brown_spot,True,data\RiceCrossYear\test\brown_spot\2026_brown_spot_brown spot_1881.jpg,0.813023,0.813023,brown_spot,True
brown_spot,True,data\RiceCrossYear\test\brown_spot\2026_brown_spot_brown spot_1524.jpg,0.812084,0.812084,brown_spot,True
brown_spot,True,data\RiceCrossYear\test\brown_spot\2026_brown_spot_brown spot_854.jpg,0.81154,0.074496,rice_tungro,False
brown_spot,True,data\RiceCrossYear\test\brown_spot\2026_brown_spot_brown spot_360.jpg,0.810034,0.810034,brown_spot,True
brown_spot,True,data\RiceCrossYear\test\brown_spot\2026_brown_spot_brown spot_1045.jpg,0.809819,0.809819,brown_spot,True
brown_spot,True,data\RiceCrossYear\test\brown_spot\2026_brown_spot_brown spot_1244.jpg,0.808243,0.808243,brown_spot,True
brown_spot,True,data\RiceCrossYear\test\brown_spot\2026_brown_spot_brown spot_1925.jpg,0.808055,0.808055,brown_spot,True
brown_spot,True,data\RiceCrossYear\test\brown_spot\2026_brown_spot_brown spot_1376.jpg,0.807294,0.807294,brown_spot,True
brown_spot,True,data\RiceCrossYear\test\brown_spot\2026_brown_spot_brown spot_101.jpg,0.807181,0.807181,brown_spot,True
brown_spot,True,data\RiceCrossYear\test\brown_spot\2026_brown_spot_brown spot_1118.jpg,0.806118,0.806118,brown_spot,True
brown_spot,True,data\RiceCrossYear\test\brown_spot\2026_brown_spot_brown spot_1540.jpg,0.805001,0.805001,brown_spot,True
brown_spot,True,data\RiceCrossYear\test\brown_spot\2026_brown_spot_brown spot_145.jpg,0.804586,0.083284,rice_blast,False
brown_spot,True,data\RiceCrossYear\test\brown_spot\2026_brown_spot_brown spot_402.jpg,0.804129,0.804129,brown_spot,True
brown_spot,True,data\RiceCrossYear\test\brown_spot\2026_brown_spot_brown spot_211.jpg,0.804087,0.804087,brown_spot,True
brown_spot,True,data\RiceCrossYear\test\brown_spot\2026_brown_spot_brown spot_2028.jpg,0.803788,0.803788,brown_spot,True
brown_spot,True,data\RiceCrossYear\test\brown_spot\2026_brown_spot_brown spot_1138.jpg,0.801849,0.801849,brown_spot,True
brown_spot,True,data\RiceCrossYear\test\brown_spot\2026_brown_spot_brown spot_1172.jpg,0.801797,0.801797,brown_spot,True
brown_spot,True,data\RiceCrossYear\test\brown_spot\2026_brown_spot_brown spot_797.jpg,0.799596,0.799596,brown_spot,True
brown_spot,True,data\RiceCrossYear\test\brown_spot\2026_brown_spot_brown spot_1393.jpg,0.79807,0.79807,brown_spot,True
brown_spot,True,data\RiceCrossYear\test\brown_spot\2026_brown_spot_brown spot_982.jpg,0.795695,0.795695,brown_spot,True
brown_spot,True,data\RiceCrossYear\test\brown_spot\2026_brown_spot_brown spot_1458.jpg,0.795653,0.795653,brown_spot,True
brown_spot,True,data\RiceCrossYear\test\brown_spot\2026_brown_spot_brown spot_764.jpg,0.793542,0.109379,rice_blast,False
brown_spot,True,data\RiceCrossYear\test\brown_spot\2026_brown_spot_brown spot_1731.jpg,0.793145,0.793145,brown_spot,True
brown_spot,True,data\RiceCrossYear\test\brown_spot\2026_brown_spot_brown spot_607.jpg,0.793093,0.082175,healthy,False
brown_spot,True,data\RiceCrossYear\test\brown_spot\2026_brown_spot_brown spot_314.jpg,0.793041,0.793041,brown_spot,True
brown_spot,True,data\RiceCrossYear\test\brown_spot\2026_brown_spot_brown spot_1971.jpg,0.791757,0.165718,rice_tungro,False
brown_spot,True,data\RiceCrossYear\test\brown_spot\2026_brown_spot_brown spot_1179.jpg,0.791,0.791,brown_spot,True
brown_spot,True,data\RiceCrossYear\test\brown_spot\2026_brown_spot_brown spot_415.jpg,0.790974,0.790974,brown_spot,True
brown_spot,True,data\RiceCrossYear\test\brown_spot\2026_brown_spot_brown spot_1327.jpg,0.79061,0.79061,brown_spot,True
brown_spot,True,data\RiceCrossYear\test\brown_spot\2026_brown_spot_brown spot_1.jpg,0.790476,0.790476,brown_spot,True
brown_spot,True,data\RiceCrossYear\test\brown_spot\2026_brown_spot_brown spot_2011.jpg,0.788478,0.788478,brown_spot,True
brown_spot,True,data\RiceCrossYear\test\brown_spot\2026_brown_spot_brown spot_1280.jpg,0.787211,0.096026,rice_tungro,False
brown_spot,True,data\RiceCrossYear\test\brown_spot\2026_brown_spot_brown spot_1242.jpg,0.786563,0.786563,brown_spot,True
brown_spot,True,data\RiceCrossYear\test\brown_spot\2026_brown_spot_brown spot_1348.jpg,0.785981,0.785981,brown_spot,True
brown_spot,True,data\RiceCrossYear\test\brown_spot\2026_brown_spot_brown spot_1550.jpg,0.785437,0.785437,brown_spot,True
brown_spot,True,data\RiceCrossYear\test\brown_spot\2026_brown_spot_brown spot_1115.jpg,0.7853,0.7853,brown_spot,True
brown_spot,True,data\RiceCrossYear\test\brown_spot\2026_brown_spot_brown spot_639.jpg,0.784235,0.784235,brown_spot,True
brown_spot,True,data\RiceCrossYear\test\brown_spot\2026_brown_spot_brown spot_186.jpg,0.783161,0.783161,brown_spot,True
brown_spot,True,data\RiceCrossYear\test\brown_spot\2026_brown_spot_brown spot_128.jpg,0.783082,0.783082,brown_spot,True
brown_spot,True,data\RiceCrossYear\test\brown_spot\2026_brown_spot_brown spot_258.jpg,0.779067,0.058426,rice_tungro,False
brown_spot,True,data\RiceCrossYear\test\brown_spot\2026_brown_spot_brown spot_1930.jpg,0.778948,0.778948,brown_spot,True
brown_spot,True,data\RiceCrossYear\test\brown_spot\2026_brown_spot_brown spot_317.jpg,0.778912,0.778912,brown_spot,True
brown_spot,True,data\RiceCrossYear\test\brown_spot\2026_brown_spot_brown spot_813.jpg,0.777853,0.777853,brown_spot,True
brown_spot,True,data\RiceCrossYear\test\brown_spot\2026_brown_spot_brown spot_1521.jpg,0.777572,0.777572,brown_spot,True
brown_spot,True,data\RiceCrossYear\test\brown_spot\2026_brown_spot_brown spot_1210.jpg,0.776241,0.776241,brown_spot,True
brown_spot,True,data\RiceCrossYear\test\brown_spot\2026_brown_spot_brown spot_439.jpg,0.775355,0.775355,brown_spot,True
brown_spot,True,data\RiceCrossYear\test\brown_spot\2026_brown_spot_brown spot_770.jpg,0.774764,0.774764,brown_spot,True
brown_spot,True,data\RiceCrossYear\test\brown_spot\2026_brown_spot_brown spot_1569.jpg,0.774561,0.03745,rice_tungro,False
brown_spot,True,data\RiceCrossYear\test\brown_spot\2026_brown_spot_brown spot_553.jpg,0.774391,0.774391,brown_spot,True
brown_spot,True,data\RiceCrossYear\test\brown_spot\2026_brown_spot_brown spot_1485.jpg,0.774158,0.774158,brown_spot,True
brown_spot,True,data\RiceCrossYear\test\brown_spot\2026_brown_spot_brown spot_1430.jpg,0.773641,0.773641,brown_spot,True
brown_spot,True,data\RiceCrossYear\test\brown_spot\2026_brown_spot_brown spot_1429.jpg,0.773574,0.773574,brown_spot,True
brown_spot,True,data\RiceCrossYear\test\brown_spot\2026_brown_spot_brown spot_829.jpg,0.773571,0.773571,brown_spot,True
brown_spot,True,data\RiceCrossYear\test\brown_spot\2026_brown_spot_brown spot_46.jpg,0.772945,0.153386,rice_tungro,False
brown_spot,True,data\RiceCrossYear\test\brown_spot\2026_brown_spot_brown spot_354.jpg,0.771854,0.096892,rice_tungro,False
brown_spot,True,data\RiceCrossYear\test\brown_spot\2026_brown_spot_brown spot_507.jpg,0.771824,0.09469,rice_tungro,False
brown_spot,True,data\RiceCrossYear\test\brown_spot\2026_brown_spot_brown spot_1208.jpg,0.771778,0.771778,brown_spot,True
brown_spot,True,data\RiceCrossYear\test\brown_spot\2026_brown_spot_brown spot_1350.jpg,0.770634,0.770634,brown_spot,True
brown_spot,True,data\RiceCrossYear\test\brown_spot\2026_brown_spot_brown spot_90.jpg,0.76943,0.76943,brown_spot,True
brown_spot,True,data\RiceCrossYear\test\brown_spot\2026_brown_spot_brown spot_641.jpg,0.768072,0.768072,brown_spot,True
brown_spot,True,data\RiceCrossYear\test\brown_spot\2026_brown_spot_brown spot_597.jpg,0.765066,0.765066,brown_spot,True
brown_spot,True,data\RiceCrossYear\test\brown_spot\2026_brown_spot_brown spot_2031.jpg,0.764537,0.764537,brown_spot,True
brown_spot,True,data\RiceCrossYear\test\brown_spot\2026_brown_spot_brown spot_78.jpg,0.761211,0.761211,brown_spot,True
brown_spot,True,data\RiceCrossYear\test\brown_spot\2026_brown_spot_brown spot_204.jpg,0.760156,0.760156,brown_spot,True
brown_spot,True,data\RiceCrossYear\test\brown_spot\2026_brown_spot_brown spot_2172.jpg,0.75977,0.096264,rice_tungro,False
brown_spot,True,data\RiceCrossYear\test\brown_spot\2026_brown_spot_brown spot_1552.jpg,0.758513,0.758513,brown_spot,True
brown_spot,True,data\RiceCrossYear\test\brown_spot\2026_brown_spot_brown spot_1338.jpg,0.75536,0.192953,rice_tungro,False
brown_spot,True,data\RiceCrossYear\test\brown_spot\2026_brown_spot_brown spot_1802.jpg,0.754004,0.126268,healthy,False
brown_spot,True,data\RiceCrossYear\test\brown_spot\2026_brown_spot_brown spot_1209.jpg,0.753129,0.753129,brown_spot,True
brown_spot,True,data\RiceCrossYear\test\brown_spot\2026_brown_spot_brown spot_2143.jpg,0.752922,0.167304,rice_tungro,False
brown_spot,True,data\RiceCrossYear\test\brown_spot\2026_brown_spot_brown spot_710.jpg,0.751217,0.751217,brown_spot,True
brown_spot,True,data\RiceCrossYear\test\brown_spot\2026_brown_spot_brown spot_964.jpg,0.751056,0.153659,rice_blast,False
brown_spot,True,data\RiceCrossYear\test\brown_spot\2026_brown_spot_brown spot_2038.jpg,0.75047,0.75047,brown_spot,True
brown_spot,True,data\RiceCrossYear\test\brown_spot\2026_brown_spot_brown spot_642.jpg,0.750076,0.750076,brown_spot,True
brown_spot,True,data\RiceCrossYear\test\brown_spot\2026_brown_spot_brown spot_587.jpg,0.749599,0.749599,brown_spot,True
brown_spot,True,data\RiceCrossYear\test\brown_spot\2026_brown_spot_brown spot_127.jpg,0.749495,0.173939,rice_blast,False
brown_spot,True,data\RiceCrossYear\test\brown_spot\2026_brown_spot_brown spot_499.jpg,0.747792,0.747792,brown_spot,True
brown_spot,True,data\RiceCrossYear\test\brown_spot\2026_brown_spot_brown spot_1646.jpg,0.747678,0.747678,brown_spot,True
brown_spot,True,data\RiceCrossYear\test\brown_spot\2026_brown_spot_brown spot_2022.jpg,0.747257,0.747257,brown_spot,True
brown_spot,True,data\RiceCrossYear\test\brown_spot\2026_brown_spot_brown spot_967.jpg,0.745568,0.128067,rice_blast,False
brown_spot,True,data\RiceCrossYear\test\brown_spot\2026_brown_spot_brown spot_1890.jpg,0.745397,0.745397,brown_spot,True
brown_spot,True,data\RiceCrossYear\test\brown_spot\2026_brown_spot_brown spot_1220.jpg,0.744834,0.744834,brown_spot,True
brown_spot,True,data\RiceCrossYear\test\brown_spot\2026_brown_spot_brown spot_1988.jpg,0.744053,0.144735,rice_tungro,False
brown_spot,True,data\RiceCrossYear\test\brown_spot\2026_brown_spot_brown spot_544.jpg,0.74396,0.74396,brown_spot,True
brown_spot,True,data\RiceCrossYear\test\brown_spot\2026_brown_spot_brown spot_1318.jpg,0.743277,0.743277,brown_spot,True
brown_spot,True,data\RiceCrossYear\test\brown_spot\2026_brown_spot_brown spot_1020.jpg,0.742408,0.742408,brown_spot,True
brown_spot,True,data\RiceCrossYear\test\brown_spot\2026_brown_spot_brown spot_971.jpg,0.74211,0.74211,brown_spot,True
brown_spot,True,data\RiceCrossYear\test\brown_spot\2026_brown_spot_brown spot_2114.jpg,0.741712,0.075882,rice_blast,False
brown_spot,True,data\RiceCrossYear\test\brown_spot\2026_brown_spot_brown spot_696.jpg,0.739395,0.221357,rice_blast,False
brown_spot,True,data\RiceCrossYear\test\brown_spot\2026_brown_spot_brown spot_784.jpg,0.738509,0.738509,brown_spot,True
brown_spot,True,data\RiceCrossYear\test\brown_spot\2026_brown_spot_brown spot_848.jpg,0.73782,0.73782,brown_spot,True
brown_spot,True,data\RiceCrossYear\test\brown_spot\2026_brown_spot_brown spot_1527.jpg,0.737578,0.126679,rice_blast,False
brown_spot,True,data\RiceCrossYear\test\brown_spot\2026_brown_spot_brown spot_1127.jpg,0.737518,0.120118,rice_tungro,False
brown_spot,True,data\RiceCrossYear\test\brown_spot\2026_brown_spot_brown spot_20.jpg,0.737506,0.080632,rice_blast,False
brown_spot,True,data\RiceCrossYear\test\brown_spot\2026_brown_spot_brown spot_1993.jpg,0.735776,0.735776,brown_spot,True
brown_spot,True,data\RiceCrossYear\test\brown_spot\2026_brown_spot_brown spot_1292.jpg,0.73534,0.73534,brown_spot,True
brown_spot,True,data\RiceCrossYear\test\brown_spot\2026_brown_spot_brown spot_630.jpg,0.734635,0.734635,brown_spot,True
brown_spot,True,data\RiceCrossYear\test\brown_spot\2026_brown_spot_brown spot_2046.jpg,0.733692,0.131753,rice_tungro,False
brown_spot,True,data\RiceCrossYear\test\brown_spot\2026_brown_spot_brown spot_1801.jpg,0.732654,0.143478,healthy,False
brown_spot,True,data\RiceCrossYear\test\brown_spot\2026_brown_spot_brown spot_1033.jpg,0.732097,0.732097,brown_spot,True
brown_spot,True,data\RiceCrossYear\test\brown_spot\2026_brown_spot_brown spot_590.jpg,0.732067,0.732067,brown_spot,True
brown_spot,True,data\RiceCrossYear\test\brown_spot\2026_brown_spot_brown spot_1414.jpg,0.731865,0.17094,rice_tungro,False
brown_spot,True,data\RiceCrossYear\test\brown_spot\2026_brown_spot_brown spot_1877.jpg,0.731084,0.731084,brown_spot,True
brown_spot,True,data\RiceCrossYear\test\brown_spot\2026_brown_spot_brown spot_956.jpg,0.730924,0.078866,healthy,False
brown_spot,True,data\RiceCrossYear\test\brown_spot\2026_brown_spot_brown spot_476.jpg,0.729529,0.066156,rice_tungro,False
brown_spot,True,data\RiceCrossYear\test\brown_spot\2026_brown_spot_brown spot_1987.jpg,0.728724,0.164176,rice_blast,False
brown_spot,True,data\RiceCrossYear\test\brown_spot\2026_brown_spot_brown spot_755.jpg,0.728686,0.176632,rice_blast,False
brown_spot,True,data\RiceCrossYear\test\brown_spot\2026_brown_spot_brown spot_858.jpg,0.727992,0.727992,brown_spot,True
brown_spot,True,data\RiceCrossYear\test\brown_spot\2026_brown_spot_brown spot_416.jpg,0.727071,0.171058,rice_tungro,False
brown_spot,True,data\RiceCrossYear\test\brown_spot\2026_brown_spot_brown spot_667.jpg,0.725464,0.043313,rice_blast,False
brown_spot,True,data\RiceCrossYear\test\brown_spot\2026_brown_spot_brown spot_1798.jpg,0.725424,0.127795,rice_tungro,False
brown_spot,True,data\RiceCrossYear\test\brown_spot\2026_brown_spot_brown spot_753.jpg,0.720664,0.720664,brown_spot,True
brown_spot,True,data\RiceCrossYear\test\brown_spot\2026_brown_spot_brown spot_353.jpg,0.718966,0.081259,rice_blast,False
brown_spot,True,data\RiceCrossYear\test\brown_spot\2026_brown_spot_brown spot_304.jpg,0.716499,0.716499,brown_spot,True
brown_spot,True,data\RiceCrossYear\test\brown_spot\2026_brown_spot_brown spot_2018.jpg,0.715584,0.715584,brown_spot,True
brown_spot,True,data\RiceCrossYear\test\brown_spot\2026_brown_spot_brown spot_780.jpg,0.71521,0.71521,brown_spot,True
brown_spot,True,data\RiceCrossYear\test\brown_spot\2026_brown_spot_brown spot_2.jpg,0.714552,0.714552,brown_spot,True
brown_spot,True,data\RiceCrossYear\test\brown_spot\2026_brown_spot_brown spot_2025.jpg,0.713636,0.713636,brown_spot,True
brown_spot,True,data\RiceCrossYear\test\brown_spot\2026_brown_spot_brown spot_694.jpg,0.712389,0.712389,brown_spot,True
brown_spot,True,data\RiceCrossYear\test\brown_spot\2026_brown_spot_brown spot_1549.jpg,0.712362,0.712362,brown_spot,True
brown_spot,True,data\RiceCrossYear\test\brown_spot\2026_brown_spot_brown spot_2023.jpg,0.711881,0.711881,brown_spot,True
brown_spot,True,data\RiceCrossYear\test\brown_spot\2026_brown_spot_brown spot_1296.jpg,0.711767,0.711767,brown_spot,True
brown_spot,True,data\RiceCrossYear\test\brown_spot\2026_brown_spot_brown spot_290.jpg,0.710801,0.221869,rice_tungro,False
brown_spot,True,data\RiceCrossYear\test\brown_spot\2026_brown_spot_brown spot_668.jpg,0.710645,0.036647,healthy,False
brown_spot,True,data\RiceCrossYear\test\brown_spot\2026_brown_spot_brown spot_662.jpg,0.710596,0.021626,rice_blast,False
brown_spot,True,data\RiceCrossYear\test\brown_spot\2026_brown_spot_brown spot_2021.jpg,0.709593,0.709593,brown_spot,True
brown_spot,True,data\RiceCrossYear\test\brown_spot\2026_brown_spot_brown spot_1940.jpg,0.709492,0.709492,brown_spot,True
brown_spot,True,data\RiceCrossYear\test\brown_spot\2026_brown_spot_brown spot_1278.jpg,0.707827,0.707827,brown_spot,True
brown_spot,True,data\RiceCrossYear\test\brown_spot\2026_brown_spot_brown spot_598.jpg,0.707497,0.707497,brown_spot,True
brown_spot,True,data\RiceCrossYear\test\brown_spot\2026_brown_spot_brown spot_232.jpg,0.70605,0.70605,brown_spot,True
brown_spot,True,data\RiceCrossYear\test\brown_spot\2026_brown_spot_brown spot_1002.jpg,0.705056,0.705056,brown_spot,True
brown_spot,True,data\RiceCrossYear\test\brown_spot\2026_brown_spot_brown spot_1129.jpg,0.704962,0.030913,rice_tungro,False
brown_spot,True,data\RiceCrossYear\test\brown_spot\2026_brown_spot_brown spot_1037.jpg,0.704353,0.704353,brown_spot,True
brown_spot,True,data\RiceCrossYear\test\brown_spot\2026_brown_spot_brown spot_826.jpg,0.702901,0.101164,rice_blast,False
brown_spot,True,data\RiceCrossYear\test\brown_spot\2026_brown_spot_brown spot_227.jpg,0.701788,0.701788,brown_spot,True
brown_spot,True,data\RiceCrossYear\test\brown_spot\2026_brown_spot_brown spot_1643.jpg,0.701426,0.701426,brown_spot,True
brown_spot,True,data\RiceCrossYear\test\brown_spot\2026_brown_spot_brown spot_2158.jpg,0.700001,0.215373,rice_blast,False
brown_spot,True,data\RiceCrossYear\test\brown_spot\2026_brown_spot_brown spot_333.jpg,0.697849,0.697849,brown_spot,True
brown_spot,True,data\RiceCrossYear\test\brown_spot\2026_brown_spot_brown spot_2168.jpg,0.697662,0.697662,brown_spot,True
brown_spot,True,data\RiceCrossYear\test\brown_spot\2026_brown_spot_brown spot_1518.jpg,0.692911,0.692911,brown_spot,True
brown_spot,True,data\RiceCrossYear\test\brown_spot\2026_brown_spot_brown spot_1364.jpg,0.691714,0.181505,rice_tungro,False
brown_spot,True,data\RiceCrossYear\test\brown_spot\2026_brown_spot_brown spot_2142.jpg,0.6905,0.233501,rice_tungro,False
brown_spot,True,data\RiceCrossYear\test\brown_spot\2026_brown_spot_brown spot_1230.jpg,0.689099,0.689099,brown_spot,True
brown_spot,True,data\RiceCrossYear\test\brown_spot\2026_brown_spot_brown spot_503.jpg,0.688753,0.688753,brown_spot,True
brown_spot,True,data\RiceCrossYear\test\brown_spot\2026_brown_spot_brown spot_1122.jpg,0.687473,0.687473,brown_spot,True
brown_spot,True,data\RiceCrossYear\test\brown_spot\2026_brown_spot_brown spot_716.jpg,0.684172,0.684172,brown_spot,True
brown_spot,True,data\RiceCrossYear\test\brown_spot\2026_brown_spot_brown spot_1143.jpg,0.683729,0.14643,rice_tungro,False
brown_spot,True,data\RiceCrossYear\test\brown_spot\2026_brown_spot_brown spot_1204.jpg,0.682038,0.682038,brown_spot,True
brown_spot,True,data\RiceCrossYear\test\brown_spot\2026_brown_spot_brown spot_1986.jpg,0.681723,0.071433,rice_blast,False
brown_spot,True,data\RiceCrossYear\test\brown_spot\2026_brown_spot_brown spot_1370.jpg,0.680914,0.680914,brown_spot,True
brown_spot,True,data\RiceCrossYear\test\brown_spot\2026_brown_spot_brown spot_1513.jpg,0.680744,0.199808,rice_tungro,False
brown_spot,True,data\RiceCrossYear\test\brown_spot\2026_brown_spot_brown spot_1537.jpg,0.68042,0.68042,brown_spot,True
brown_spot,True,data\RiceCrossYear\test\brown_spot\2026_brown_spot_brown spot_1938.jpg,0.678488,0.678488,brown_spot,True
brown_spot,True,data\RiceCrossYear\test\brown_spot\2026_brown_spot_brown spot_2124.jpg,0.674476,0.08471,rice_blast,False
brown_spot,True,data\RiceCrossYear\test\brown_spot\2026_brown_spot_brown spot_274.jpg,0.669673,0.165458,rice_tungro,False
brown_spot,True,data\RiceCrossYear\test\brown_spot\2026_brown_spot_brown spot_2049.jpg,0.66939,0.106848,rice_tungro,False
brown_spot,True,data\RiceCrossYear\test\brown_spot\2026_brown_spot_brown spot_542.jpg,0.668794,0.668794,brown_spot,True
brown_spot,True,data\RiceCrossYear\test\brown_spot\2026_brown_spot_brown spot_745.jpg,0.668213,0.21186,rice_blast,False
brown_spot,True,data\RiceCrossYear\test\brown_spot\2026_brown_spot_brown spot_1148.jpg,0.667961,0.205164,rice_tungro,False
brown_spot,True,data\RiceCrossYear\test\brown_spot\2026_brown_spot_brown spot_1021.jpg,0.667671,0.667671,brown_spot,True
brown_spot,True,data\RiceCrossYear\test\brown_spot\2026_brown_spot_brown spot_2154.jpg,0.66736,0.160812,rice_tungro,False
brown_spot,True,data\RiceCrossYear\test\brown_spot\2026_brown_spot_brown spot_1146.jpg,0.666574,0.245279,rice_tungro,False
brown_spot,True,data\RiceCrossYear\test\brown_spot\2026_brown_spot_brown spot_254.jpg,0.666517,0.666517,brown_spot,True
brown_spot,True,data\RiceCrossYear\test\brown_spot\2026_brown_spot_brown spot_2161.jpg,0.664446,0.245333,rice_blast,False
brown_spot,True,data\RiceCrossYear\test\brown_spot\2026_brown_spot_brown spot_1177.jpg,0.66444,0.66444,brown_spot,True
brown_spot,True,data\RiceCrossYear\test\brown_spot\2026_brown_spot_brown spot_1461.jpg,0.663194,0.179151,rice_blast,False
brown_spot,True,data\RiceCrossYear\test\brown_spot\2026_brown_spot_brown spot_1878.jpg,0.662944,0.662944,brown_spot,True
brown_spot,True,data\RiceCrossYear\test\brown_spot\2026_brown_spot_brown spot_103.jpg,0.661814,0.031564,healthy,False
brown_spot,True,data\RiceCrossYear\test\brown_spot\2026_brown_spot_brown spot_261.jpg,0.661153,0.166799,rice_tungro,False
brown_spot,True,data\RiceCrossYear\test\brown_spot\2026_brown_spot_brown spot_1762.jpg,0.6608,0.210741,rice_tungro,False
brown_spot,True,data\RiceCrossYear\test\brown_spot\2026_brown_spot_brown spot_2069.jpg,0.659717,0.659717,brown_spot,True
brown_spot,True,data\RiceCrossYear\test\brown_spot\2026_brown_spot_brown spot_1404.jpg,0.659236,0.231753,rice_blast,False
brown_spot,True,data\RiceCrossYear\test\brown_spot\2026_brown_spot_brown spot_1968.jpg,0.659051,0.659051,brown_spot,True
brown_spot,True,data\RiceCrossYear\test\brown_spot\2026_brown_spot_brown spot_817.jpg,0.658726,0.658726,brown_spot,True
brown_spot,True,data\RiceCrossYear\test\brown_spot\2026_brown_spot_brown spot_991.jpg,0.657434,0.249839,rice_tungro,False
brown_spot,True,data\RiceCrossYear\test\brown_spot\2026_brown_spot_brown spot_1289.jpg,0.656511,0.656511,brown_spot,True
brown_spot,True,data\RiceCrossYear\test\brown_spot\2026_brown_spot_brown spot_419.jpg,0.656386,0.656386,brown_spot,True
brown_spot,True,data\RiceCrossYear\test\brown_spot\2026_brown_spot_brown spot_1276.jpg,0.655177,0.22898,rice_tungro,False
brown_spot,True,data\RiceCrossYear\test\brown_spot\2026_brown_spot_brown spot_2117.jpg,0.654066,0.167109,rice_blast,False
brown_spot,True,data\RiceCrossYear\test\brown_spot\2026_brown_spot_brown spot_348.jpg,0.653623,0.653623,brown_spot,True
brown_spot,True,data\RiceCrossYear\test\brown_spot\2026_brown_spot_brown spot_759.jpg,0.653282,0.653282,brown_spot,True
brown_spot,True,data\RiceCrossYear\test\brown_spot\2026_brown_spot_brown spot_1666.jpg,0.652936,0.196886,rice_tungro,False
brown_spot,True,data\RiceCrossYear\test\brown_spot\2026_brown_spot_brown spot_2122.jpg,0.652357,0.151747,rice_blast,False
brown_spot,True,data\RiceCrossYear\test\brown_spot\2026_brown_spot_brown spot_2048.jpg,0.652228,0.125364,rice_tungro,False
brown_spot,True,data\RiceCrossYear\test\brown_spot\2026_brown_spot_brown spot_1425.jpg,0.650704,0.168384,rice_tungro,False
brown_spot,True,data\RiceCrossYear\test\brown_spot\2026_brown_spot_brown spot_220.jpg,0.650344,0.650344,brown_spot,True
brown_spot,True,data\RiceCrossYear\test\brown_spot\2026_brown_spot_brown spot_257.jpg,0.64927,0.159558,rice_blast,False
brown_spot,True,data\RiceCrossYear\test\brown_spot\2026_brown_spot_brown spot_1523.jpg,0.648698,0.648698,brown_spot,True
brown_spot,True,data\RiceCrossYear\test\brown_spot\2026_brown_spot_brown spot_1572.jpg,0.648322,0.214212,healthy,False
brown_spot,True,data\RiceCrossYear\test\brown_spot\2026_brown_spot_brown spot_1361.jpg,0.64799,0.64799,brown_spot,True
brown_spot,True,data\RiceCrossYear\test\brown_spot\2026_brown_spot_brown spot_1804.jpg,0.647112,0.159047,healthy,False
brown_spot,True,data\RiceCrossYear\test\brown_spot\2026_brown_spot_brown spot_1463.jpg,0.645386,0.205891,rice_blast,False
brown_spot,True,data\RiceCrossYear\test\brown_spot\2026_brown_spot_brown spot_752.jpg,0.645344,0.645344,brown_spot,True
brown_spot,True,data\RiceCrossYear\test\brown_spot\2026_brown_spot_brown spot_463.jpg,0.645211,0.645211,brown_spot,True
brown_spot,True,data\RiceCrossYear\test\brown_spot\2026_brown_spot_brown spot_622.jpg,0.644158,0.644158,brown_spot,True
brown_spot,True,data\RiceCrossYear\test\brown_spot\2026_brown_spot_brown spot_2116.jpg,0.643459,0.146014,rice_blast,False
brown_spot,True,data\RiceCrossYear\test\brown_spot\2026_brown_spot_brown spot_1218.jpg,0.643366,0.643366,brown_spot,True
brown_spot,True,data\RiceCrossYear\test\brown_spot\2026_brown_spot_brown spot_1626.jpg,0.642831,0.642831,brown_spot,True
brown_spot,True,data\RiceCrossYear\test\brown_spot\2026_brown_spot_brown spot_1774.jpg,0.64209,0.64209,brown_spot,True
brown_spot,True,data\RiceCrossYear\test\brown_spot\2026_brown_spot_brown spot_855.jpg,0.641609,0.118744,rice_tungro,False
brown_spot,True,data\RiceCrossYear\test\brown_spot\2026_brown_spot_brown spot_998.jpg,0.640126,0.207084,rice_tungro,False
brown_spot,True,data\RiceCrossYear\test\brown_spot\2026_brown_spot_brown spot_1343.jpg,0.638757,0.638757,brown_spot,True
brown_spot,True,data\RiceCrossYear\test\brown_spot\2026_brown_spot_brown spot_1349.jpg,0.638508,0.638508,brown_spot,True
brown_spot,True,data\RiceCrossYear\test\brown_spot\2026_brown_spot_brown spot_1365.jpg,0.636571,0.230213,rice_tungro,False
brown_spot,True,data\RiceCrossYear\test\brown_spot\2026_brown_spot_brown spot_2074.jpg,0.636322,0.252186,rice_tungro,False
brown_spot,True,data\RiceCrossYear\test\brown_spot\2026_brown_spot_brown spot_685.jpg,0.6359,0.028602,rice_blast,False
brown_spot,True,data\RiceCrossYear\test\brown_spot\2026_brown_spot_brown spot_352.jpg,0.634439,0.634439,brown_spot,True
brown_spot,True,data\RiceCrossYear\test\brown_spot\2026_brown_spot_brown spot_543.jpg,0.632563,0.632563,brown_spot,True
brown_spot,True,data\RiceCrossYear\test\brown_spot\2026_brown_spot_brown spot_1896.jpg,0.632045,0.632045,brown_spot,True
brown_spot,True,data\RiceCrossYear\test\brown_spot\2026_brown_spot_brown spot_1895.jpg,0.631518,0.311101,healthy,False
brown_spot,True,data\RiceCrossYear\test\brown_spot\2026_brown_spot_brown spot_1464.jpg,0.631382,0.631382,brown_spot,True
brown_spot,True,data\RiceCrossYear\test\brown_spot\2026_brown_spot_brown spot_1946.jpg,0.630237,0.227145,rice_tungro,False
brown_spot,True,data\RiceCrossYear\test\brown_spot\2026_brown_spot_brown spot_1291.jpg,0.626838,0.626838,brown_spot,True
brown_spot,True,data\RiceCrossYear\test\brown_spot\2026_brown_spot_brown spot_955.jpg,0.626536,0.088041,healthy,False
brown_spot,True,data\RiceCrossYear\test\brown_spot\2026_brown_spot_brown spot_1443.jpg,0.625545,0.625545,brown_spot,True
brown_spot,True,data\RiceCrossYear\test\brown_spot\2026_brown_spot_brown spot_1152.jpg,0.624302,0.094995,rice_tungro,False
brown_spot,True,data\RiceCrossYear\test\brown_spot\2026_brown_spot_brown spot_746.jpg,0.623348,0.290876,rice_blast,False
brown_spot,True,data\RiceCrossYear\test\brown_spot\2026_brown_spot_brown spot_483.jpg,0.62264,0.62264,brown_spot,True
brown_spot,True,data\RiceCrossYear\test\brown_spot\2026_brown_spot_brown spot_1319.jpg,0.622455,0.622455,brown_spot,True
brown_spot,True,data\RiceCrossYear\test\brown_spot\2026_brown_spot_brown spot_2056.jpg,0.62125,0.62125,brown_spot,True
brown_spot,True,data\RiceCrossYear\test\brown_spot\2026_brown_spot_brown spot_1149.jpg,0.620243,0.247379,rice_tungro,False
brown_spot,True,data\RiceCrossYear\test\brown_spot\2026_brown_spot_brown spot_422.jpg,0.620098,0.620098,brown_spot,True
brown_spot,True,data\RiceCrossYear\test\brown_spot\2026_brown_spot_brown spot_1147.jpg,0.617574,0.290159,rice_tungro,False
brown_spot,True,data\RiceCrossYear\test\brown_spot\2026_brown_spot_brown spot_1949.jpg,0.616834,0.196623,rice_tungro,False
brown_spot,True,data\RiceCrossYear\test\brown_spot\2026_brown_spot_brown spot_1000.jpg,0.61634,0.207534,rice_tungro,False
brown_spot,True,data\RiceCrossYear\test\brown_spot\2026_brown_spot_brown spot_1431.jpg,0.616057,0.616057,brown_spot,True
brown_spot,True,data\RiceCrossYear\test\brown_spot\2026_brown_spot_brown spot_482.jpg,0.615748,0.060434,rice_tungro,False
brown_spot,True,data\RiceCrossYear\test\brown_spot\2026_brown_spot_brown spot_2041.jpg,0.614286,0.055325,rice_tungro,False
brown_spot,True,data\RiceCrossYear\test\brown_spot\2026_brown_spot_brown spot_1398.jpg,0.613674,0.240025,rice_tungro,False
brown_spot,True,data\RiceCrossYear\test\brown_spot\2026_brown_spot_brown spot_1457.jpg,0.61295,0.61295,brown_spot,True
brown_spot,True,data\RiceCrossYear\test\brown_spot\2026_brown_spot_brown spot_512.jpg,0.610122,0.610122,brown_spot,True
brown_spot,True,data\RiceCrossYear\test\brown_spot\2026_brown_spot_brown spot_1651.jpg,0.609944,0.609944,brown_spot,True
brown_spot,True,data\RiceCrossYear\test\brown_spot\2026_brown_spot_brown spot_1369.jpg,0.607502,0.126719,rice_blast,False
brown_spot,True,data\RiceCrossYear\test\brown_spot\2026_brown_spot_brown spot_737.jpg,0.604271,0.604271,brown_spot,True
brown_spot,True,data\RiceCrossYear\test\brown_spot\2026_brown_spot_brown spot_580.jpg,0.604228,0.604228,brown_spot,True
brown_spot,True,data\RiceCrossYear\test\brown_spot\2026_brown_spot_brown spot_996.jpg,0.603456,0.603456,brown_spot,True
brown_spot,True,data\RiceCrossYear\test\brown_spot\2026_brown_spot_brown spot_1283.jpg,0.603243,0.288592,rice_tungro,False
brown_spot,True,data\RiceCrossYear\test\brown_spot\2026_brown_spot_brown spot_372.jpg,0.602812,0.602812,brown_spot,True
brown_spot,True,data\RiceCrossYear\test\brown_spot\2026_brown_spot_brown spot_871.jpg,0.601913,0.072311,rice_tungro,False
brown_spot,True,data\RiceCrossYear\test\brown_spot\2026_brown_spot_brown spot_134.jpg,0.601877,0.601877,brown_spot,True
brown_spot,True,data\RiceCrossYear\test\brown_spot\2026_brown_spot_brown spot_1298.jpg,0.601748,0.601748,brown_spot,True
brown_spot,True,data\RiceCrossYear\test\brown_spot\2026_brown_spot_brown spot_2065.jpg,0.600552,0.600552,brown_spot,True
brown_spot,True,data\RiceCrossYear\test\brown_spot\2026_brown_spot_brown spot_1455.jpg,0.600137,0.273959,rice_blast,False
brown_spot,True,data\RiceCrossYear\test\brown_spot\2026_brown_spot_brown spot_718.jpg,0.599405,0.599405,brown_spot,True
brown_spot,True,data\RiceCrossYear\test\brown_spot\2026_brown_spot_brown spot_1554.jpg,0.59917,0.189206,healthy,False
brown_spot,True,data\RiceCrossYear\test\brown_spot\2026_brown_spot_brown spot_1409.jpg,0.599019,0.225043,rice_tungro,False
brown_spot,True,data\RiceCrossYear\test\brown_spot\2026_brown_spot_brown spot_2047.jpg,0.598837,0.159103,rice_tungro,False
brown_spot,True,data\RiceCrossYear\test\brown_spot\2026_brown_spot_brown spot_2019.jpg,0.598756,0.598756,brown_spot,True
brown_spot,True,data\RiceCrossYear\test\brown_spot\2026_brown_spot_brown spot_1571.jpg,0.597077,0.083086,rice_tungro,False
brown_spot,True,data\RiceCrossYear\test\brown_spot\2026_brown_spot_brown spot_470.jpg,0.596926,0.596926,brown_spot,True
brown_spot,True,data\RiceCrossYear\test\brown_spot\2026_brown_spot_brown spot_951.jpg,0.595477,0.595477,brown_spot,True
brown_spot,True,data\RiceCrossYear\test\brown_spot\2026_brown_spot_brown spot_619.jpg,0.594963,0.594963,brown_spot,True
brown_spot,True,data\RiceCrossYear\test\brown_spot\2026_brown_spot_brown spot_994.jpg,0.593702,0.593702,brown_spot,True
brown_spot,True,data\RiceCrossYear\test\brown_spot\2026_brown_spot_brown spot_179.jpg,0.589706,0.242429,rice_tungro,False
brown_spot,True,data\RiceCrossYear\test\brown_spot\2026_brown_spot_brown spot_1763.jpg,0.587672,0.312568,rice_tungro,False
brown_spot,True,data\RiceCrossYear\test\brown_spot\2026_brown_spot_brown spot_1765.jpg,0.586059,0.586059,brown_spot,True
brown_spot,True,data\RiceCrossYear\test\brown_spot\2026_brown_spot_brown spot_1635.jpg,0.585352,0.585352,brown_spot,True
brown_spot,True,data\RiceCrossYear\test\brown_spot\2026_brown_spot_brown spot_525.jpg,0.584905,0.208478,rice_tungro,False
brown_spot,True,data\RiceCrossYear\test\brown_spot\2026_brown_spot_brown spot_742.jpg,0.583736,0.583736,brown_spot,True
brown_spot,True,data\RiceCrossYear\test\brown_spot\2026_brown_spot_brown spot_1373.jpg,0.580157,0.131714,healthy,False
brown_spot,True,data\RiceCrossYear\test\brown_spot\2026_brown_spot_brown spot_621.jpg,0.578472,0.305057,rice_blast,False
brown_spot,True,data\RiceCrossYear\test\brown_spot\2026_brown_spot_brown spot_2071.jpg,0.576891,0.229583,rice_tungro,False
brown_spot,True,data\RiceCrossYear\test\brown_spot\2026_brown_spot_brown spot_1417.jpg,0.576472,0.153835,rice_blast,False
brown_spot,True,data\RiceCrossYear\test\brown_spot\2026_brown_spot_brown spot_1652.jpg,0.57478,0.223499,healthy,False
brown_spot,True,data\RiceCrossYear\test\brown_spot\2026_brown_spot_brown spot_853.jpg,0.574309,0.060828,rice_tungro,False
brown_spot,True,data\RiceCrossYear\test\brown_spot\2026_brown_spot_brown spot_1310.jpg,0.572959,0.572959,brown_spot,True
brown_spot,True,data\RiceCrossYear\test\brown_spot\2026_brown_spot_brown spot_987.jpg,0.570678,0.570678,brown_spot,True
brown_spot,True,data\RiceCrossYear\test\brown_spot\2026_brown_spot_brown spot_513.jpg,0.570647,0.223101,rice_tungro,False
brown_spot,True,data\RiceCrossYear\test\brown_spot\2026_brown_spot_brown spot_406.jpg,0.568495,0.393017,rice_tungro,False
brown_spot,True,data\RiceCrossYear\test\brown_spot\2026_brown_spot_brown spot_1886.jpg,0.567085,0.567085,brown_spot,True
brown_spot,True,data\RiceCrossYear\test\brown_spot\2026_brown_spot_brown spot_2173.jpg,0.566978,0.021391,rice_blast,False
brown_spot,True,data\RiceCrossYear\test\brown_spot\2026_brown_spot_brown spot_489.jpg,0.566642,0.566642,brown_spot,True
brown_spot,True,data\RiceCrossYear\test\brown_spot\2026_brown_spot_brown spot_999.jpg,0.565013,0.220831,rice_tungro,False
brown_spot,True,data\RiceCrossYear\test\brown_spot\2026_brown_spot_brown spot_1789.jpg,0.56445,0.342356,healthy,False
brown_spot,True,data\RiceCrossYear\test\brown_spot\2026_brown_spot_brown spot_1567.jpg,0.562344,0.044915,rice_tungro,False
brown_spot,True,data\RiceCrossYear\test\brown_spot\2026_brown_spot_brown spot_1216.jpg,0.559228,0.559228,brown_spot,True
brown_spot,True,data\RiceCrossYear\test\brown_spot\2026_brown_spot_brown spot_1843.jpg,0.558266,0.304414,healthy,False
brown_spot,True,data\RiceCrossYear\test\brown_spot\2026_brown_spot_brown spot_1454.jpg,0.556049,0.294667,rice_blast,False
brown_spot,True,data\RiceCrossYear\test\brown_spot\2026_brown_spot_brown spot_1758.jpg,0.555705,0.555705,brown_spot,True
brown_spot,True,data\RiceCrossYear\test\brown_spot\2026_brown_spot_brown spot_774.jpg,0.555096,0.066038,healthy,False
brown_spot,True,data\RiceCrossYear\test\brown_spot\2026_brown_spot_brown spot_992.jpg,0.555026,0.3282,rice_tungro,False
brown_spot,True,data\RiceCrossYear\test\brown_spot\2026_brown_spot_brown spot_2165.jpg,0.553934,0.167421,rice_blast,False
brown_spot,True,data\RiceCrossYear\test\brown_spot\2026_brown_spot_brown spot_2050.jpg,0.552765,0.183085,rice_tungro,False
brown_spot,True,data\RiceCrossYear\test\brown_spot\2026_brown_spot_brown spot_968.jpg,0.552172,0.552172,brown_spot,True
brown_spot,True,data\RiceCrossYear\test\brown_spot\2026_brown_spot_brown spot_1219.jpg,0.551905,0.551905,brown_spot,True
brown_spot,True,data\RiceCrossYear\test\brown_spot\2026_brown_spot_brown spot_1996.jpg,0.551703,0.551703,brown_spot,True
brown_spot,True,data\RiceCrossYear\test\brown_spot\2026_brown_spot_brown spot_1941.jpg,0.551389,0.551389,brown_spot,True
brown_spot,True,data\RiceCrossYear\test\brown_spot\2026_brown_spot_brown spot_1839.jpg,0.549488,0.358783,healthy,False
brown_spot,True,data\RiceCrossYear\test\brown_spot\2026_brown_spot_brown spot_2127.jpg,0.54923,0.150353,rice_blast,False
brown_spot,True,data\RiceCrossYear\test\brown_spot\2026_brown_spot_brown spot_2132.jpg,0.54912,0.385977,rice_tungro,False
brown_spot,True,data\RiceCrossYear\test\brown_spot\2026_brown_spot_brown spot_1598.jpg,0.548757,0.210882,rice_tungro,False
brown_spot,True,data\RiceCrossYear\test\brown_spot\2026_brown_spot_brown spot_69.jpg,0.548063,0.548063,brown_spot,True
brown_spot,True,data\RiceCrossYear\test\brown_spot\2026_brown_spot_brown spot_458.jpg,0.54639,0.54639,brown_spot,True
brown_spot,True,data\RiceCrossYear\test\brown_spot\2026_brown_spot_brown spot_1408.jpg,0.545101,0.545101,brown_spot,True
brown_spot,True,data\RiceCrossYear\test\brown_spot\2026_brown_spot_brown spot_665.jpg,0.543448,0.543448,brown_spot,True
brown_spot,True,data\RiceCrossYear\test\brown_spot\2026_brown_spot_brown spot_233.jpg,0.539953,0.539953,brown_spot,True
brown_spot,True,data\RiceCrossYear\test\brown_spot\2026_brown_spot_brown spot_1935.jpg,0.538925,0.538925,brown_spot,True
brown_spot,True,data\RiceCrossYear\test\brown_spot\2026_brown_spot_brown spot_695.jpg,0.536781,0.536781,brown_spot,True
brown_spot,True,data\RiceCrossYear\test\brown_spot\2026_brown_spot_brown spot_1340.jpg,0.536208,0.536208,brown_spot,True
brown_spot,True,data\RiceCrossYear\test\brown_spot\2026_brown_spot_brown spot_1951.jpg,0.535688,0.143809,rice_tungro,False
brown_spot,True,data\RiceCrossYear\test\brown_spot\2026_brown_spot_brown spot_1411.jpg,0.535327,0.398794,rice_tungro,False
brown_spot,True,data\RiceCrossYear\test\brown_spot\2026_brown_spot_brown spot_1459.jpg,0.534973,0.251734,rice_blast,False
brown_spot,True,data\RiceCrossYear\test\brown_spot\2026_brown_spot_brown spot_2150.jpg,0.532198,0.382953,rice_tungro,False
brown_spot,True,data\RiceCrossYear\test\brown_spot\2026_brown_spot_brown spot_588.jpg,0.531589,0.531589,brown_spot,True
brown_spot,True,data\RiceCrossYear\test\brown_spot\2026_brown_spot_brown spot_1570.jpg,0.531443,0.041423,rice_tungro,False
brown_spot,True,data\RiceCrossYear\test\brown_spot\2026_brown_spot_brown spot_1990.jpg,0.531259,0.254652,rice_tungro,False
brown_spot,True,data\RiceCrossYear\test\brown_spot\2026_brown_spot_brown spot_1285.jpg,0.531214,0.531214,brown_spot,True
brown_spot,True,data\RiceCrossYear\test\brown_spot\2026_brown_spot_brown spot_2015.jpg,0.530946,0.309623,rice_tungro,False
brown_spot,True,data\RiceCrossYear\test\brown_spot\2026_brown_spot_brown spot_2145.jpg,0.529125,0.529125,brown_spot,True
brown_spot,True,data\RiceCrossYear\test\brown_spot\2026_brown_spot_brown spot_1336.jpg,0.528757,0.393707,rice_tungro,False
brown_spot,True,data\RiceCrossYear\test\brown_spot\2026_brown_spot_brown spot_2104.jpg,0.528625,0.112716,rice_blast,False
brown_spot,True,data\RiceCrossYear\test\brown_spot\2026_brown_spot_brown spot_941.jpg,0.527841,0.527841,brown_spot,True
brown_spot,True,data\RiceCrossYear\test\brown_spot\2026_brown_spot_brown spot_1556.jpg,0.52783,0.52783,brown_spot,True
brown_spot,True,data\RiceCrossYear\test\brown_spot\2026_brown_spot_brown spot_430.jpg,0.527786,0.527786,brown_spot,True
brown_spot,True,data\RiceCrossYear\test\brown_spot\2026_brown_spot_brown spot_269.jpg,0.525426,0.525426,brown_spot,True
brown_spot,True,data\RiceCrossYear\test\brown_spot\2026_brown_spot_brown spot_701.jpg,0.524045,0.185646,healthy,False
brown_spot,True,data\RiceCrossYear\test\brown_spot\2026_brown_spot_brown spot_1446.jpg,0.523841,0.523841,brown_spot,True
brown_spot,True,data\RiceCrossYear\test\brown_spot\2026_brown_spot_brown spot_111.jpg,0.523682,0.356946,rice_blast,False
brown_spot,True,data\RiceCrossYear\test\brown_spot\2026_brown_spot_brown spot_617.jpg,0.522953,0.092985,healthy,False
brown_spot,True,data\RiceCrossYear\test\brown_spot\2026_brown_spot_brown spot_877.jpg,0.5228,0.5228,brown_spot,True
brown_spot,True,data\RiceCrossYear\test\brown_spot\2026_brown_spot_brown spot_618.jpg,0.521191,0.066036,rice_tungro,False
brown_spot,True,data\RiceCrossYear\test\brown_spot\2026_brown_spot_brown spot_1351.jpg,0.520681,0.520681,brown_spot,True
brown_spot,True,data\RiceCrossYear\test\brown_spot\2026_brown_spot_brown spot_305.jpg,0.520341,0.520341,brown_spot,True
brown_spot,True,data\RiceCrossYear\test\brown_spot\2026_brown_spot_brown spot_912.jpg,0.520225,0.520225,brown_spot,True
brown_spot,True,data\RiceCrossYear\test\brown_spot\2026_brown_spot_brown spot_2125.jpg,0.516311,0.073983,rice_blast,False
brown_spot,True,data\RiceCrossYear\test\brown_spot\2026_brown_spot_brown spot_1573.jpg,0.514653,0.514653,brown_spot,True
brown_spot,True,data\RiceCrossYear\test\brown_spot\2026_brown_spot_brown spot_1551.jpg,0.513778,0.513778,brown_spot,True
brown_spot,True,data\RiceCrossYear\test\brown_spot\2026_brown_spot_brown spot_1808.jpg,0.512928,0.091784,rice_tungro,False
brown_spot,True,data\RiceCrossYear\test\brown_spot\2026_brown_spot_brown spot_719.jpg,0.512176,0.512176,brown_spot,True
brown_spot,True,data\RiceCrossYear\test\brown_spot\2026_brown_spot_brown spot_2112.jpg,0.510395,0.123681,rice_blast,False
brown_spot,True,data\RiceCrossYear\test\brown_spot\2026_brown_spot_brown spot_1562.jpg,0.509142,0.34024,healthy,False
brown_spot,True,data\RiceCrossYear\test\brown_spot\2026_brown_spot_brown spot_2157.jpg,0.507533,0.398367,rice_blast,False
brown_spot,True,data\RiceCrossYear\test\brown_spot\2026_brown_spot_brown spot_1650.jpg,0.504114,0.504114,brown_spot,True
brown_spot,True,data\RiceCrossYear\test\brown_spot\2026_brown_spot_brown spot_1182.jpg,0.503953,0.38152,healthy,False
brown_spot,True,data\RiceCrossYear\test\brown_spot\2026_brown_spot_brown spot_15.jpg,0.503414,0.503414,brown_spot,True
brown_spot,True,data\RiceCrossYear\test\brown_spot\2026_brown_spot_brown spot_1023.jpg,0.500332,0.500332,brown_spot,True
brown_spot,True,data\RiceCrossYear\test\brown_spot\2026_brown_spot_brown spot_1504.jpg,0.499805,0.499805,brown_spot,True
brown_spot,True,data\RiceCrossYear\test\brown_spot\2026_brown_spot_brown spot_1156.jpg,0.498781,0.117377,rice_blast,False
brown_spot,True,data\RiceCrossYear\test\brown_spot\2026_brown_spot_brown spot_707.jpg,0.497157,0.497157,brown_spot,True
brown_spot,True,data\RiceCrossYear\test\brown_spot\2026_brown_spot_brown spot_2159.jpg,0.496934,0.496934,brown_spot,True
brown_spot,True,data\RiceCrossYear\test\brown_spot\2026_brown_spot_brown spot_1366.jpg,0.492222,0.492222,brown_spot,True
brown_spot,True,data\RiceCrossYear\test\brown_spot\2026_brown_spot_brown spot_1447.jpg,0.492187,0.492187,brown_spot,True
brown_spot,True,data\RiceCrossYear\test\brown_spot\2026_brown_spot_brown spot_321.jpg,0.491259,0.491259,brown_spot,True
brown_spot,True,data\RiceCrossYear\test\brown_spot\2026_brown_spot_brown spot_178.jpg,0.491078,0.491078,brown_spot,True
brown_spot,True,data\RiceCrossYear\test\brown_spot\2026_brown_spot_brown spot_1870.jpg,0.4895,0.422181,rice_blast,False
brown_spot,True,data\RiceCrossYear\test\brown_spot\2026_brown_spot_brown spot_24.jpg,0.487881,0.487881,brown_spot,True
brown_spot,True,data\RiceCrossYear\test\brown_spot\2026_brown_spot_brown spot_1891.jpg,0.485627,0.485627,brown_spot,True
brown_spot,True,data\RiceCrossYear\test\brown_spot\2026_brown_spot_brown spot_1522.jpg,0.485034,0.485034,brown_spot,True
brown_spot,True,data\RiceCrossYear\test\brown_spot\2026_brown_spot_brown spot_846.jpg,0.484274,0.484274,brown_spot,True
brown_spot,True,data\RiceCrossYear\test\brown_spot\2026_brown_spot_brown spot_2134.jpg,0.482413,0.454959,rice_tungro,False
brown_spot,True,data\RiceCrossYear\test\brown_spot\2026_brown_spot_brown spot_1756.jpg,0.480648,0.065271,healthy,False
brown_spot,True,data\RiceCrossYear\test\brown_spot\2026_brown_spot_brown spot_901.jpg,0.477922,0.351367,healthy,False
brown_spot,True,data\RiceCrossYear\test\brown_spot\2026_brown_spot_brown spot_1391.jpg,0.477886,0.313405,rice_tungro,False
brown_spot,True,data\RiceCrossYear\test\brown_spot\2026_brown_spot_brown spot_697.jpg,0.477872,0.115461,healthy,False
brown_spot,True,data\RiceCrossYear\test\brown_spot\2026_brown_spot_brown spot_1995.jpg,0.476811,0.225285,rice_tungro,False
brown_spot,True,data\RiceCrossYear\test\brown_spot\2026_brown_spot_brown spot_1999.jpg,0.4762,0.359806,rice_tungro,False
brown_spot,True,data\RiceCrossYear\test\brown_spot\2026_brown_spot_brown spot_645.jpg,0.475581,0.475581,brown_spot,True
brown_spot,True,data\RiceCrossYear\test\brown_spot\2026_brown_spot_brown spot_1183.jpg,0.474195,0.415625,healthy,False
brown_spot,True,data\RiceCrossYear\test\brown_spot\2026_brown_spot_brown spot_1284.jpg,0.474126,0.474126,brown_spot,True
brown_spot,True,data\RiceCrossYear\test\brown_spot\2026_brown_spot_brown spot_2133.jpg,0.474067,0.474067,brown_spot,True
brown_spot,True,data\RiceCrossYear\test\brown_spot\2026_brown_spot_brown spot_287.jpg,0.471967,0.088205,rice_tungro,False
brown_spot,True,data\RiceCrossYear\test\brown_spot\2026_brown_spot_brown spot_417.jpg,0.46901,0.395718,rice_tungro,False
brown_spot,True,data\RiceCrossYear\test\brown_spot\2026_brown_spot_brown spot_1131.jpg,0.468928,0.057642,rice_tungro,False
brown_spot,True,data\RiceCrossYear\test\brown_spot\2026_brown_spot_brown spot_750.jpg,0.467963,0.427752,rice_blast,False
brown_spot,True,data\RiceCrossYear\test\brown_spot\2026_brown_spot_brown spot_986.jpg,0.466808,0.466808,brown_spot,True
brown_spot,True,data\RiceCrossYear\test\brown_spot\2026_brown_spot_brown spot_1991.jpg,0.466608,0.277064,rice_tungro,False
brown_spot,True,data\RiceCrossYear\test\brown_spot\2026_brown_spot_brown spot_148.jpg,0.464822,0.280658,rice_tungro,False
brown_spot,True,data\RiceCrossYear\test\brown_spot\2026_brown_spot_brown spot_1892.jpg,0.464325,0.464325,brown_spot,True
brown_spot,True,data\RiceCrossYear\test\brown_spot\2026_brown_spot_brown spot_616.jpg,0.464087,0.075834,healthy,False
brown_spot,True,data\RiceCrossYear\test\brown_spot\2026_brown_spot_brown spot_1975.jpg,0.462439,0.451066,rice_tungro,False
brown_spot,True,data\RiceCrossYear\test\brown_spot\2026_brown_spot_brown spot_704.jpg,0.461978,0.298093,healthy,False
brown_spot,True,data\RiceCrossYear\test\brown_spot\2026_brown_spot_brown spot_1841.jpg,0.46059,0.43693,healthy,False
brown_spot,True,data\RiceCrossYear\test\brown_spot\2026_brown_spot_brown spot_382.jpg,0.455233,0.455233,brown_spot,True
brown_spot,True,data\RiceCrossYear\test\brown_spot\2026_brown_spot_brown spot_1181.jpg,0.45359,0.45359,brown_spot,True
brown_spot,True,data\RiceCrossYear\test\brown_spot\2026_brown_spot_brown spot_1442.jpg,0.451725,0.451725,brown_spot,True
brown_spot,True,data\RiceCrossYear\test\brown_spot\2026_brown_spot_brown spot_2066.jpg,0.451584,0.451584,brown_spot,True
brown_spot,True,data\RiceCrossYear\test\brown_spot\2026_brown_spot_brown spot_423.jpg,0.447399,0.306256,rice_tungro,False
brown_spot,True,data\RiceCrossYear\test\brown_spot\2026_brown_spot_brown spot_1155.jpg,0.447169,0.292117,rice_blast,False
brown_spot,True,data\RiceCrossYear\test\brown_spot\2026_brown_spot_brown spot_1132.jpg,0.445725,0.372053,rice_tungro,False
brown_spot,True,data\RiceCrossYear\test\brown_spot\2026_brown_spot_brown spot_2090.jpg,0.445088,0.072375,rice_tungro,False
brown_spot,True,data\RiceCrossYear\test\brown_spot\2026_brown_spot_brown spot_2070.jpg,0.444349,0.374362,rice_tungro,False
brown_spot,True,data\RiceCrossYear\test\brown_spot\2026_brown_spot_brown spot_1402.jpg,0.444061,0.24483,healthy,False
brown_spot,True,data\RiceCrossYear\test\brown_spot\2026_brown_spot_brown spot_690.jpg,0.442474,0.442474,brown_spot,True
brown_spot,True,data\RiceCrossYear\test\brown_spot\2026_brown_spot_brown spot_698.jpg,0.438429,0.257496,healthy,False
brown_spot,True,data\RiceCrossYear\test\brown_spot\2026_brown_spot_brown spot_960.jpg,0.438244,0.186655,rice_blast,False
brown_spot,True,data\RiceCrossYear\test\brown_spot\2026_brown_spot_brown spot_983.jpg,0.436057,0.436057,brown_spot,True
brown_spot,True,data\RiceCrossYear\test\brown_spot\2026_brown_spot_brown spot_1559.jpg,0.43598,0.075984,rice_tungro,False
brown_spot,True,data\RiceCrossYear\test\brown_spot\2026_brown_spot_brown spot_303.jpg,0.435579,0.404422,rice_tungro,False
brown_spot,True,data\RiceCrossYear\test\brown_spot\2026_brown_spot_brown spot_2043.jpg,0.434496,0.057189,healthy,False
brown_spot,True,data\RiceCrossYear\test\brown_spot\2026_brown_spot_brown spot_2167.jpg,0.433852,0.092192,rice_tungro,False
brown_spot,True,data\RiceCrossYear\test\brown_spot\2026_brown_spot_brown spot_1894.jpg,0.432586,0.284355,rice_tungro,False
brown_spot,True,data\RiceCrossYear\test\brown_spot\2026_brown_spot_brown spot_1448.jpg,0.43237,0.43237,brown_spot,True
brown_spot,True,data\RiceCrossYear\test\brown_spot\2026_brown_spot_brown spot_1196.jpg,0.432266,0.299897,rice_blast,False
brown_spot,True,data\RiceCrossYear\test\brown_spot\2026_brown_spot_brown spot_1363.jpg,0.430928,0.430928,brown_spot,True
brown_spot,True,data\RiceCrossYear\test\brown_spot\2026_brown_spot_brown spot_1456.jpg,0.428776,0.428776,brown_spot,True
brown_spot,True,data\RiceCrossYear\test\brown_spot\2026_brown_spot_brown spot_95.jpg,0.422967,0.422967,brown_spot,True
brown_spot,True,data\RiceCrossYear\test\brown_spot\2026_brown_spot_brown spot_970.jpg,0.420944,0.420944,brown_spot,True
brown_spot,True,data\RiceCrossYear\test\brown_spot\2026_brown_spot_brown spot_1199.jpg,0.420767,0.388482,rice_blast,False
brown_spot,True,data\RiceCrossYear\test\brown_spot\2026_brown_spot_brown spot_911.jpg,0.420323,0.332097,rice_blast,False
brown_spot,True,data\RiceCrossYear\test\brown_spot\2026_brown_spot_brown spot_516.jpg,0.419836,0.419836,brown_spot,True
brown_spot,True,data\RiceCrossYear\test\brown_spot\2026_brown_spot_brown spot_1418.jpg,0.418939,0.418939,brown_spot,True
brown_spot,True,data\RiceCrossYear\test\brown_spot\2026_brown_spot_brown spot_1507.jpg,0.417493,0.305481,rice_blast,False
brown_spot,True,data\RiceCrossYear\test\brown_spot\2026_brown_spot_brown spot_1040.jpg,0.415548,0.415548,brown_spot,True
brown_spot,True,data\RiceCrossYear\test\brown_spot\2026_brown_spot_brown spot_270.jpg,0.415162,0.146092,rice_tungro,False
brown_spot,True,data\RiceCrossYear\test\brown_spot\2026_brown_spot_brown spot_2016.jpg,0.41405,0.308147,rice_tungro,False
brown_spot,True,data\RiceCrossYear\test\brown_spot\2026_brown_spot_brown spot_1041.jpg,0.412936,0.289899,rice_tungro,False
brown_spot,True,data\RiceCrossYear\test\brown_spot\2026_brown_spot_brown spot_1670.jpg,0.411265,0.385594,healthy,False
brown_spot,True,data\RiceCrossYear\test\brown_spot\2026_brown_spot_brown spot_1410.jpg,0.410874,0.410874,brown_spot,True
brown_spot,True,data\RiceCrossYear\test\brown_spot\2026_brown_spot_brown spot_709.jpg,0.409841,0.409841,brown_spot,True
brown_spot,True,data\RiceCrossYear\test\brown_spot\2026_brown_spot_brown spot_660.jpg,0.408595,0.408595,brown_spot,True
brown_spot,True,data\RiceCrossYear\test\brown_spot\2026_brown_spot_brown spot_1116.jpg,0.407805,0.407805,brown_spot,True
brown_spot,True,data\RiceCrossYear\test\brown_spot\2026_brown_spot_brown spot_1632.jpg,0.407711,0.12383,rice_tungro,False
brown_spot,True,data\RiceCrossYear\test\brown_spot\2026_brown_spot_brown spot_585.jpg,0.403826,0.403826,brown_spot,True
brown_spot,True,data\RiceCrossYear\test\brown_spot\2026_brown_spot_brown spot_2131.jpg,0.40178,0.353791,rice_blast,False
brown_spot,True,data\RiceCrossYear\test\brown_spot\2026_brown_spot_brown spot_673.jpg,0.398282,0.061019,rice_tungro,False
brown_spot,True,data\RiceCrossYear\test\brown_spot\2026_brown_spot_brown spot_1198.jpg,0.398044,0.286421,rice_blast,False
brown_spot,True,data\RiceCrossYear\test\brown_spot\2026_brown_spot_brown spot_1287.jpg,0.391063,0.391063,brown_spot,True
brown_spot,True,data\RiceCrossYear\test\brown_spot\2026_brown_spot_brown spot_984.jpg,0.391046,0.391046,brown_spot,True
brown_spot,True,data\RiceCrossYear\test\brown_spot\2026_brown_spot_brown spot_1449.jpg,0.38604,0.38604,brown_spot,True
brown_spot,True,data\RiceCrossYear\test\brown_spot\2026_brown_spot_brown spot_1561.jpg,0.383168,0.383168,brown_spot,True
brown_spot,True,data\RiceCrossYear\test\brown_spot\2026_brown_spot_brown spot_1450.jpg,0.381169,0.381169,brown_spot,True
brown_spot,True,data\RiceCrossYear\test\brown_spot\2026_brown_spot_brown spot_1452.jpg,0.378789,0.378789,brown_spot,True
brown_spot,True,data\RiceCrossYear\test\brown_spot\2026_brown_spot_brown spot_1154.jpg,0.375908,0.208459,rice_blast,False
brown_spot,True,data\RiceCrossYear\test\brown_spot\2026_brown_spot_brown spot_1807.jpg,0.372664,0.154254,healthy,False
brown_spot,True,data\RiceCrossYear\test\brown_spot\2026_brown_spot_brown spot_89.jpg,0.372543,0.16307,rice_blast,False
brown_spot,True,data\RiceCrossYear\test\brown_spot\2026_brown_spot_brown spot_2115.jpg,0.369248,0.145876,rice_blast,False
brown_spot,True,data\RiceCrossYear\test\brown_spot\2026_brown_spot_brown spot_1406.jpg,0.36316,0.279002,healthy,False
brown_spot,True,data\RiceCrossYear\test\brown_spot\2026_brown_spot_brown spot_428.jpg,0.362589,0.362589,brown_spot,True
brown_spot,True,data\RiceCrossYear\test\brown_spot\2026_brown_spot_brown spot_1806.jpg,0.361085,0.097756,rice_tungro,False
brown_spot,True,data\RiceCrossYear\test\brown_spot\2026_brown_spot_brown spot_1401.jpg,0.355791,0.259177,healthy,False
brown_spot,True,data\RiceCrossYear\test\brown_spot\2026_brown_spot_brown spot_1994.jpg,0.343669,0.343669,brown_spot,True
brown_spot,True,data\RiceCrossYear\test\brown_spot\2026_brown_spot_brown spot_2014.jpg,0.334779,0.334779,brown_spot,True
brown_spot,True,data\RiceCrossYear\test\brown_spot\2026_brown_spot_brown spot_875.jpg,0.332028,0.332028,brown_spot,True
brown_spot,True,data\RiceCrossYear\test\brown_spot\2026_brown_spot_brown spot_627.jpg,0.321645,0.226776,rice_tungro,False
brown_spot,True,data\RiceCrossYear\test\brown_spot\2026_brown_spot_brown spot_691.jpg,0.317576,0.30002,rice_blast,False
brown_spot,True,data\RiceCrossYear\test\brown_spot\2026_brown_spot_brown spot_663.jpg,0.308851,0.132309,rice_blast,False
brown_spot,True,data\RiceCrossYear\test\brown_spot\2026_brown_spot_brown spot_684.jpg,0.294077,0.208526,rice_tungro,False
healthy,False,data\RiceCrossYear\test\healthy\2026_healthy_Healthy_1146.jpg,0.957533,0.957533,healthy,True
healthy,False,data\RiceCrossYear\test\healthy\2026_healthy_Healthy_1.jpg,0.95392,0.95392,healthy,True
healthy,False,data\RiceCrossYear\test\healthy\2026_healthy_Healthy_520.jpg,0.95172,0.95172,healthy,True
healthy,False,data\RiceCrossYear\test\healthy\2026_healthy_Healthy_744.jpg,0.949445,0.949445,healthy,True
healthy,False,data\RiceCrossYear\test\healthy\2026_healthy_Healthy_774.jpg,0.949437,0.949437,healthy,True
healthy,False,data\RiceCrossYear\test\healthy\2026_healthy_Healthy_821.jpg,0.948696,0.948696,healthy,True
healthy,False,data\RiceCrossYear\test\healthy\2026_healthy_Healthy_763.jpg,0.948353,0.948353,healthy,True
healthy,False,data\RiceCrossYear\test\healthy\2026_healthy_Healthy_473.jpg,0.94761,0.94761,healthy,True
healthy,False,data\RiceCrossYear\test\healthy\2026_healthy_image_0060.jpg,0.947544,0.947544,healthy,True
healthy,False,data\RiceCrossYear\test\healthy\2026_healthy_image_0262.jpg,0.947405,0.024209,brown_spot,False
healthy,False,data\RiceCrossYear\test\healthy\2026_healthy_image_0101.jpg,0.947253,0.947253,healthy,True
healthy,False,data\RiceCrossYear\test\healthy\2026_healthy_Healthy_188.jpg,0.946137,0.016168,rice_tungro,False
healthy,False,data\RiceCrossYear\test\healthy\2026_healthy_Healthy_444.jpg,0.944789,0.944789,healthy,True
healthy,False,data\RiceCrossYear\test\healthy\2026_healthy_Healthy_887.jpg,0.944245,0.944245,healthy,True
healthy,False,data\RiceCrossYear\test\healthy\2026_healthy_image_0466.jpg,0.943787,0.943787,healthy,True
healthy,False,data\RiceCrossYear\test\healthy\2026_healthy_image_0202.jpg,0.943532,0.943532,healthy,True
healthy,False,data\RiceCrossYear\test\healthy\2026_healthy_Healthy_492.jpg,0.942996,0.942996,healthy,True
healthy,False,data\RiceCrossYear\test\healthy\2026_healthy_image_0371.jpg,0.942787,0.942787,healthy,True
healthy,False,data\RiceCrossYear\test\healthy\2026_healthy_Healthy_471.jpg,0.942586,0.942586,healthy,True
healthy,False,data\RiceCrossYear\test\healthy\2026_healthy_Healthy_1141.jpg,0.941579,0.941579,healthy,True
healthy,False,data\RiceCrossYear\test\healthy\2026_healthy_image_0123.jpg,0.941415,0.941415,healthy,True
healthy,False,data\RiceCrossYear\test\healthy\2026_healthy_Healthy_745.jpg,0.940575,0.940575,healthy,True
healthy,False,data\RiceCrossYear\test\healthy\2026_healthy_Healthy_886.jpg,0.937771,0.937771,healthy,True
healthy,False,data\RiceCrossYear\test\healthy\2026_healthy_Healthy_787.jpg,0.93769,0.93769,healthy,True
healthy,False,data\RiceCrossYear\test\healthy\2026_healthy_image_0069.jpg,0.937604,0.937604,healthy,True
healthy,False,data\RiceCrossYear\test\healthy\2026_healthy_Healthy_491.jpg,0.93643,0.93643,healthy,True
healthy,False,data\RiceCrossYear\test\healthy\2026_healthy_image_0304.jpg,0.936105,0.936105,healthy,True
healthy,False,data\RiceCrossYear\test\healthy\2026_healthy_Healthy_989.jpg,0.9358,0.9358,healthy,True
healthy,False,data\RiceCrossYear\test\healthy\2026_healthy_Healthy_804.jpg,0.935591,0.935591,healthy,True
healthy,False,data\RiceCrossYear\test\healthy\2026_healthy_image_0479.jpg,0.935425,0.935425,healthy,True
healthy,False,data\RiceCrossYear\test\healthy\2026_healthy_Healthy_524.jpg,0.934952,0.934952,healthy,True
healthy,False,data\RiceCrossYear\test\healthy\2026_healthy_image_0490.jpg,0.934611,0.934611,healthy,True
healthy,False,data\RiceCrossYear\test\healthy\2026_healthy_Healthy_777.jpg,0.934378,0.934378,healthy,True
healthy,False,data\RiceCrossYear\test\healthy\2026_healthy_Healthy_778.jpg,0.934261,0.934261,healthy,True
healthy,False,data\RiceCrossYear\test\healthy\2026_healthy_image_0391.jpg,0.934074,0.934074,healthy,True
healthy,False,data\RiceCrossYear\test\healthy\2026_healthy_Healthy_1021.jpg,0.933899,0.933899,healthy,True
healthy,False,data\RiceCrossYear\test\healthy\2026_healthy_Healthy_1016.jpg,0.933703,0.933703,healthy,True
healthy,False,data\RiceCrossYear\test\healthy\2026_healthy_Healthy_1076.jpg,0.933698,0.933698,healthy,True
healthy,False,data\RiceCrossYear\test\healthy\2026_healthy_Healthy_826.jpg,0.933249,0.933249,healthy,True
healthy,False,data\RiceCrossYear\test\healthy\2026_healthy_image_0029.jpg,0.932871,0.932871,healthy,True
healthy,False,data\RiceCrossYear\test\healthy\2026_healthy_image_0115.jpg,0.93285,0.93285,healthy,True
healthy,False,data\RiceCrossYear\test\healthy\2026_healthy_Healthy_822.jpg,0.932672,0.932672,healthy,True
healthy,False,data\RiceCrossYear\test\healthy\2026_healthy_Healthy_888.jpg,0.931046,0.931046,healthy,True
healthy,False,data\RiceCrossYear\test\healthy\2026_healthy_Healthy_152.jpg,0.930726,0.02944,rice_tungro,False
healthy,False,data\RiceCrossYear\test\healthy\2026_healthy_Healthy_237.jpg,0.930539,0.02022,brown_spot,False
healthy,False,data\RiceCrossYear\test\healthy\2026_healthy_Healthy_825.jpg,0.929684,0.929684,healthy,True
healthy,False,data\RiceCrossYear\test\healthy\2026_healthy_Healthy_988.jpg,0.928957,0.928957,healthy,True
healthy,False,data\RiceCrossYear\test\healthy\2026_healthy_Healthy_1543.jpg,0.928928,0.928928,healthy,True
healthy,False,data\RiceCrossYear\test\healthy\2026_healthy_Healthy_797.jpg,0.928727,0.928727,healthy,True
healthy,False,data\RiceCrossYear\test\healthy\2026_healthy_image_0219.jpg,0.928381,0.928381,healthy,True
healthy,False,data\RiceCrossYear\test\healthy\2026_healthy_Healthy_506.jpg,0.927579,0.927579,healthy,True
healthy,False,data\RiceCrossYear\test\healthy\2026_healthy_Healthy_1253.jpg,0.926829,0.926829,healthy,True
healthy,False,data\RiceCrossYear\test\healthy\2026_healthy_Healthy_1539.jpg,0.926656,0.926656,healthy,True
healthy,False,data\RiceCrossYear\test\healthy\2026_healthy_image_0204.jpg,0.925867,0.925867,healthy,True
healthy,False,data\RiceCrossYear\test\healthy\2026_healthy_Healthy_123.jpg,0.925574,0.020369,rice_tungro,False
healthy,False,data\RiceCrossYear\test\healthy\2026_healthy_image_0212.jpg,0.925536,0.925536,healthy,True
healthy,False,data\RiceCrossYear\test\healthy\2026_healthy_Healthy_963.jpg,0.925292,0.925292,healthy,True
healthy,False,data\RiceCrossYear\test\healthy\2026_healthy_image_0192.jpg,0.925156,0.925156,healthy,True
healthy,False,data\RiceCrossYear\test\healthy\2026_healthy_image_0239.jpg,0.925118,0.925118,healthy,True
healthy,False,data\RiceCrossYear\test\healthy\2026_healthy_Healthy_740.jpg,0.924878,0.924878,healthy,True
healthy,False,data\RiceCrossYear\test\healthy\2026_healthy_Healthy_785.jpg,0.924814,0.924814,healthy,True
healthy,False,data\RiceCrossYear\test\healthy\2026_healthy_Healthy_1552.jpg,0.924685,0.924685,healthy,True
healthy,False,data\RiceCrossYear\test\healthy\2026_healthy_Healthy_484.jpg,0.924335,0.924335,healthy,True
healthy,False,data\RiceCrossYear\test\healthy\2026_healthy_Healthy_1018.jpg,0.924266,0.924266,healthy,True
healthy,False,data\RiceCrossYear\test\healthy\2026_healthy_Healthy_1103.jpg,0.924216,0.924216,healthy,True
healthy,False,data\RiceCrossYear\test\healthy\2026_healthy_Healthy_1104.jpg,0.924138,0.924138,healthy,True
healthy,False,data\RiceCrossYear\test\healthy\2026_healthy_image_0108.jpg,0.923721,0.923721,healthy,True
healthy,False,data\RiceCrossYear\test\healthy\2026_healthy_image_0487.jpg,0.923044,0.923044,healthy,True
healthy,False,data\RiceCrossYear\test\healthy\2026_healthy_Healthy_889.jpg,0.922592,0.922592,healthy,True
healthy,False,data\RiceCrossYear\test\healthy\2026_healthy_Healthy_986.jpg,0.922318,0.922318,healthy,True
healthy,False,data\RiceCrossYear\test\healthy\2026_healthy_Healthy_779.jpg,0.92153,0.92153,healthy,True
healthy,False,data\RiceCrossYear\test\healthy\2026_healthy_image_0117.jpg,0.921358,0.921358,healthy,True
healthy,False,data\RiceCrossYear\test\healthy\2026_healthy_Healthy_1122.jpg,0.921306,0.921306,healthy,True
healthy,False,data\RiceCrossYear\test\healthy\2026_healthy_Healthy_1120.jpg,0.921141,0.921141,healthy,True
healthy,False,data\RiceCrossYear\test\healthy\2026_healthy_Healthy_957.jpg,0.920974,0.920974,healthy,True
healthy,False,data\RiceCrossYear\test\healthy\2026_healthy_Healthy_525.jpg,0.920937,0.920937,healthy,True
healthy,False,data\RiceCrossYear\test\healthy\2026_healthy_image_0127.jpg,0.920856,0.920856,healthy,True
healthy,False,data\RiceCrossYear\test\healthy\2026_healthy_image_0370.jpg,0.920814,0.920814,healthy,True
healthy,False,data\RiceCrossYear\test\healthy\2026_healthy_image_0077.jpg,0.92078,0.92078,healthy,True
healthy,False,data\RiceCrossYear\test\healthy\2026_healthy_image_0271.jpg,0.920767,0.920767,healthy,True
healthy,False,data\RiceCrossYear\test\healthy\2026_healthy_Healthy_1239.jpg,0.920517,0.920517,healthy,True
healthy,False,data\RiceCrossYear\test\healthy\2026_healthy_Healthy_820.jpg,0.920415,0.920415,healthy,True
healthy,False,data\RiceCrossYear\test\healthy\2026_healthy_Healthy_992.jpg,0.919906,0.919906,healthy,True
healthy,False,data\RiceCrossYear\test\healthy\2026_healthy_Healthy_6.jpg,0.919875,0.919875,healthy,True
healthy,False,data\RiceCrossYear\test\healthy\2026_healthy_image_0033.jpg,0.919526,0.919526,healthy,True
healthy,False,data\RiceCrossYear\test\healthy\2026_healthy_Healthy_823.jpg,0.919173,0.919173,healthy,True
healthy,False,data\RiceCrossYear\test\healthy\2026_healthy_Healthy_5.jpg,0.919149,0.919149,healthy,True
healthy,False,data\RiceCrossYear\test\healthy\2026_healthy_Healthy_984.jpg,0.917891,0.917891,healthy,True
healthy,False,data\RiceCrossYear\test\healthy\2026_healthy_Healthy_171.jpg,0.917591,0.037286,rice_tungro,False
healthy,False,data\RiceCrossYear\test\healthy\2026_healthy_image_0387.jpg,0.91671,0.91671,healthy,True
healthy,False,data\RiceCrossYear\test\healthy\2026_healthy_Healthy_993.jpg,0.916424,0.916424,healthy,True
healthy,False,data\RiceCrossYear\test\healthy\2026_healthy_image_0464.jpg,0.916336,0.916336,healthy,True
healthy,False,data\RiceCrossYear\test\healthy\2026_healthy_image_0174.jpg,0.916331,0.916331,healthy,True
healthy,False,data\RiceCrossYear\test\healthy\2026_healthy_image_0076.jpg,0.916089,0.916089,healthy,True
healthy,False,data\RiceCrossYear\test\healthy\2026_healthy_Healthy_818.jpg,0.916074,0.916074,healthy,True
healthy,False,data\RiceCrossYear\test\healthy\2026_healthy_Healthy_1012.jpg,0.915513,0.915513,healthy,True
healthy,False,data\RiceCrossYear\test\healthy\2026_healthy_Healthy_1116.jpg,0.914969,0.914969,healthy,True
healthy,False,data\RiceCrossYear\test\healthy\2026_healthy_Healthy_1061.jpg,0.914892,0.914892,healthy,True
healthy,False,data\RiceCrossYear\test\healthy\2026_healthy_Healthy_1143.jpg,0.914891,0.914891,healthy,True
healthy,False,data\RiceCrossYear\test\healthy\2026_healthy_image_0093.jpg,0.914573,0.914573,healthy,True
healthy,False,data\RiceCrossYear\test\healthy\2026_healthy_Healthy_1232.jpg,0.914547,0.914547,healthy,True
healthy,False,data\RiceCrossYear\test\healthy\2026_healthy_Healthy_1393.jpg,0.914056,0.036854,rice_tungro,False
healthy,False,data\RiceCrossYear\test\healthy\2026_healthy_Healthy_208.jpg,0.913725,0.034339,rice_tungro,False
healthy,False,data\RiceCrossYear\test\healthy\2026_healthy_Healthy_1165.jpg,0.913722,0.913722,healthy,True
healthy,False,data\RiceCrossYear\test\healthy\2026_healthy_Healthy_881.jpg,0.913707,0.913707,healthy,True
healthy,False,data\RiceCrossYear\test\healthy\2026_healthy_Healthy_1254.jpg,0.913605,0.913605,healthy,True
healthy,False,data\RiceCrossYear\test\healthy\2026_healthy_Healthy_499.jpg,0.913376,0.913376,healthy,True
healthy,False,data\RiceCrossYear\test\healthy\2026_healthy_image_0236.jpg,0.913292,0.913292,healthy,True
healthy,False,data\RiceCrossYear\test\healthy\2026_healthy_Healthy_891.jpg,0.913164,0.913164,healthy,True
healthy,False,data\RiceCrossYear\test\healthy\2026_healthy_Healthy_1117.jpg,0.913151,0.913151,healthy,True
healthy,False,data\RiceCrossYear\test\healthy\2026_healthy_image_0191.jpg,0.913125,0.913125,healthy,True
healthy,False,data\RiceCrossYear\test\healthy\2026_healthy_Healthy_1109.jpg,0.913086,0.913086,healthy,True
healthy,False,data\RiceCrossYear\test\healthy\2026_healthy_Healthy_1060.jpg,0.912864,0.912864,healthy,True
healthy,False,data\RiceCrossYear\test\healthy\2026_healthy_Healthy_102.jpg,0.912805,0.02217,brown_spot,False
healthy,False,data\RiceCrossYear\test\healthy\2026_healthy_Healthy_962.jpg,0.912781,0.912781,healthy,True
healthy,False,data\RiceCrossYear\test\healthy\2026_healthy_image_0107.jpg,0.912188,0.912188,healthy,True
healthy,False,data\RiceCrossYear\test\healthy\2026_healthy_image_0094.jpg,0.912165,0.912165,healthy,True
healthy,False,data\RiceCrossYear\test\healthy\2026_healthy_Healthy_783.jpg,0.912102,0.912102,healthy,True
healthy,False,data\RiceCrossYear\test\healthy\2026_healthy_Healthy_1225.jpg,0.911785,0.911785,healthy,True
healthy,False,data\RiceCrossYear\test\healthy\2026_healthy_image_0472.jpg,0.911698,0.911698,healthy,True
healthy,False,data\RiceCrossYear\test\healthy\2026_healthy_image_0312.jpg,0.911113,0.911113,healthy,True
healthy,False,data\RiceCrossYear\test\healthy\2026_healthy_Healthy_1222.jpg,0.91111,0.91111,healthy,True
healthy,False,data\RiceCrossYear\test\healthy\2026_healthy_Healthy_1354.jpg,0.909993,0.04095,brown_spot,False
healthy,False,data\RiceCrossYear\test\healthy\2026_healthy_Healthy_1353.jpg,0.909925,0.043546,brown_spot,False
healthy,False,data\RiceCrossYear\test\healthy\2026_healthy_Healthy_1059.jpg,0.909742,0.909742,healthy,True
healthy,False,data\RiceCrossYear\test\healthy\2026_healthy_Healthy_1251.jpg,0.909446,0.909446,healthy,True
healthy,False,data\RiceCrossYear\test\healthy\2026_healthy_Healthy_961.jpg,0.909236,0.909236,healthy,True
healthy,False,data\RiceCrossYear\test\healthy\2026_healthy_image_0055.jpg,0.90911,0.90911,healthy,True
healthy,False,data\RiceCrossYear\test\healthy\2026_healthy_image_0020.jpg,0.909099,0.909099,healthy,True
healthy,False,data\RiceCrossYear\test\healthy\2026_healthy_Healthy_894.jpg,0.908785,0.908785,healthy,True
healthy,False,data\RiceCrossYear\test\healthy\2026_healthy_Healthy_514.jpg,0.908579,0.908579,healthy,True
healthy,False,data\RiceCrossYear\test\healthy\2026_healthy_Healthy_856.jpg,0.908402,0.056409,rice_tungro,False
healthy,False,data\RiceCrossYear\test\healthy\2026_healthy_Healthy_503.jpg,0.908392,0.908392,healthy,True
healthy,False,data\RiceCrossYear\test\healthy\2026_healthy_image_0281.jpg,0.908233,0.908233,healthy,True
healthy,False,data\RiceCrossYear\test\healthy\2026_healthy_Healthy_158.jpg,0.908023,0.032026,rice_tungro,False
healthy,False,data\RiceCrossYear\test\healthy\2026_healthy_Healthy_811.jpg,0.907831,0.907831,healthy,True
healthy,False,data\RiceCrossYear\test\healthy\2026_healthy_image_0054.jpg,0.907606,0.907606,healthy,True
healthy,False,data\RiceCrossYear\test\healthy\2026_healthy_Healthy_966.jpg,0.907075,0.907075,healthy,True
healthy,False,data\RiceCrossYear\test\healthy\2026_healthy_Healthy_709.jpg,0.907062,0.019047,rice_tungro,False
healthy,False,data\RiceCrossYear\test\healthy\2026_healthy_Healthy_890.jpg,0.906958,0.906958,healthy,True
healthy,False,data\RiceCrossYear\test\healthy\2026_healthy_Healthy_930.jpg,0.906795,0.906795,healthy,True
healthy,False,data\RiceCrossYear\test\healthy\2026_healthy_Healthy_75.jpg,0.906714,0.020051,brown_spot,False
healthy,False,data\RiceCrossYear\test\healthy\2026_healthy_Healthy_1227.jpg,0.905987,0.905987,healthy,True
healthy,False,data\RiceCrossYear\test\healthy\2026_healthy_Healthy_1293.jpg,0.905735,0.905735,healthy,True
healthy,False,data\RiceCrossYear\test\healthy\2026_healthy_Healthy_1238.jpg,0.905532,0.905532,healthy,True
healthy,False,data\RiceCrossYear\test\healthy\2026_healthy_image_0494.jpg,0.905279,0.905279,healthy,True
healthy,False,data\RiceCrossYear\test\healthy\2026_healthy_image_0157.jpg,0.905237,0.905237,healthy,True
healthy,False,data\RiceCrossYear\test\healthy\2026_healthy_Healthy_1071.jpg,0.905084,0.905084,healthy,True
healthy,False,data\RiceCrossYear\test\healthy\2026_healthy_image_0238.jpg,0.905,0.905,healthy,True
healthy,False,data\RiceCrossYear\test\healthy\2026_healthy_image_0090.jpg,0.904639,0.904639,healthy,True
healthy,False,data\RiceCrossYear\test\healthy\2026_healthy_Healthy_1359.jpg,0.904167,0.03438,brown_spot,False
healthy,False,data\RiceCrossYear\test\healthy\2026_healthy_Healthy_965.jpg,0.904075,0.904075,healthy,True
healthy,False,data\RiceCrossYear\test\healthy\2026_healthy_image_0226.jpg,0.903836,0.903836,healthy,True
healthy,False,data\RiceCrossYear\test\healthy\2026_healthy_Healthy_784.jpg,0.903456,0.903456,healthy,True
healthy,False,data\RiceCrossYear\test\healthy\2026_healthy_Healthy_489.jpg,0.903386,0.903386,healthy,True
healthy,False,data\RiceCrossYear\test\healthy\2026_healthy_image_0135.jpg,0.903229,0.903229,healthy,True
healthy,False,data\RiceCrossYear\test\healthy\2026_healthy_image_0233.jpg,0.903151,0.903151,healthy,True
healthy,False,data\RiceCrossYear\test\healthy\2026_healthy_image_0500.jpg,0.902296,0.902296,healthy,True
healthy,False,data\RiceCrossYear\test\healthy\2026_healthy_Healthy_1467.jpg,0.902215,0.902215,healthy,True
healthy,False,data\RiceCrossYear\test\healthy\2026_healthy_Healthy_1135.jpg,0.901721,0.901721,healthy,True
healthy,False,data\RiceCrossYear\test\healthy\2026_healthy_Healthy_153.jpg,0.900984,0.040704,rice_tungro,False
healthy,False,data\RiceCrossYear\test\healthy\2026_healthy_Healthy_1145.jpg,0.90035,0.90035,healthy,True
healthy,False,data\RiceCrossYear\test\healthy\2026_healthy_Healthy_714.jpg,0.900237,0.014508,rice_tungro,False
healthy,False,data\RiceCrossYear\test\healthy\2026_healthy_image_0112.jpg,0.899956,0.899956,healthy,True
healthy,False,data\RiceCrossYear\test\healthy\2026_healthy_Healthy_771.jpg,0.899258,0.899258,healthy,True
healthy,False,data\RiceCrossYear\test\healthy\2026_healthy_Healthy_1081.jpg,0.899178,0.899178,healthy,True
healthy,False,data\RiceCrossYear\test\healthy\2026_healthy_Healthy_741.jpg,0.899167,0.899167,healthy,True
healthy,False,data\RiceCrossYear\test\healthy\2026_healthy_image_0461.jpg,0.898269,0.898269,healthy,True
healthy,False,data\RiceCrossYear\test\healthy\2026_healthy_image_0078.jpg,0.898147,0.898147,healthy,True
healthy,False,data\RiceCrossYear\test\healthy\2026_healthy_Healthy_1068.jpg,0.898034,0.898034,healthy,True
healthy,False,data\RiceCrossYear\test\healthy\2026_healthy_image_0280.jpg,0.897779,0.897779,healthy,True
healthy,False,data\RiceCrossYear\test\healthy\2026_healthy_image_0394.jpg,0.89707,0.89707,healthy,True
healthy,False,data\RiceCrossYear\test\healthy\2026_healthy_image_0185.jpg,0.896599,0.896599,healthy,True
healthy,False,data\RiceCrossYear\test\healthy\2026_healthy_image_0483.jpg,0.896134,0.896134,healthy,True
healthy,False,data\RiceCrossYear\test\healthy\2026_healthy_image_0478.jpg,0.896039,0.896039,healthy,True
healthy,False,data\RiceCrossYear\test\healthy\2026_healthy_image_0433.jpg,0.895931,0.895931,healthy,True
healthy,False,data\RiceCrossYear\test\healthy\2026_healthy_image_0038.jpg,0.894759,0.894759,healthy,True
healthy,False,data\RiceCrossYear\test\healthy\2026_healthy_Healthy_1413.jpg,0.894622,0.060583,rice_tungro,False
healthy,False,data\RiceCrossYear\test\healthy\2026_healthy_Healthy_609.jpg,0.894289,0.036162,rice_tungro,False
healthy,False,data\RiceCrossYear\test\healthy\2026_healthy_Healthy_883.jpg,0.894196,0.894196,healthy,True
healthy,False,data\RiceCrossYear\test\healthy\2026_healthy_image_0043.jpg,0.8939,0.8939,healthy,True
healthy,False,data\RiceCrossYear\test\healthy\2026_healthy_Healthy_504.jpg,0.893315,0.893315,healthy,True
healthy,False,data\RiceCrossYear\test\healthy\2026_healthy_image_0165.jpg,0.893299,0.893299,healthy,True
healthy,False,data\RiceCrossYear\test\healthy\2026_healthy_image_0151.jpg,0.892238,0.892238,healthy,True
healthy,False,data\RiceCrossYear\test\healthy\2026_healthy_image_0195.jpg,0.891563,0.891563,healthy,True
healthy,False,data\RiceCrossYear\test\healthy\2026_healthy_Healthy_684.jpg,0.891427,0.022935,rice_tungro,False
healthy,False,data\RiceCrossYear\test\healthy\2026_healthy_Healthy_813.jpg,0.891345,0.891345,healthy,True
healthy,False,data\RiceCrossYear\test\healthy\2026_healthy_Healthy_261.jpg,0.891075,0.053854,rice_tungro,False
healthy,False,data\RiceCrossYear\test\healthy\2026_healthy_Healthy_877.jpg,0.890766,0.890766,healthy,True
healthy,False,data\RiceCrossYear\test\healthy\2026_healthy_image_0278.jpg,0.889181,0.889181,healthy,True
healthy,False,data\RiceCrossYear\test\healthy\2026_healthy_Healthy_487.jpg,0.888971,0.888971,healthy,True
healthy,False,data\RiceCrossYear\test\healthy\2026_healthy_image_0006.jpg,0.888808,0.888808,healthy,True
healthy,False,data\RiceCrossYear\test\healthy\2026_healthy_Healthy_507.jpg,0.888657,0.888657,healthy,True
healthy,False,data\RiceCrossYear\test\healthy\2026_healthy_image_0488.jpg,0.888424,0.888424,healthy,True
healthy,False,data\RiceCrossYear\test\healthy\2026_healthy_Healthy_764.jpg,0.888408,0.888408,healthy,True
healthy,False,data\RiceCrossYear\test\healthy\2026_healthy_Healthy_590.jpg,0.887999,0.053668,rice_tungro,False
healthy,False,data\RiceCrossYear\test\healthy\2026_healthy_Healthy_41.jpg,0.887555,0.043271,brown_spot,False
healthy,False,data\RiceCrossYear\test\healthy\2026_healthy_Healthy_767.jpg,0.887347,0.887347,healthy,True
healthy,False,data\RiceCrossYear\test\healthy\2026_healthy_image_0455.jpg,0.887061,0.887061,healthy,True
healthy,False,data\RiceCrossYear\test\healthy\2026_healthy_image_0186.jpg,0.886971,0.886971,healthy,True
healthy,False,data\RiceCrossYear\test\healthy\2026_healthy_Healthy_1153.jpg,0.88693,0.88693,healthy,True
healthy,False,data\RiceCrossYear\test\healthy\2026_healthy_Healthy_1411.jpg,0.886465,0.024927,rice_tungro,False
healthy,False,data\RiceCrossYear\test\healthy\2026_healthy_Healthy_1283.jpg,0.886395,0.045465,brown_spot,False
healthy,False,data\RiceCrossYear\test\healthy\2026_healthy_image_0222.jpg,0.886227,0.886227,healthy,True
healthy,False,data\RiceCrossYear\test\healthy\2026_healthy_Healthy_1144.jpg,0.885974,0.885974,healthy,True
healthy,False,data\RiceCrossYear\test\healthy\2026_healthy_Healthy_723.jpg,0.885879,0.00797,rice_tungro,False
healthy,False,data\RiceCrossYear\test\healthy\2026_healthy_Healthy_160.jpg,0.885878,0.023401,rice_tungro,False
healthy,False,data\RiceCrossYear\test\healthy\2026_healthy_Healthy_1194.jpg,0.885823,0.885823,healthy,True
healthy,False,data\RiceCrossYear\test\healthy\2026_healthy_Healthy_522.jpg,0.885597,0.885597,healthy,True
healthy,False,data\RiceCrossYear\test\healthy\2026_healthy_image_0241.jpg,0.884714,0.884714,healthy,True
healthy,False,data\RiceCrossYear\test\healthy\2026_healthy_Healthy_936.jpg,0.88463,0.88463,healthy,True
healthy,False,data\RiceCrossYear\test\healthy\2026_healthy_Healthy_1195.jpg,0.884459,0.884459,healthy,True
healthy,False,data\RiceCrossYear\test\healthy\2026_healthy_image_0386.jpg,0.883898,0.883898,healthy,True
healthy,False,data\RiceCrossYear\test\healthy\2026_healthy_Healthy_239.jpg,0.883807,0.05331,rice_tungro,False
healthy,False,data\RiceCrossYear\test\healthy\2026_healthy_Healthy_1526.jpg,0.883802,0.883802,healthy,True
healthy,False,data\RiceCrossYear\test\healthy\2026_healthy_image_0412.jpg,0.883537,0.883537,healthy,True
healthy,False,data\RiceCrossYear\test\healthy\2026_healthy_image_0323.jpg,0.883361,0.883361,healthy,True
healthy,False,data\RiceCrossYear\test\healthy\2026_healthy_image_0441.jpg,0.883266,0.883266,healthy,True
healthy,False,data\RiceCrossYear\test\healthy\2026_healthy_Healthy_812.jpg,0.883219,0.883219,healthy,True
healthy,False,data\RiceCrossYear\test\healthy\2026_healthy_Healthy_932.jpg,0.883106,0.883106,healthy,True
healthy,False,data\RiceCrossYear\test\healthy\2026_healthy_Healthy_1093.jpg,0.882626,0.882626,healthy,True
healthy,False,data\RiceCrossYear\test\healthy\2026_healthy_Healthy_1358.jpg,0.882564,0.058955,brown_spot,False
healthy,False,data\RiceCrossYear\test\healthy\2026_healthy_image_0125.jpg,0.88255,0.88255,healthy,True
healthy,False,data\RiceCrossYear\test\healthy\2026_healthy_Healthy_876.jpg,0.882289,0.882289,healthy,True
healthy,False,data\RiceCrossYear\test\healthy\2026_healthy_Healthy_900.jpg,0.88165,0.88165,healthy,True
healthy,False,data\RiceCrossYear\test\healthy\2026_healthy_Healthy_481.jpg,0.881395,0.881395,healthy,True
healthy,False,data\RiceCrossYear\test\healthy\2026_healthy_image_0460.jpg,0.881056,0.881056,healthy,True
healthy,False,data\RiceCrossYear\test\healthy\2026_healthy_Healthy_906.jpg,0.880997,0.880997,healthy,True
healthy,False,data\RiceCrossYear\test\healthy\2026_healthy_Healthy_1019.jpg,0.880478,0.880478,healthy,True
healthy,False,data\RiceCrossYear\test\healthy\2026_healthy_Healthy_79.jpg,0.880433,0.024137,brown_spot,False
healthy,False,data\RiceCrossYear\test\healthy\2026_healthy_Healthy_1150.jpg,0.880108,0.880108,healthy,True
healthy,False,data\RiceCrossYear\test\healthy\2026_healthy_Healthy_461.jpg,0.880076,0.880076,healthy,True
healthy,False,data\RiceCrossYear\test\healthy\2026_healthy_Healthy_1255.jpg,0.879995,0.879995,healthy,True
healthy,False,data\RiceCrossYear\test\healthy\2026_healthy_image_0359.jpg,0.879364,0.879364,healthy,True
healthy,False,data\RiceCrossYear\test\healthy\2026_healthy_Healthy_1091.jpg,0.879162,0.879162,healthy,True
healthy,False,data\RiceCrossYear\test\healthy\2026_healthy_image_0205.jpg,0.879111,0.879111,healthy,True
healthy,False,data\RiceCrossYear\test\healthy\2026_healthy_image_0267.jpg,0.878858,0.878858,healthy,True
healthy,False,data\RiceCrossYear\test\healthy\2026_healthy_Healthy_1193.jpg,0.878276,0.878276,healthy,True
healthy,False,data\RiceCrossYear\test\healthy\2026_healthy_image_0079.jpg,0.878177,0.878177,healthy,True
healthy,False,data\RiceCrossYear\test\healthy\2026_healthy_Healthy_623.jpg,0.877983,0.025053,brown_spot,False
healthy,False,data\RiceCrossYear\test\healthy\2026_healthy_Healthy_1072.jpg,0.877888,0.877888,healthy,True
healthy,False,data\RiceCrossYear\test\healthy\2026_healthy_Healthy_1163.jpg,0.877496,0.877496,healthy,True
healthy,False,data\RiceCrossYear\test\healthy\2026_healthy_image_0265.jpg,0.877138,0.877138,healthy,True
healthy,False,data\RiceCrossYear\test\healthy\2026_healthy_Healthy_1209.jpg,0.876991,0.876991,healthy,True
healthy,False,data\RiceCrossYear\test\healthy\2026_healthy_Healthy_1184.jpg,0.876967,0.876967,healthy,True
healthy,False,data\RiceCrossYear\test\healthy\2026_healthy_Healthy_899.jpg,0.876928,0.876928,healthy,True
healthy,False,data\RiceCrossYear\test\healthy\2026_healthy_image_0217.jpg,0.876665,0.876665,healthy,True
healthy,False,data\RiceCrossYear\test\healthy\2026_healthy_Healthy_523.jpg,0.876506,0.876506,healthy,True
healthy,False,data\RiceCrossYear\test\healthy\2026_healthy_image_0208.jpg,0.876374,0.876374,healthy,True
healthy,False,data\RiceCrossYear\test\healthy\2026_healthy_Healthy_1352.jpg,0.876228,0.072969,brown_spot,False
healthy,False,data\RiceCrossYear\test\healthy\2026_healthy_Healthy_796.jpg,0.875683,0.875683,healthy,True
healthy,False,data\RiceCrossYear\test\healthy\2026_healthy_Healthy_718.jpg,0.875187,0.070536,rice_tungro,False
healthy,False,data\RiceCrossYear\test\healthy\2026_healthy_Healthy_868.jpg,0.874273,0.874273,healthy,True
healthy,False,data\RiceCrossYear\test\healthy\2026_healthy_Healthy_736.jpg,0.87424,0.87424,healthy,True
healthy,False,data\RiceCrossYear\test\healthy\2026_healthy_Healthy_893.jpg,0.874133,0.874133,healthy,True
healthy,False,data\RiceCrossYear\test\healthy\2026_healthy_Healthy_510.jpg,0.873992,0.873992,healthy,True
healthy,False,data\RiceCrossYear\test\healthy\2026_healthy_image_0159.jpg,0.873866,0.873866,healthy,True
healthy,False,data\RiceCrossYear\test\healthy\2026_healthy_image_0445.jpg,0.873813,0.873813,healthy,True
healthy,False,data\RiceCrossYear\test\healthy\2026_healthy_Healthy_954.jpg,0.873765,0.873765,healthy,True
healthy,False,data\RiceCrossYear\test\healthy\2026_healthy_Healthy_1228.jpg,0.873734,0.873734,healthy,True
healthy,False,data\RiceCrossYear\test\healthy\2026_healthy_Healthy_1252.jpg,0.873695,0.873695,healthy,True
healthy,False,data\RiceCrossYear\test\healthy\2026_healthy_Healthy_1171.jpg,0.873018,0.873018,healthy,True
healthy,False,data\RiceCrossYear\test\healthy\2026_healthy_Healthy_1356.jpg,0.872973,0.064517,brown_spot,False
healthy,False,data\RiceCrossYear\test\healthy\2026_healthy_image_0106.jpg,0.87274,0.87274,healthy,True
healthy,False,data\RiceCrossYear\test\healthy\2026_healthy_Healthy_1166.jpg,0.872684,0.872684,healthy,True
healthy,False,data\RiceCrossYear\test\healthy\2026_healthy_Healthy_1355.jpg,0.872433,0.071369,brown_spot,False
healthy,False,data\RiceCrossYear\test\healthy\2026_healthy_Healthy_17.jpg,0.872046,0.872046,healthy,True
healthy,False,data\RiceCrossYear\test\healthy\2026_healthy_Healthy_1162.jpg,0.871993,0.871993,healthy,True
healthy,False,data\RiceCrossYear\test\healthy\2026_healthy_Healthy_1130.jpg,0.871375,0.871375,healthy,True
healthy,False,data\RiceCrossYear\test\healthy\2026_healthy_Healthy_675.jpg,0.871224,0.011686,brown_spot,False
healthy,False,data\RiceCrossYear\test\healthy\2026_healthy_Healthy_1250.jpg,0.870901,0.870901,healthy,True
healthy,False,data\RiceCrossYear\test\healthy\2026_healthy_Healthy_1099.jpg,0.870675,0.870675,healthy,True
healthy,False,data\RiceCrossYear\test\healthy\2026_healthy_image_0409.jpg,0.870185,0.870185,healthy,True
healthy,False,data\RiceCrossYear\test\healthy\2026_healthy_image_0258.jpg,0.869726,0.869726,healthy,True
healthy,False,data\RiceCrossYear\test\healthy\2026_healthy_image_0372.jpg,0.869342,0.869342,healthy,True
healthy,False,data\RiceCrossYear\test\healthy\2026_healthy_Healthy_1106.jpg,0.868733,0.868733,healthy,True
healthy,False,data\RiceCrossYear\test\healthy\2026_healthy_Healthy_527.jpg,0.868616,0.868616,healthy,True
healthy,False,data\RiceCrossYear\test\healthy\2026_healthy_Healthy_937.jpg,0.868598,0.868598,healthy,True
healthy,False,data\RiceCrossYear\test\healthy\2026_healthy_Healthy_1230.jpg,0.8684,0.8684,healthy,True
healthy,False,data\RiceCrossYear\test\healthy\2026_healthy_image_0206.jpg,0.868216,0.868216,healthy,True
healthy,False,data\RiceCrossYear\test\healthy\2026_healthy_image_0089.jpg,0.867637,0.867637,healthy,True
healthy,False,data\RiceCrossYear\test\healthy\2026_healthy_Healthy_1282.jpg,0.867625,0.039639,brown_spot,False
healthy,False,data\RiceCrossYear\test\healthy\2026_healthy_Healthy_1570.jpg,0.867458,0.867458,healthy,True
healthy,False,data\RiceCrossYear\test\healthy\2026_healthy_Healthy_1063.jpg,0.865598,0.865598,healthy,True
healthy,False,data\RiceCrossYear\test\healthy\2026_healthy_Healthy_1305.jpg,0.865475,0.062695,brown_spot,False
healthy,False,data\RiceCrossYear\test\healthy\2026_healthy_Healthy_1380.jpg,0.865404,0.101768,brown_spot,False
healthy,False,data\RiceCrossYear\test\healthy\2026_healthy_Healthy_829.jpg,0.864515,0.864515,healthy,True
healthy,False,data\RiceCrossYear\test\healthy\2026_healthy_Healthy_833.jpg,0.864349,0.864349,healthy,True
healthy,False,data\RiceCrossYear\test\healthy\2026_healthy_image_0211.jpg,0.864207,0.864207,healthy,True
healthy,False,data\RiceCrossYear\test\healthy\2026_healthy_Healthy_815.jpg,0.86408,0.86408,healthy,True
healthy,False,data\RiceCrossYear\test\healthy\2026_healthy_Healthy_1226.jpg,0.863104,0.863104,healthy,True
healthy,False,data\RiceCrossYear\test\healthy\2026_healthy_Healthy_1351.jpg,0.862842,0.065344,brown_spot,False
healthy,False,data\RiceCrossYear\test\healthy\2026_healthy_image_0032.jpg,0.862764,0.862764,healthy,True
healthy,False,data\RiceCrossYear\test\healthy\2026_healthy_image_0085.jpg,0.862445,0.862445,healthy,True
healthy,False,data\RiceCrossYear\test\healthy\2026_healthy_image_0476.jpg,0.862368,0.862368,healthy,True
healthy,False,data\RiceCrossYear\test\healthy\2026_healthy_Healthy_1073.jpg,0.862196,0.862196,healthy,True
healthy,False,data\RiceCrossYear\test\healthy\2026_healthy_Healthy_1086.jpg,0.861818,0.861818,healthy,True
healthy,False,data\RiceCrossYear\test\healthy\2026_healthy_Healthy_971.jpg,0.861578,0.861578,healthy,True
healthy,False,data\RiceCrossYear\test\healthy\2026_healthy_Healthy_1231.jpg,0.86029,0.86029,healthy,True
healthy,False,data\RiceCrossYear\test\healthy\2026_healthy_Healthy_1459.jpg,0.860267,0.088414,rice_blast,False
healthy,False,data\RiceCrossYear\test\healthy\2026_healthy_Healthy_726.jpg,0.860188,0.860188,healthy,True
healthy,False,data\RiceCrossYear\test\healthy\2026_healthy_Healthy_1181.jpg,0.860126,0.860126,healthy,True
healthy,False,data\RiceCrossYear\test\healthy\2026_healthy_Healthy_1242.jpg,0.859819,0.859819,healthy,True
healthy,False,data\RiceCrossYear\test\healthy\2026_healthy_Healthy_1390.jpg,0.859505,0.859505,healthy,True
healthy,False,data\RiceCrossYear\test\healthy\2026_healthy_Healthy_953.jpg,0.859469,0.859469,healthy,True
healthy,False,data\RiceCrossYear\test\healthy\2026_healthy_Healthy_978.jpg,0.85935,0.85935,healthy,True
healthy,False,data\RiceCrossYear\test\healthy\2026_healthy_Healthy_508.jpg,0.859201,0.859201,healthy,True
healthy,False,data\RiceCrossYear\test\healthy\2026_healthy_image_0228.jpg,0.858834,0.858834,healthy,True
healthy,False,data\RiceCrossYear\test\healthy\2026_healthy_image_0349.jpg,0.858789,0.858789,healthy,True
healthy,False,data\RiceCrossYear\test\healthy\2026_healthy_Healthy_1040.jpg,0.858205,0.858205,healthy,True
healthy,False,data\RiceCrossYear\test\healthy\2026_healthy_image_0405.jpg,0.858122,0.858122,healthy,True
healthy,False,data\RiceCrossYear\test\healthy\2026_healthy_Healthy_1249.jpg,0.858005,0.858005,healthy,True
healthy,False,data\RiceCrossYear\test\healthy\2026_healthy_Healthy_1399.jpg,0.857579,0.857579,healthy,True
healthy,False,data\RiceCrossYear\test\healthy\2026_healthy_Healthy_1241.jpg,0.857299,0.857299,healthy,True
healthy,False,data\RiceCrossYear\test\healthy\2026_healthy_image_0499.jpg,0.857153,0.857153,healthy,True
healthy,False,data\RiceCrossYear\test\healthy\2026_healthy_Healthy_458.jpg,0.856843,0.856843,healthy,True
healthy,False,data\RiceCrossYear\test\healthy\2026_healthy_Healthy_396.jpg,0.856653,0.856653,healthy,True
healthy,False,data\RiceCrossYear\test\healthy\2026_healthy_Healthy_395.jpg,0.856602,0.856602,healthy,True
healthy,False,data\RiceCrossYear\test\healthy\2026_healthy_Healthy_159.jpg,0.855858,0.053629,rice_tungro,False
healthy,False,data\RiceCrossYear\test\healthy\2026_healthy_Healthy_814.jpg,0.855372,0.855372,healthy,True
healthy,False,data\RiceCrossYear\test\healthy\2026_healthy_image_0167.jpg,0.855274,0.855274,healthy,True
healthy,False,data\RiceCrossYear\test\healthy\2026_healthy_image_0083.jpg,0.854469,0.854469,healthy,True
healthy,False,data\RiceCrossYear\test\healthy\2026_healthy_image_0246.jpg,0.854314,0.854314,healthy,True
healthy,False,data\RiceCrossYear\test\healthy\2026_healthy_image_0463.jpg,0.854285,0.854285,healthy,True
healthy,False,data\RiceCrossYear\test\healthy\2026_healthy_Healthy_1379.jpg,0.854191,0.112759,brown_spot,False
healthy,False,data\RiceCrossYear\test\healthy\2026_healthy_Healthy_1262.jpg,0.853958,0.853958,healthy,True
healthy,False,data\RiceCrossYear\test\healthy\2026_healthy_Healthy_945.jpg,0.853195,0.853195,healthy,True
healthy,False,data\RiceCrossYear\test\healthy\2026_healthy_Healthy_1185.jpg,0.852754,0.852754,healthy,True
healthy,False,data\RiceCrossYear\test\healthy\2026_healthy_image_0259.jpg,0.852683,0.852683,healthy,True
healthy,False,data\RiceCrossYear\test\healthy\2026_healthy_Healthy_308.jpg,0.852487,0.017624,rice_tungro,False
healthy,False,data\RiceCrossYear\test\healthy\2026_healthy_image_0357.jpg,0.852473,0.106882,rice_blast,False
healthy,False,data\RiceCrossYear\test\healthy\2026_healthy_Healthy_908.jpg,0.852388,0.852388,healthy,True
healthy,False,data\RiceCrossYear\test\healthy\2026_healthy_image_0095.jpg,0.852214,0.852214,healthy,True
healthy,False,data\RiceCrossYear\test\healthy\2026_healthy_image_0291.jpg,0.852071,0.852071,healthy,True
healthy,False,data\RiceCrossYear\test\healthy\2026_healthy_Healthy_1119.jpg,0.850753,0.850753,healthy,True
healthy,False,data\RiceCrossYear\test\healthy\2026_healthy_image_0141.jpg,0.850139,0.850139,healthy,True
healthy,False,data\RiceCrossYear\test\healthy\2026_healthy_image_0213.jpg,0.850134,0.850134,healthy,True
healthy,False,data\RiceCrossYear\test\healthy\2026_healthy_Healthy_1279.jpg,0.850117,0.075323,brown_spot,False
healthy,False,data\RiceCrossYear\test\healthy\2026_healthy_Healthy_220.jpg,0.849996,0.072127,rice_tungro,False
healthy,False,data\RiceCrossYear\test\healthy\2026_healthy_Healthy_1473.jpg,0.849356,0.849356,healthy,True
healthy,False,data\RiceCrossYear\test\healthy\2026_healthy_Healthy_101.jpg,0.848903,0.093391,brown_spot,False
healthy,False,data\RiceCrossYear\test\healthy\2026_healthy_image_0166.jpg,0.84884,0.84884,healthy,True
healthy,False,data\RiceCrossYear\test\healthy\2026_healthy_Healthy_1123.jpg,0.848836,0.848836,healthy,True
healthy,False,data\RiceCrossYear\test\healthy\2026_healthy_Healthy_1169.jpg,0.848536,0.848536,healthy,True
healthy,False,data\RiceCrossYear\test\healthy\2026_healthy_Healthy_1474.jpg,0.848519,0.848519,healthy,True
healthy,False,data\RiceCrossYear\test\healthy\2026_healthy_Healthy_1125.jpg,0.848497,0.848497,healthy,True
healthy,False,data\RiceCrossYear\test\healthy\2026_healthy_Healthy_164.jpg,0.848362,0.019394,rice_tungro,False
healthy,False,data\RiceCrossYear\test\healthy\2026_healthy_image_0319.jpg,0.847895,0.847895,healthy,True
healthy,False,data\RiceCrossYear\test\healthy\2026_healthy_Healthy_1055.jpg,0.84786,0.84786,healthy,True
healthy,False,data\RiceCrossYear\test\healthy\2026_healthy_image_0398.jpg,0.847617,0.847617,healthy,True
healthy,False,data\RiceCrossYear\test\healthy\2026_healthy_image_0287.jpg,0.847536,0.847536,healthy,True
healthy,False,data\RiceCrossYear\test\healthy\2026_healthy_Healthy_421.jpg,0.84735,0.84735,healthy,True
healthy,False,data\RiceCrossYear\test\healthy\2026_healthy_Healthy_192.jpg,0.847037,0.050869,rice_tungro,False
healthy,False,data\RiceCrossYear\test\healthy\2026_healthy_Healthy_1131.jpg,0.847035,0.847035,healthy,True
healthy,False,data\RiceCrossYear\test\healthy\2026_healthy_Healthy_934.jpg,0.846765,0.846765,healthy,True
healthy,False,data\RiceCrossYear\test\healthy\2026_healthy_Healthy_1200.jpg,0.846749,0.846749,healthy,True
healthy,False,data\RiceCrossYear\test\healthy\2026_healthy_image_0194.jpg,0.846192,0.846192,healthy,True
healthy,False,data\RiceCrossYear\test\healthy\2026_healthy_Healthy_519.jpg,0.845749,0.845749,healthy,True
healthy,False,data\RiceCrossYear\test\healthy\2026_healthy_Healthy_301.jpg,0.845565,0.076753,rice_tungro,False
healthy,False,data\RiceCrossYear\test\healthy\2026_healthy_Healthy_1192.jpg,0.845193,0.845193,healthy,True
healthy,False,data\RiceCrossYear\test\healthy\2026_healthy_image_0181.jpg,0.845188,0.845188,healthy,True
healthy,False,data\RiceCrossYear\test\healthy\2026_healthy_Healthy_155.jpg,0.844996,0.042483,rice_tungro,False
healthy,False,data\RiceCrossYear\test\healthy\2026_healthy_Healthy_613.jpg,0.844822,0.844822,healthy,True
healthy,False,data\RiceCrossYear\test\healthy\2026_healthy_Healthy_854.jpg,0.844395,0.844395,healthy,True
healthy,False,data\RiceCrossYear\test\healthy\2026_healthy_Healthy_1520.jpg,0.844394,0.844394,healthy,True
healthy,False,data\RiceCrossYear\test\healthy\2026_healthy_Healthy_1405.jpg,0.844373,0.844373,healthy,True
healthy,False,data\RiceCrossYear\test\healthy\2026_healthy_Healthy_1216.jpg,0.844246,0.844246,healthy,True
healthy,False,data\RiceCrossYear\test\healthy\2026_healthy_image_0318.jpg,0.844082,0.844082,healthy,True
healthy,False,data\RiceCrossYear\test\healthy\2026_healthy_Healthy_1140.jpg,0.84385,0.84385,healthy,True
healthy,False,data\RiceCrossYear\test\healthy\2026_healthy_Healthy_1471.jpg,0.843832,0.843832,healthy,True
healthy,False,data\RiceCrossYear\test\healthy\2026_healthy_Healthy_443.jpg,0.843724,0.843724,healthy,True
healthy,False,data\RiceCrossYear\test\healthy\2026_healthy_image_0256.jpg,0.843662,0.843662,healthy,True
healthy,False,data\RiceCrossYear\test\healthy\2026_healthy_Healthy_15.jpg,0.843355,0.059503,rice_tungro,False
healthy,False,data\RiceCrossYear\test\healthy\2026_healthy_Healthy_1430.jpg,0.843195,0.843195,healthy,True
healthy,False,data\RiceCrossYear\test\healthy\2026_healthy_Healthy_74.jpg,0.84314,0.055259,brown_spot,False
healthy,False,data\RiceCrossYear\test\healthy\2026_healthy_image_0290.jpg,0.842703,0.842703,healthy,True
healthy,False,data\RiceCrossYear\test\healthy\2026_healthy_image_0017.jpg,0.842532,0.842532,healthy,True
healthy,False,data\RiceCrossYear\test\healthy\2026_healthy_Healthy_2.jpg,0.841573,0.841573,healthy,True
healthy,False,data\RiceCrossYear\test\healthy\2026_healthy_image_0389.jpg,0.841045,0.841045,healthy,True
healthy,False,data\RiceCrossYear\test\healthy\2026_healthy_Healthy_1412.jpg,0.840843,0.053387,rice_tungro,False
healthy,False,data\RiceCrossYear\test\healthy\2026_healthy_Healthy_1497.jpg,0.84071,0.84071,healthy,True
healthy,False,data\RiceCrossYear\test\healthy\2026_healthy_image_0486.jpg,0.840388,0.09197,rice_blast,False
healthy,False,data\RiceCrossYear\test\healthy\2026_healthy_Healthy_875.jpg,0.840377,0.840377,healthy,True
healthy,False,data\RiceCrossYear\test\healthy\2026_healthy_Healthy_1257.jpg,0.839834,0.839834,healthy,True
healthy,False,data\RiceCrossYear\test\healthy\2026_healthy_Healthy_653.jpg,0.839111,0.839111,healthy,True
healthy,False,data\RiceCrossYear\test\healthy\2026_healthy_image_0425.jpg,0.838787,0.838787,healthy,True
healthy,False,data\RiceCrossYear\test\healthy\2026_healthy_Healthy_370.jpg,0.838643,0.068471,brown_spot,False
healthy,False,data\RiceCrossYear\test\healthy\2026_healthy_Healthy_354.jpg,0.838499,0.037094,brown_spot,False
healthy,False,data\RiceCrossYear\test\healthy\2026_healthy_Healthy_1466.jpg,0.838257,0.838257,healthy,True
healthy,False,data\RiceCrossYear\test\healthy\2026_healthy_Healthy_925.jpg,0.83783,0.83783,healthy,True
healthy,False,data\RiceCrossYear\test\healthy\2026_healthy_image_0419.jpg,0.837478,0.102921,rice_blast,False
healthy,False,data\RiceCrossYear\test\healthy\2026_healthy_image_0491.jpg,0.837211,0.837211,healthy,True
healthy,False,data\RiceCrossYear\test\healthy\2026_healthy_Healthy_555.jpg,0.835415,0.835415,healthy,True
healthy,False,data\RiceCrossYear\test\healthy\2026_healthy_Healthy_108.jpg,0.833717,0.833717,healthy,True
healthy,False,data\RiceCrossYear\test\healthy\2026_healthy_image_0235.jpg,0.833629,0.833629,healthy,True
healthy,False,data\RiceCrossYear\test\healthy\2026_healthy_Healthy_1567.jpg,0.833306,0.833306,healthy,True
healthy,False,data\RiceCrossYear\test\healthy\2026_healthy_image_0154.jpg,0.833159,0.833159,healthy,True
healthy,False,data\RiceCrossYear\test\healthy\2026_healthy_Healthy_974.jpg,0.833049,0.833049,healthy,True
healthy,False,data\RiceCrossYear\test\healthy\2026_healthy_image_0417.jpg,0.832683,0.832683,healthy,True
healthy,False,data\RiceCrossYear\test\healthy\2026_healthy_Healthy_712.jpg,0.832143,0.04393,rice_tungro,False
healthy,False,data\RiceCrossYear\test\healthy\2026_healthy_image_0039.jpg,0.831951,0.831951,healthy,True
healthy,False,data\RiceCrossYear\test\healthy\2026_healthy_Healthy_25.jpg,0.831468,0.831468,healthy,True
healthy,False,data\RiceCrossYear\test\healthy\2026_healthy_Healthy_52.jpg,0.831279,0.084962,rice_tungro,False
healthy,False,data\RiceCrossYear\test\healthy\2026_healthy_image_0308.jpg,0.831161,0.831161,healthy,True
healthy,False,data\RiceCrossYear\test\healthy\2026_healthy_Healthy_999.jpg,0.831081,0.084034,rice_tungro,False
healthy,False,data\RiceCrossYear\test\healthy\2026_healthy_Healthy_1037.jpg,0.830354,0.830354,healthy,True
healthy,False,data\RiceCrossYear\test\healthy\2026_healthy_image_0305.jpg,0.830029,0.830029,healthy,True
healthy,False,data\RiceCrossYear\test\healthy\2026_healthy_Healthy_1152.jpg,0.829411,0.829411,healthy,True
healthy,False,data\RiceCrossYear\test\healthy\2026_healthy_Healthy_941.jpg,0.82901,0.82901,healthy,True
healthy,False,data\RiceCrossYear\test\healthy\2026_healthy_Healthy_98.jpg,0.828851,0.037135,brown_spot,False
healthy,False,data\RiceCrossYear\test\healthy\2026_healthy_image_0160.jpg,0.828652,0.828652,healthy,True
healthy,False,data\RiceCrossYear\test\healthy\2026_healthy_Healthy_702.jpg,0.82842,0.038595,rice_tungro,False
healthy,False,data\RiceCrossYear\test\healthy\2026_healthy_Healthy_1098.jpg,0.827967,0.827967,healthy,True
healthy,False,data\RiceCrossYear\test\healthy\2026_healthy_Healthy_776.jpg,0.82794,0.82794,healthy,True
healthy,False,data\RiceCrossYear\test\healthy\2026_healthy_Healthy_650.jpg,0.827792,0.827792,healthy,True
healthy,False,data\RiceCrossYear\test\healthy\2026_healthy_Healthy_1344.jpg,0.827607,0.051631,brown_spot,False
healthy,False,data\RiceCrossYear\test\healthy\2026_healthy_Healthy_470.jpg,0.826978,0.826978,healthy,True
healthy,False,data\RiceCrossYear\test\healthy\2026_healthy_Healthy_1294.jpg,0.82696,0.82696,healthy,True
healthy,False,data\RiceCrossYear\test\healthy\2026_healthy_Healthy_1243.jpg,0.826542,0.826542,healthy,True
healthy,False,data\RiceCrossYear\test\healthy\2026_healthy_Healthy_666.jpg,0.826157,0.022961,rice_tungro,False
healthy,False,data\RiceCrossYear\test\healthy\2026_healthy_Healthy_737.jpg,0.826145,0.826145,healthy,True
healthy,False,data\RiceCrossYear\test\healthy\2026_healthy_Healthy_1532.jpg,0.8259,0.062822,rice_tungro,False
healthy,False,data\RiceCrossYear\test\healthy\2026_healthy_image_0294.jpg,0.825857,0.825857,healthy,True
healthy,False,data\RiceCrossYear\test\healthy\2026_healthy_Healthy_742.jpg,0.82561,0.117735,brown_spot,False
healthy,False,data\RiceCrossYear\test\healthy\2026_healthy_Healthy_240.jpg,0.825451,0.104976,rice_tungro,False
healthy,False,data\RiceCrossYear\test\healthy\2026_healthy_image_0385.jpg,0.822269,0.822269,healthy,True
healthy,False,data\RiceCrossYear\test\healthy\2026_healthy_Healthy_1396.jpg,0.821746,0.019573,rice_tungro,False
healthy,False,data\RiceCrossYear\test\healthy\2026_healthy_image_0284.jpg,0.821689,0.821689,healthy,True
healthy,False,data\RiceCrossYear\test\healthy\2026_healthy_Healthy_1134.jpg,0.821295,0.821295,healthy,True
healthy,False,data\RiceCrossYear\test\healthy\2026_healthy_image_0158.jpg,0.820949,0.820949,healthy,True
healthy,False,data\RiceCrossYear\test\healthy\2026_healthy_Healthy_1465.jpg,0.820431,0.820431,healthy,True
healthy,False,data\RiceCrossYear\test\healthy\2026_healthy_Healthy_189.jpg,0.820256,0.045425,rice_tungro,False
healthy,False,data\RiceCrossYear\test\healthy\2026_healthy_image_0421.jpg,0.819754,0.819754,healthy,True
healthy,False,data\RiceCrossYear\test\healthy\2026_healthy_Healthy_11.jpg,0.819106,0.053553,rice_tungro,False
healthy,False,data\RiceCrossYear\test\healthy\2026_healthy_image_0045.jpg,0.818931,0.818931,healthy,True
healthy,False,data\RiceCrossYear\test\healthy\2026_healthy_Healthy_451.jpg,0.818048,0.818048,healthy,True
healthy,False,data\RiceCrossYear\test\healthy\2026_healthy_Healthy_46.jpg,0.816651,0.816651,healthy,True
healthy,False,data\RiceCrossYear\test\healthy\2026_healthy_Healthy_1528.jpg,0.816583,0.068351,rice_tungro,False
healthy,False,data\RiceCrossYear\test\healthy\2026_healthy_Healthy_947.jpg,0.81644,0.81644,healthy,True
healthy,False,data\RiceCrossYear\test\healthy\2026_healthy_Healthy_1070.jpg,0.816413,0.816413,healthy,True
healthy,False,data\RiceCrossYear\test\healthy\2026_healthy_Healthy_1546.jpg,0.815556,0.815556,healthy,True
healthy,False,data\RiceCrossYear\test\healthy\2026_healthy_Healthy_1092.jpg,0.815365,0.815365,healthy,True
healthy,False,data\RiceCrossYear\test\healthy\2026_healthy_Healthy_397.jpg,0.815341,0.815341,healthy,True
healthy,False,data\RiceCrossYear\test\healthy\2026_healthy_Healthy_1562.jpg,0.814733,0.814733,healthy,True
healthy,False,data\RiceCrossYear\test\healthy\2026_healthy_Healthy_462.jpg,0.814484,0.814484,healthy,True
healthy,False,data\RiceCrossYear\test\healthy\2026_healthy_Healthy_598.jpg,0.814446,0.104205,rice_tungro,False
healthy,False,data\RiceCrossYear\test\healthy\2026_healthy_image_0143.jpg,0.814213,0.814213,healthy,True
healthy,False,data\RiceCrossYear\test\healthy\2026_healthy_image_0140.jpg,0.813745,0.813745,healthy,True
healthy,False,data\RiceCrossYear\test\healthy\2026_healthy_Healthy_800.jpg,0.812944,0.812944,healthy,True
healthy,False,data\RiceCrossYear\test\healthy\2026_healthy_image_0333.jpg,0.812553,0.812553,healthy,True
healthy,False,data\RiceCrossYear\test\healthy\2026_healthy_Healthy_569.jpg,0.812153,0.812153,healthy,True
healthy,False,data\RiceCrossYear\test\healthy\2026_healthy_image_0249.jpg,0.811708,0.811708,healthy,True
healthy,False,data\RiceCrossYear\test\healthy\2026_healthy_image_0203.jpg,0.811231,0.811231,healthy,True
healthy,False,data\RiceCrossYear\test\healthy\2026_healthy_Healthy_190.jpg,0.810903,0.019258,rice_tungro,False
healthy,False,data\RiceCrossYear\test\healthy\2026_healthy_Healthy_851.jpg,0.810775,0.810775,healthy,True
healthy,False,data\RiceCrossYear\test\healthy\2026_healthy_Healthy_432.jpg,0.809313,0.809313,healthy,True
healthy,False,data\RiceCrossYear\test\healthy\2026_healthy_image_0074.jpg,0.809304,0.809304,healthy,True
healthy,False,data\RiceCrossYear\test\healthy\2026_healthy_image_0449.jpg,0.809201,0.809201,healthy,True
healthy,False,data\RiceCrossYear\test\healthy\2026_healthy_Healthy_739.jpg,0.808563,0.808563,healthy,True
healthy,False,data\RiceCrossYear\test\healthy\2026_healthy_Healthy_873.jpg,0.807906,0.807906,healthy,True
healthy,False,data\RiceCrossYear\test\healthy\2026_healthy_Healthy_1196.jpg,0.807291,0.807291,healthy,True
healthy,False,data\RiceCrossYear\test\healthy\2026_healthy_Healthy_607.jpg,0.80691,0.80691,healthy,True
healthy,False,data\RiceCrossYear\test\healthy\2026_healthy_image_0016.jpg,0.805251,0.805251,healthy,True
healthy,False,data\RiceCrossYear\test\healthy\2026_healthy_image_0325.jpg,0.804642,0.804642,healthy,True
healthy,False,data\RiceCrossYear\test\healthy\2026_healthy_Healthy_1118.jpg,0.804608,0.804608,healthy,True
healthy,False,data\RiceCrossYear\test\healthy\2026_healthy_image_0113.jpg,0.802447,0.802447,healthy,True
healthy,False,data\RiceCrossYear\test\healthy\2026_healthy_Healthy_589.jpg,0.802372,0.040458,rice_tungro,False
healthy,False,data\RiceCrossYear\test\healthy\2026_healthy_Healthy_42.jpg,0.801817,0.134554,brown_spot,False
healthy,False,data\RiceCrossYear\test\healthy\2026_healthy_Healthy_948.jpg,0.801778,0.801778,healthy,True
healthy,False,data\RiceCrossYear\test\healthy\2026_healthy_image_0369.jpg,0.801457,0.801457,healthy,True
healthy,False,data\RiceCrossYear\test\healthy\2026_healthy_Healthy_1124.jpg,0.801051,0.801051,healthy,True
healthy,False,data\RiceCrossYear\test\healthy\2026_healthy_Healthy_1340.jpg,0.800771,0.101608,brown_spot,False
healthy,False,data\RiceCrossYear\test\healthy\2026_healthy_Healthy_180.jpg,0.800032,0.108378,rice_tungro,False
healthy,False,data\RiceCrossYear\test\healthy\2026_healthy_Healthy_1237.jpg,0.79972,0.79972,healthy,True
healthy,False,data\RiceCrossYear\test\healthy\2026_healthy_Healthy_1470.jpg,0.799056,0.799056,healthy,True
healthy,False,data\RiceCrossYear\test\healthy\2026_healthy_Healthy_340.jpg,0.798749,0.798749,healthy,True
healthy,False,data\RiceCrossYear\test\healthy\2026_healthy_Healthy_122.jpg,0.798346,0.024061,brown_spot,False
healthy,False,data\RiceCrossYear\test\healthy\2026_healthy_Healthy_1310.jpg,0.797173,0.122639,brown_spot,False
healthy,False,data\RiceCrossYear\test\healthy\2026_healthy_Healthy_664.jpg,0.796982,0.796982,healthy,True
healthy,False,data\RiceCrossYear\test\healthy\2026_healthy_Healthy_213.jpg,0.796726,0.019694,brown_spot,False
healthy,False,data\RiceCrossYear\test\healthy\2026_healthy_Healthy_1277.jpg,0.796535,0.057955,brown_spot,False
healthy,False,data\RiceCrossYear\test\healthy\2026_healthy_Healthy_1438.jpg,0.796145,0.134175,rice_blast,False
healthy,False,data\RiceCrossYear\test\healthy\2026_healthy_image_0313.jpg,0.795529,0.795529,healthy,True
healthy,False,data\RiceCrossYear\test\healthy\2026_healthy_Healthy_248.jpg,0.794877,0.084231,rice_tungro,False
healthy,False,data\RiceCrossYear\test\healthy\2026_healthy_Healthy_1281.jpg,0.794586,0.046477,brown_spot,False
healthy,False,data\RiceCrossYear\test\healthy\2026_healthy_Healthy_976.jpg,0.793735,0.793735,healthy,True
healthy,False,data\RiceCrossYear\test\healthy\2026_healthy_Healthy_599.jpg,0.793417,0.133454,rice_tungro,False
healthy,False,data\RiceCrossYear\test\healthy\2026_healthy_Healthy_1128.jpg,0.793201,0.793201,healthy,True
healthy,False,data\RiceCrossYear\test\healthy\2026_healthy_image_0481.jpg,0.791931,0.791931,healthy,True
healthy,False,data\RiceCrossYear\test\healthy\2026_healthy_Healthy_1456.jpg,0.791817,0.791817,healthy,True
healthy,False,data\RiceCrossYear\test\healthy\2026_healthy_Healthy_212.jpg,0.791641,0.018855,brown_spot,False
healthy,False,data\RiceCrossYear\test\healthy\2026_healthy_Healthy_480.jpg,0.791631,0.791631,healthy,True
healthy,False,data\RiceCrossYear\test\healthy\2026_healthy_Healthy_1542.jpg,0.791153,0.791153,healthy,True
healthy,False,data\RiceCrossYear\test\healthy\2026_healthy_Healthy_1208.jpg,0.791046,0.791046,healthy,True
healthy,False,data\RiceCrossYear\test\healthy\2026_healthy_image_0102.jpg,0.791023,0.114753,brown_spot,False
healthy,False,data\RiceCrossYear\test\healthy\2026_healthy_Healthy_834.jpg,0.790652,0.790652,healthy,True
healthy,False,data\RiceCrossYear\test\healthy\2026_healthy_image_0289.jpg,0.789878,0.789878,healthy,True
healthy,False,data\RiceCrossYear\test\healthy\2026_healthy_Healthy_1444.jpg,0.789686,0.789686,healthy,True
healthy,False,data\RiceCrossYear\test\healthy\2026_healthy_image_0297.jpg,0.789584,0.789584,healthy,True
healthy,False,data\RiceCrossYear\test\healthy\2026_healthy_Healthy_1178.jpg,0.789499,0.789499,healthy,True
healthy,False,data\RiceCrossYear\test\healthy\2026_healthy_Healthy_272.jpg,0.789475,0.789475,healthy,True
healthy,False,data\RiceCrossYear\test\healthy\2026_healthy_Healthy_849.jpg,0.787959,0.787959,healthy,True
healthy,False,data\RiceCrossYear\test\healthy\2026_healthy_Healthy_1198.jpg,0.787792,0.787792,healthy,True
healthy,False,data\RiceCrossYear\test\healthy\2026_healthy_Healthy_1215.jpg,0.787714,0.787714,healthy,True
healthy,False,data\RiceCrossYear\test\healthy\2026_healthy_Healthy_682.jpg,0.7877,0.03264,rice_tungro,False
healthy,False,data\RiceCrossYear\test\healthy\2026_healthy_Healthy_116.jpg,0.787359,0.068832,brown_spot,False
healthy,False,data\RiceCrossYear\test\healthy\2026_healthy_Healthy_1197.jpg,0.787024,0.787024,healthy,True
healthy,False,data\RiceCrossYear\test\healthy\2026_healthy_Healthy_924.jpg,0.786693,0.786693,healthy,True
healthy,False,data\RiceCrossYear\test\healthy\2026_healthy_Healthy_1417.jpg,0.786427,0.088073,rice_tungro,False
healthy,False,data\RiceCrossYear\test\healthy\2026_healthy_Healthy_1564.jpg,0.786312,0.786312,healthy,True
healthy,False,data\RiceCrossYear\test\healthy\2026_healthy_Healthy_1339.jpg,0.78531,0.08261,brown_spot,False
healthy,False,data\RiceCrossYear\test\healthy\2026_healthy_image_0152.jpg,0.785174,0.785174,healthy,True
healthy,False,data\RiceCrossYear\test\healthy\2026_healthy_Healthy_844.jpg,0.784958,0.152953,rice_tungro,False
healthy,False,data\RiceCrossYear\test\healthy\2026_healthy_Healthy_430.jpg,0.784643,0.784643,healthy,True
healthy,False,data\RiceCrossYear\test\healthy\2026_healthy_Healthy_587.jpg,0.783827,0.066221,rice_tungro,False
healthy,False,data\RiceCrossYear\test\healthy\2026_healthy_image_0314.jpg,0.783717,0.783717,healthy,True
healthy,False,data\RiceCrossYear\test\healthy\2026_healthy_Healthy_735.jpg,0.783614,0.783614,healthy,True
healthy,False,data\RiceCrossYear\test\healthy\2026_healthy_image_0199.jpg,0.782907,0.782907,healthy,True
healthy,False,data\RiceCrossYear\test\healthy\2026_healthy_Healthy_652.jpg,0.782645,0.782645,healthy,True
healthy,False,data\RiceCrossYear\test\healthy\2026_healthy_Healthy_1160.jpg,0.782573,0.782573,healthy,True
healthy,False,data\RiceCrossYear\test\healthy\2026_healthy_Healthy_670.jpg,0.782459,0.052678,rice_tungro,False
healthy,False,data\RiceCrossYear\test\healthy\2026_healthy_Healthy_698.jpg,0.78153,0.014189,brown_spot,False
healthy,False,data\RiceCrossYear\test\healthy\2026_healthy_image_0454.jpg,0.781472,0.781472,healthy,True
healthy,False,data\RiceCrossYear\test\healthy\2026_healthy_Healthy_1388.jpg,0.780263,0.780263,healthy,True
healthy,False,data\RiceCrossYear\test\healthy\2026_healthy_Healthy_132.jpg,0.780254,0.137331,rice_tungro,False
healthy,False,data\RiceCrossYear\test\healthy\2026_healthy_image_0363.jpg,0.779781,0.779781,healthy,True
healthy,False,data\RiceCrossYear\test\healthy\2026_healthy_image_0148.jpg,0.779347,0.779347,healthy,True
healthy,False,data\RiceCrossYear\test\healthy\2026_healthy_image_0358.jpg,0.779146,0.194134,rice_blast,False
healthy,False,data\RiceCrossYear\test\healthy\2026_healthy_Healthy_450.jpg,0.778625,0.778625,healthy,True
healthy,False,data\RiceCrossYear\test\healthy\2026_healthy_Healthy_1328.jpg,0.778222,0.778222,healthy,True
healthy,False,data\RiceCrossYear\test\healthy\2026_healthy_Healthy_1050.jpg,0.777623,0.777623,healthy,True
healthy,False,data\RiceCrossYear\test\healthy\2026_healthy_Healthy_915.jpg,0.775606,0.775606,healthy,True
healthy,False,data\RiceCrossYear\test\healthy\2026_healthy_Healthy_241.jpg,0.775524,0.100738,rice_tungro,False
healthy,False,data\RiceCrossYear\test\healthy\2026_healthy_Healthy_414.jpg,0.774327,0.774327,healthy,True
healthy,False,data\RiceCrossYear\test\healthy\2026_healthy_Healthy_306.jpg,0.773373,0.773373,healthy,True
healthy,False,data\RiceCrossYear\test\healthy\2026_healthy_image_0155.jpg,0.772414,0.772414,healthy,True
healthy,False,data\RiceCrossYear\test\healthy\2026_healthy_Healthy_980.jpg,0.770172,0.770172,healthy,True
healthy,False,data\RiceCrossYear\test\healthy\2026_healthy_Healthy_382.jpg,0.770036,0.094702,rice_tungro,False
healthy,False,data\RiceCrossYear\test\healthy\2026_healthy_Healthy_1173.jpg,0.769629,0.769629,healthy,True
healthy,False,data\RiceCrossYear\test\healthy\2026_healthy_Healthy_951.jpg,0.767112,0.767112,healthy,True
healthy,False,data\RiceCrossYear\test\healthy\2026_healthy_Healthy_165.jpg,0.767107,0.028493,rice_tungro,False
healthy,False,data\RiceCrossYear\test\healthy\2026_healthy_image_0390.jpg,0.766897,0.766897,healthy,True
healthy,False,data\RiceCrossYear\test\healthy\2026_healthy_Healthy_294.jpg,0.766383,0.766383,healthy,True
healthy,False,data\RiceCrossYear\test\healthy\2026_healthy_Healthy_1541.jpg,0.766146,0.766146,healthy,True
healthy,False,data\RiceCrossYear\test\healthy\2026_healthy_Healthy_7.jpg,0.765839,0.765839,healthy,True
healthy,False,data\RiceCrossYear\test\healthy\2026_healthy_Healthy_20.jpg,0.765764,0.765764,healthy,True
healthy,False,data\RiceCrossYear\test\healthy\2026_healthy_Healthy_465.jpg,0.764812,0.764812,healthy,True
healthy,False,data\RiceCrossYear\test\healthy\2026_healthy_Healthy_1321.jpg,0.764405,0.067022,brown_spot,False
healthy,False,data\RiceCrossYear\test\healthy\2026_healthy_Healthy_422.jpg,0.763079,0.763079,healthy,True
healthy,False,data\RiceCrossYear\test\healthy\2026_healthy_Healthy_1422.jpg,0.761924,0.077646,rice_tungro,False
healthy,False,data\RiceCrossYear\test\healthy\2026_healthy_Healthy_1483.jpg,0.761821,0.761821,healthy,True
healthy,False,data\RiceCrossYear\test\healthy\2026_healthy_image_0332.jpg,0.76171,0.76171,healthy,True
healthy,False,data\RiceCrossYear\test\healthy\2026_healthy_Healthy_255.jpg,0.760977,0.760977,healthy,True
healthy,False,data\RiceCrossYear\test\healthy\2026_healthy_Healthy_209.jpg,0.760557,0.020973,brown_spot,False
healthy,False,data\RiceCrossYear\test\healthy\2026_healthy_image_0341.jpg,0.759625,0.759625,healthy,True
healthy,False,data\RiceCrossYear\test\healthy\2026_healthy_image_0282.jpg,0.759094,0.759094,healthy,True
healthy,False,data\RiceCrossYear\test\healthy\2026_healthy_Healthy_1565.jpg,0.758738,0.091418,rice_tungro,False
healthy,False,data\RiceCrossYear\test\healthy\2026_healthy_Healthy_1280.jpg,0.757617,0.090927,brown_spot,False
healthy,False,data\RiceCrossYear\test\healthy\2026_healthy_image_0408.jpg,0.756645,0.756645,healthy,True
healthy,False,data\RiceCrossYear\test\healthy\2026_healthy_Healthy_345.jpg,0.755895,0.755895,healthy,True
healthy,False,data\RiceCrossYear\test\healthy\2026_healthy_image_0316.jpg,0.755581,0.755581,healthy,True
healthy,False,data\RiceCrossYear\test\healthy\2026_healthy_Healthy_568.jpg,0.754128,0.754128,healthy,True
healthy,False,data\RiceCrossYear\test\healthy\2026_healthy_image_0052.jpg,0.754019,0.754019,healthy,True
healthy,False,data\RiceCrossYear\test\healthy\2026_healthy_image_0309.jpg,0.753446,0.753446,healthy,True
healthy,False,data\RiceCrossYear\test\healthy\2026_healthy_Healthy_549.jpg,0.752875,0.144568,rice_tungro,False
healthy,False,data\RiceCrossYear\test\healthy\2026_healthy_image_0168.jpg,0.752734,0.752734,healthy,True
healthy,False,data\RiceCrossYear\test\healthy\2026_healthy_image_0173.jpg,0.752296,0.199339,rice_blast,False
healthy,False,data\RiceCrossYear\test\healthy\2026_healthy_Healthy_105.jpg,0.752201,0.752201,healthy,True
healthy,False,data\RiceCrossYear\test\healthy\2026_healthy_Healthy_1443.jpg,0.752113,0.752113,healthy,True
healthy,False,data\RiceCrossYear\test\healthy\2026_healthy_Healthy_1089.jpg,0.751896,0.751896,healthy,True
healthy,False,data\RiceCrossYear\test\healthy\2026_healthy_image_0468.jpg,0.751836,0.751836,healthy,True
healthy,False,data\RiceCrossYear\test\healthy\2026_healthy_Healthy_571.jpg,0.751354,0.751354,healthy,True
healthy,False,data\RiceCrossYear\test\healthy\2026_healthy_Healthy_1445.jpg,0.751248,0.751248,healthy,True
healthy,False,data\RiceCrossYear\test\healthy\2026_healthy_image_0439.jpg,0.747523,0.747523,healthy,True
healthy,False,data\RiceCrossYear\test\healthy\2026_healthy_image_0198.jpg,0.747503,0.747503,healthy,True
healthy,False,data\RiceCrossYear\test\healthy\2026_healthy_Healthy_701.jpg,0.745267,0.056855,rice_tungro,False
healthy,False,data\RiceCrossYear\test\healthy\2026_healthy_Healthy_1174.jpg,0.744442,0.744442,healthy,True
healthy,False,data\RiceCrossYear\test\healthy\2026_healthy_Healthy_94.jpg,0.744038,0.744038,healthy,True
healthy,False,data\RiceCrossYear\test\healthy\2026_healthy_Healthy_126.jpg,0.74351,0.175396,rice_tungro,False
healthy,False,data\RiceCrossYear\test\healthy\2026_healthy_Healthy_717.jpg,0.742878,0.041503,rice_tungro,False
healthy,False,data\RiceCrossYear\test\healthy\2026_healthy_Healthy_286.jpg,0.741884,0.096204,rice_tungro,False
healthy,False,data\RiceCrossYear\test\healthy\2026_healthy_Healthy_531.jpg,0.741524,0.132413,rice_tungro,False
healthy,False,data\RiceCrossYear\test\healthy\2026_healthy_Healthy_864.jpg,0.741145,0.741145,healthy,True
healthy,False,data\RiceCrossYear\test\healthy\2026_healthy_Healthy_392.jpg,0.741081,0.741081,healthy,True
healthy,False,data\RiceCrossYear\test\healthy\2026_healthy_Healthy_1419.jpg,0.740121,0.203626,rice_tungro,False
healthy,False,data\RiceCrossYear\test\healthy\2026_healthy_Healthy_8.jpg,0.74,0.74,healthy,True
healthy,False,data\RiceCrossYear\test\healthy\2026_healthy_Healthy_1477.jpg,0.739325,0.739325,healthy,True
healthy,False,data\RiceCrossYear\test\healthy\2026_healthy_Healthy_55.jpg,0.73917,0.73917,healthy,True
healthy,False,data\RiceCrossYear\test\healthy\2026_healthy_image_0234.jpg,0.739151,0.739151,healthy,True
healthy,False,data\RiceCrossYear\test\healthy\2026_healthy_Healthy_678.jpg,0.738881,0.049021,rice_tungro,False
healthy,False,data\RiceCrossYear\test\healthy\2026_healthy_Healthy_1172.jpg,0.737945,0.737945,healthy,True
healthy,False,data\RiceCrossYear\test\healthy\2026_healthy_Healthy_14.jpg,0.737364,0.235101,rice_tungro,False
healthy,False,data\RiceCrossYear\test\healthy\2026_healthy_Healthy_391.jpg,0.737294,0.737294,healthy,True
healthy,False,data\RiceCrossYear\test\healthy\2026_healthy_Healthy_983.jpg,0.736839,0.736839,healthy,True
healthy,False,data\RiceCrossYear\test\healthy\2026_healthy_image_0130.jpg,0.735925,0.735925,healthy,True
healthy,False,data\RiceCrossYear\test\healthy\2026_healthy_Healthy_1574.jpg,0.73587,0.120216,rice_tungro,False
healthy,False,data\RiceCrossYear\test\healthy\2026_healthy_Healthy_327.jpg,0.735101,0.735101,healthy,True
healthy,False,data\RiceCrossYear\test\healthy\2026_healthy_Healthy_343.jpg,0.735045,0.735045,healthy,True
healthy,False,data\RiceCrossYear\test\healthy\2026_healthy_Healthy_1264.jpg,0.734924,0.734924,healthy,True
healthy,False,data\RiceCrossYear\test\healthy\2026_healthy_Healthy_913.jpg,0.734554,0.734554,healthy,True
healthy,False,data\RiceCrossYear\test\healthy\2026_healthy_Healthy_975.jpg,0.733975,0.733975,healthy,True
healthy,False,data\RiceCrossYear\test\healthy\2026_healthy_image_0188.jpg,0.733968,0.733968,healthy,True
healthy,False,data\RiceCrossYear\test\healthy\2026_healthy_Healthy_156.jpg,0.73326,0.100897,rice_tungro,False
healthy,False,data\RiceCrossYear\test\healthy\2026_healthy_image_0340.jpg,0.733149,0.209692,rice_blast,False
healthy,False,data\RiceCrossYear\test\healthy\2026_healthy_image_0053.jpg,0.732538,0.732538,healthy,True
healthy,False,data\RiceCrossYear\test\healthy\2026_healthy_Healthy_805.jpg,0.731773,0.731773,healthy,True
healthy,False,data\RiceCrossYear\test\healthy\2026_healthy_Healthy_636.jpg,0.731772,0.731772,healthy,True
healthy,False,data\RiceCrossYear\test\healthy\2026_healthy_image_0044.jpg,0.73169,0.73169,healthy,True
healthy,False,data\RiceCrossYear\test\healthy\2026_healthy_Healthy_1051.jpg,0.730773,0.730773,healthy,True
healthy,False,data\RiceCrossYear\test\healthy\2026_healthy_Healthy_911.jpg,0.730303,0.730303,healthy,True
healthy,False,data\RiceCrossYear\test\healthy\2026_healthy_Healthy_87.jpg,0.72996,0.72996,healthy,True
healthy,False,data\RiceCrossYear\test\healthy\2026_healthy_Healthy_386.jpg,0.729884,0.099602,rice_tungro,False
healthy,False,data\RiceCrossYear\test\healthy\2026_healthy_image_0245.jpg,0.729815,0.729815,healthy,True
healthy,False,data\RiceCrossYear\test\healthy\2026_healthy_Healthy_1278.jpg,0.72972,0.106703,brown_spot,False
healthy,False,data\RiceCrossYear\test\healthy\2026_healthy_image_0251.jpg,0.728942,0.728942,healthy,True
healthy,False,data\RiceCrossYear\test\healthy\2026_healthy_Healthy_469.jpg,0.728482,0.728482,healthy,True
healthy,False,data\RiceCrossYear\test\healthy\2026_healthy_Healthy_646.jpg,0.728369,0.728369,healthy,True
healthy,False,data\RiceCrossYear\test\healthy\2026_healthy_Healthy_681.jpg,0.727455,0.030498,rice_tungro,False
healthy,False,data\RiceCrossYear\test\healthy\2026_healthy_image_0058.jpg,0.725067,0.725067,healthy,True
healthy,False,data\RiceCrossYear\test\healthy\2026_healthy_image_0087.jpg,0.723816,0.723816,healthy,True
healthy,False,data\RiceCrossYear\test\healthy\2026_healthy_image_0326.jpg,0.723441,0.723441,healthy,True
healthy,False,data\RiceCrossYear\test\healthy\2026_healthy_Healthy_1489.jpg,0.722285,0.722285,healthy,True
healthy,False,data\RiceCrossYear\test\healthy\2026_healthy_Healthy_982.jpg,0.720417,0.720417,healthy,True
healthy,False,data\RiceCrossYear\test\healthy\2026_healthy_Healthy_1376.jpg,0.718743,0.194489,rice_tungro,False
healthy,False,data\RiceCrossYear\test\healthy\2026_healthy_Healthy_1531.jpg,0.718695,0.718695,healthy,True
healthy,False,data\RiceCrossYear\test\healthy\2026_healthy_Healthy_28.jpg,0.718694,0.718694,healthy,True
healthy,False,data\RiceCrossYear\test\healthy\2026_healthy_Healthy_970.jpg,0.716974,0.716974,healthy,True
healthy,False,data\RiceCrossYear\test\healthy\2026_healthy_Healthy_626.jpg,0.716731,0.716731,healthy,True
healthy,False,data\RiceCrossYear\test\healthy\2026_healthy_Healthy_1057.jpg,0.715926,0.715926,healthy,True
healthy,False,data\RiceCrossYear\test\healthy\2026_healthy_Healthy_1289.jpg,0.715599,0.079624,brown_spot,False
healthy,False,data\RiceCrossYear\test\healthy\2026_healthy_image_0063.jpg,0.715154,0.715154,healthy,True
healthy,False,data\RiceCrossYear\test\healthy\2026_healthy_Healthy_617.jpg,0.71509,0.206232,rice_tungro,False
healthy,False,data\RiceCrossYear\test\healthy\2026_healthy_Healthy_390.jpg,0.715005,0.715005,healthy,True
healthy,False,data\RiceCrossYear\test\healthy\2026_healthy_Healthy_703.jpg,0.714947,0.067383,rice_tungro,False
healthy,False,data\RiceCrossYear\test\healthy\2026_healthy_image_0435.jpg,0.713073,0.713073,healthy,True
healthy,False,data\RiceCrossYear\test\healthy\2026_healthy_image_0200.jpg,0.71242,0.71242,healthy,True
healthy,False,data\RiceCrossYear\test\healthy\2026_healthy_Healthy_660.jpg,0.712101,0.712101,healthy,True
healthy,False,data\RiceCrossYear\test\healthy\2026_healthy_Healthy_1544.jpg,0.711037,0.711037,healthy,True
healthy,False,data\RiceCrossYear\test\healthy\2026_healthy_Healthy_246.jpg,0.710879,0.117732,rice_tungro,False
healthy,False,data\RiceCrossYear\test\healthy\2026_healthy_Healthy_558.jpg,0.70962,0.066069,rice_tungro,False
healthy,False,data\RiceCrossYear\test\healthy\2026_healthy_Healthy_455.jpg,0.709474,0.709474,healthy,True
healthy,False,data\RiceCrossYear\test\healthy\2026_healthy_image_0003.jpg,0.70939,0.70939,healthy,True
healthy,False,data\RiceCrossYear\test\healthy\2026_healthy_Healthy_1480.jpg,0.70912,0.70912,healthy,True
healthy,False,data\RiceCrossYear\test\healthy\2026_healthy_Healthy_1366.jpg,0.70698,0.70698,healthy,True
healthy,False,data\RiceCrossYear\test\healthy\2026_healthy_Healthy_27.jpg,0.70696,0.70696,healthy,True
healthy,False,data\RiceCrossYear\test\healthy\2026_healthy_Healthy_407.jpg,0.706932,0.706932,healthy,True
healthy,False,data\RiceCrossYear\test\healthy\2026_healthy_Healthy_1320.jpg,0.706035,0.043322,brown_spot,False
healthy,False,data\RiceCrossYear\test\healthy\2026_healthy_image_0436.jpg,0.705485,0.705485,healthy,True
healthy,False,data\RiceCrossYear\test\healthy\2026_healthy_Healthy_1365.jpg,0.704604,0.704604,healthy,True
healthy,False,data\RiceCrossYear\test\healthy\2026_healthy_Healthy_548.jpg,0.704572,0.193444,rice_tungro,False
healthy,False,data\RiceCrossYear\test\healthy\2026_healthy_Healthy_651.jpg,0.704319,0.704319,healthy,True
healthy,False,data\RiceCrossYear\test\healthy\2026_healthy_Healthy_671.jpg,0.704106,0.100696,rice_tungro,False
healthy,False,data\RiceCrossYear\test\healthy\2026_healthy_Healthy_1381.jpg,0.699779,0.699779,healthy,True
healthy,False,data\RiceCrossYear\test\healthy\2026_healthy_Healthy_177.jpg,0.698946,0.200105,rice_tungro,False
healthy,False,data\RiceCrossYear\test\healthy\2026_healthy_Healthy_119.jpg,0.698572,0.12095,rice_tungro,False
healthy,False,data\RiceCrossYear\test\healthy\2026_healthy_Healthy_1260.jpg,0.698485,0.698485,healthy,True
healthy,False,data\RiceCrossYear\test\healthy\2026_healthy_Healthy_166.jpg,0.698454,0.01471,rice_tungro,False
healthy,False,data\RiceCrossYear\test\healthy\2026_healthy_Healthy_344.jpg,0.697839,0.697839,healthy,True
healthy,False,data\RiceCrossYear\test\healthy\2026_healthy_image_0068.jpg,0.69745,0.69745,healthy,True
healthy,False,data\RiceCrossYear\test\healthy\2026_healthy_Healthy_1537.jpg,0.6972,0.6972,healthy,True
healthy,False,data\RiceCrossYear\test\healthy\2026_healthy_Healthy_1403.jpg,0.696927,0.696927,healthy,True
healthy,False,data\RiceCrossYear\test\healthy\2026_healthy_Healthy_1156.jpg,0.696531,0.696531,healthy,True
healthy,False,data\RiceCrossYear\test\healthy\2026_healthy_image_0300.jpg,0.696268,0.261705,rice_blast,False
healthy,False,data\RiceCrossYear\test\healthy\2026_healthy_Healthy_337.jpg,0.695944,0.111576,rice_blast,False
healthy,False,data\RiceCrossYear\test\healthy\2026_healthy_Healthy_1177.jpg,0.695216,0.695216,healthy,True
healthy,False,data\RiceCrossYear\test\healthy\2026_healthy_Healthy_1054.jpg,0.695044,0.695044,healthy,True
healthy,False,data\RiceCrossYear\test\healthy\2026_healthy_Healthy_73.jpg,0.694442,0.033806,brown_spot,False
healthy,False,data\RiceCrossYear\test\healthy\2026_healthy_Healthy_121.jpg,0.693502,0.098552,rice_tungro,False
healthy,False,data\RiceCrossYear\test\healthy\2026_healthy_image_0260.jpg,0.692575,0.692575,healthy,True
healthy,False,data\RiceCrossYear\test\healthy\2026_healthy_image_0270.jpg,0.692228,0.692228,healthy,True
healthy,False,data\RiceCrossYear\test\healthy\2026_healthy_image_0187.jpg,0.691647,0.691647,healthy,True
healthy,False,data\RiceCrossYear\test\healthy\2026_healthy_Healthy_1479.jpg,0.690773,0.690773,healthy,True
healthy,False,data\RiceCrossYear\test\healthy\2026_healthy_image_0484.jpg,0.690443,0.690443,healthy,True
healthy,False,data\RiceCrossYear\test\healthy\2026_healthy_Healthy_1575.jpg,0.690212,0.690212,healthy,True
healthy,False,data\RiceCrossYear\test\healthy\2026_healthy_Healthy_1392.jpg,0.688754,0.688754,healthy,True
healthy,False,data\RiceCrossYear\test\healthy\2026_healthy_Healthy_439.jpg,0.68864,0.68864,healthy,True
healthy,False,data\RiceCrossYear\test\healthy\2026_healthy_Healthy_1475.jpg,0.688241,0.688241,healthy,True
healthy,False,data\RiceCrossYear\test\healthy\2026_healthy_Healthy_1175.jpg,0.688175,0.688175,healthy,True
healthy,False,data\RiceCrossYear\test\healthy\2026_healthy_Healthy_1348.jpg,0.687373,0.067993,brown_spot,False
healthy,False,data\RiceCrossYear\test\healthy\2026_healthy_Healthy_1400.jpg,0.68702,0.68702,healthy,True
healthy,False,data\RiceCrossYear\test\healthy\2026_healthy_Healthy_605.jpg,0.686685,0.686685,healthy,True
healthy,False,data\RiceCrossYear\test\healthy\2026_healthy_Healthy_67.jpg,0.684363,0.067431,rice_blast,False
healthy,False,data\RiceCrossYear\test\healthy\2026_healthy_Healthy_848.jpg,0.682744,0.682744,healthy,True
healthy,False,data\RiceCrossYear\test\healthy\2026_healthy_Healthy_211.jpg,0.682547,0.025278,rice_tungro,False
healthy,False,data\RiceCrossYear\test\healthy\2026_healthy_Healthy_1519.jpg,0.681972,0.681972,healthy,True
healthy,False,data\RiceCrossYear\test\healthy\2026_healthy_Healthy_865.jpg,0.681865,0.681865,healthy,True
healthy,False,data\RiceCrossYear\test\healthy\2026_healthy_Healthy_357.jpg,0.681045,0.119889,rice_tungro,False
healthy,False,data\RiceCrossYear\test\healthy\2026_healthy_image_0138.jpg,0.679212,0.679212,healthy,True
healthy,False,data\RiceCrossYear\test\healthy\2026_healthy_image_0110.jpg,0.678592,0.678592,healthy,True
healthy,False,data\RiceCrossYear\test\healthy\2026_healthy_Healthy_303.jpg,0.678101,0.132228,brown_spot,False
healthy,False,data\RiceCrossYear\test\healthy\2026_healthy_Healthy_168.jpg,0.677539,0.067843,rice_tungro,False
healthy,False,data\RiceCrossYear\test\healthy\2026_healthy_Healthy_836.jpg,0.677392,0.279908,rice_tungro,False
healthy,False,data\RiceCrossYear\test\healthy\2026_healthy_Healthy_56.jpg,0.675821,0.675821,healthy,True
healthy,False,data\RiceCrossYear\test\healthy\2026_healthy_Healthy_254.jpg,0.675038,0.675038,healthy,True
healthy,False,data\RiceCrossYear\test\healthy\2026_healthy_image_0293.jpg,0.675035,0.675035,healthy,True
healthy,False,data\RiceCrossYear\test\healthy\2026_healthy_Healthy_938.jpg,0.674919,0.674919,healthy,True
healthy,False,data\RiceCrossYear\test\healthy\2026_healthy_Healthy_625.jpg,0.673205,0.026154,rice_tungro,False
healthy,False,data\RiceCrossYear\test\healthy\2026_healthy_Healthy_133.jpg,0.672976,0.133003,brown_spot,False
healthy,False,data\RiceCrossYear\test\healthy\2026_healthy_Healthy_1437.jpg,0.672918,0.145653,rice_blast,False
healthy,False,data\RiceCrossYear\test\healthy\2026_healthy_Healthy_1270.jpg,0.672706,0.672706,healthy,True
healthy,False,data\RiceCrossYear\test\healthy\2026_healthy_image_0172.jpg,0.671806,0.671806,healthy,True
healthy,False,data\RiceCrossYear\test\healthy\2026_healthy_Healthy_1487.jpg,0.671648,0.671648,healthy,True
healthy,False,data\RiceCrossYear\test\healthy\2026_healthy_Healthy_859.jpg,0.671641,0.671641,healthy,True
healthy,False,data\RiceCrossYear\test\healthy\2026_healthy_Healthy_270.jpg,0.671063,0.671063,healthy,True
healthy,False,data\RiceCrossYear\test\healthy\2026_healthy_Healthy_917.jpg,0.670888,0.670888,healthy,True
healthy,False,data\RiceCrossYear\test\healthy\2026_healthy_Healthy_614.jpg,0.670749,0.670749,healthy,True
healthy,False,data\RiceCrossYear\test\healthy\2026_healthy_Healthy_1549.jpg,0.670435,0.194062,rice_tungro,False
healthy,False,data\RiceCrossYear\test\healthy\2026_healthy_Healthy_435.jpg,0.669836,0.669836,healthy,True
healthy,False,data\RiceCrossYear\test\healthy\2026_healthy_Healthy_330.jpg,0.669463,0.07559,rice_tungro,False
healthy,False,data\RiceCrossYear\test\healthy\2026_healthy_Healthy_841.jpg,0.669404,0.669404,healthy,True
healthy,False,data\RiceCrossYear\test\healthy\2026_healthy_Healthy_1472.jpg,0.669156,0.669156,healthy,True
healthy,False,data\RiceCrossYear\test\healthy\2026_healthy_Healthy_1511.jpg,0.668601,0.668601,healthy,True
healthy,False,data\RiceCrossYear\test\healthy\2026_healthy_Healthy_230.jpg,0.667551,0.101973,rice_blast,False
healthy,False,data\RiceCrossYear\test\healthy\2026_healthy_Healthy_645.jpg,0.667113,0.667113,healthy,True
healthy,False,data\RiceCrossYear\test\healthy\2026_healthy_Healthy_716.jpg,0.666636,0.040625,rice_tungro,False
healthy,False,data\RiceCrossYear\test\healthy\2026_healthy_Healthy_1220.jpg,0.665939,0.665939,healthy,True
healthy,False,data\RiceCrossYear\test\healthy\2026_healthy_Healthy_551.jpg,0.66303,0.66303,healthy,True
healthy,False,data\RiceCrossYear\test\healthy\2026_healthy_Healthy_1425.jpg,0.660986,0.660986,healthy,True
healthy,False,data\RiceCrossYear\test\healthy\2026_healthy_Healthy_711.jpg,0.660479,0.113936,brown_spot,False
healthy,False,data\RiceCrossYear\test\healthy\2026_healthy_Healthy_1461.jpg,0.657752,0.657752,healthy,True
healthy,False,data\RiceCrossYear\test\healthy\2026_healthy_Healthy_631.jpg,0.656881,0.064282,rice_tungro,False
healthy,False,data\RiceCrossYear\test\healthy\2026_healthy_Healthy_114.jpg,0.654872,0.022784,rice_blast,False
healthy,False,data\RiceCrossYear\test\healthy\2026_healthy_Healthy_874.jpg,0.653646,0.653646,healthy,True
healthy,False,data\RiceCrossYear\test\healthy\2026_healthy_Healthy_1367.jpg,0.653448,0.653448,healthy,True
healthy,False,data\RiceCrossYear\test\healthy\2026_healthy_Healthy_1415.jpg,0.653071,0.653071,healthy,True
healthy,False,data\RiceCrossYear\test\healthy\2026_healthy_Healthy_1214.jpg,0.651952,0.651952,healthy,True
healthy,False,data\RiceCrossYear\test\healthy\2026_healthy_image_0081.jpg,0.651698,0.651698,healthy,True
healthy,False,data\RiceCrossYear\test\healthy\2026_healthy_Healthy_149.jpg,0.651552,0.108567,rice_tungro,False
healthy,False,data\RiceCrossYear\test\healthy\2026_healthy_Healthy_1342.jpg,0.651278,0.175417,brown_spot,False
healthy,False,data\RiceCrossYear\test\healthy\2026_healthy_image_0215.jpg,0.650259,0.650259,healthy,True
healthy,False,data\RiceCrossYear\test\healthy\2026_healthy_Healthy_1375.jpg,0.649033,0.207241,rice_tungro,False
healthy,False,data\RiceCrossYear\test\healthy\2026_healthy_Healthy_1311.jpg,0.648271,0.216079,brown_spot,False
healthy,False,data\RiceCrossYear\test\healthy\2026_healthy_Healthy_1371.jpg,0.647464,0.167873,rice_tungro,False
healthy,False,data\RiceCrossYear\test\healthy\2026_healthy_Healthy_1504.jpg,0.646813,0.186131,rice_tungro,False
healthy,False,data\RiceCrossYear\test\healthy\2026_healthy_Healthy_322.jpg,0.645903,0.645903,healthy,True
healthy,False,data\RiceCrossYear\test\healthy\2026_healthy_image_0330.jpg,0.64511,0.64511,healthy,True
healthy,False,data\RiceCrossYear\test\healthy\2026_healthy_Healthy_689.jpg,0.642348,0.028528,rice_tungro,False
healthy,False,data\RiceCrossYear\test\healthy\2026_healthy_Healthy_314.jpg,0.642173,0.642173,healthy,True
healthy,False,data\RiceCrossYear\test\healthy\2026_healthy_image_0352.jpg,0.641028,0.641028,healthy,True
healthy,False,data\RiceCrossYear\test\healthy\2026_healthy_Healthy_1078.jpg,0.640358,0.640358,healthy,True
healthy,False,data\RiceCrossYear\test\healthy\2026_healthy_Healthy_705.jpg,0.639888,0.086515,rice_tungro,False
healthy,False,data\RiceCrossYear\test\healthy\2026_healthy_Healthy_412.jpg,0.639432,0.639432,healthy,True
healthy,False,data\RiceCrossYear\test\healthy\2026_healthy_Healthy_1484.jpg,0.639307,0.177126,rice_blast,False
healthy,False,data\RiceCrossYear\test\healthy\2026_healthy_Healthy_1509.jpg,0.637545,0.019594,rice_tungro,False
healthy,False,data\RiceCrossYear\test\healthy\2026_healthy_Healthy_729.jpg,0.637537,0.126616,rice_tungro,False
healthy,False,data\RiceCrossYear\test\healthy\2026_healthy_image_0354.jpg,0.63608,0.63608,healthy,True
healthy,False,data\RiceCrossYear\test\healthy\2026_healthy_Healthy_561.jpg,0.63581,0.63581,healthy,True
healthy,False,data\RiceCrossYear\test\healthy\2026_healthy_image_0356.jpg,0.635766,0.635766,healthy,True
healthy,False,data\RiceCrossYear\test\healthy\2026_healthy_image_0360.jpg,0.634935,0.634935,healthy,True
healthy,False,data\RiceCrossYear\test\healthy\2026_healthy_Healthy_459.jpg,0.633821,0.633821,healthy,True
healthy,False,data\RiceCrossYear\test\healthy\2026_healthy_Healthy_1362.jpg,0.632274,0.632274,healthy,True
healthy,False,data\RiceCrossYear\test\healthy\2026_healthy_image_0329.jpg,0.631967,0.631967,healthy,True
healthy,False,data\RiceCrossYear\test\healthy\2026_healthy_Healthy_725.jpg,0.629657,0.032344,brown_spot,False
healthy,False,data\RiceCrossYear\test\healthy\2026_healthy_Healthy_378.jpg,0.628266,0.177654,rice_tungro,False
healthy,False,data\RiceCrossYear\test\healthy\2026_healthy_Healthy_700.jpg,0.627724,0.035866,brown_spot,False
healthy,False,data\RiceCrossYear\test\healthy\2026_healthy_Healthy_142.jpg,0.624918,0.087814,rice_tungro,False
healthy,False,data\RiceCrossYear\test\healthy\2026_healthy_image_0224.jpg,0.622905,0.622905,healthy,True
healthy,False,data\RiceCrossYear\test\healthy\2026_healthy_Healthy_107.jpg,0.622563,0.212088,brown_spot,False
healthy,False,data\RiceCrossYear\test\healthy\2026_healthy_Healthy_199.jpg,0.621627,0.115214,rice_tungro,False
healthy,False,data\RiceCrossYear\test\healthy\2026_healthy_Healthy_415.jpg,0.621242,0.621242,healthy,True
healthy,False,data\RiceCrossYear\test\healthy\2026_healthy_Healthy_375.jpg,0.620753,0.205778,rice_tungro,False
healthy,False,data\RiceCrossYear\test\healthy\2026_healthy_image_0337.jpg,0.619742,0.619742,healthy,True
healthy,False,data\RiceCrossYear\test\healthy\2026_healthy_Healthy_174.jpg,0.619505,0.262379,rice_tungro,False
healthy,False,data\RiceCrossYear\test\healthy\2026_healthy_Healthy_210.jpg,0.617147,0.042079,brown_spot,False
healthy,False,data\RiceCrossYear\test\healthy\2026_healthy_image_0375.jpg,0.614499,0.614499,healthy,True
healthy,False,data\RiceCrossYear\test\healthy\2026_healthy_Healthy_289.jpg,0.614184,0.214922,rice_tungro,False
healthy,False,data\RiceCrossYear\test\healthy\2026_healthy_Healthy_282.jpg,0.614092,0.614092,healthy,True
healthy,False,data\RiceCrossYear\test\healthy\2026_healthy_Healthy_110.jpg,0.613234,0.246081,rice_tungro,False
healthy,False,data\RiceCrossYear\test\healthy\2026_healthy_Healthy_850.jpg,0.611689,0.611689,healthy,True
healthy,False,data\RiceCrossYear\test\healthy\2026_healthy_image_0164.jpg,0.611641,0.303228,rice_blast,False
healthy,False,data\RiceCrossYear\test\healthy\2026_healthy_Healthy_1363.jpg,0.609615,0.609615,healthy,True
healthy,False,data\RiceCrossYear\test\healthy\2026_healthy_Healthy_1147.jpg,0.608468,0.608468,healthy,True
healthy,False,data\RiceCrossYear\test\healthy\2026_healthy_image_0064.jpg,0.607734,0.327208,brown_spot,False
healthy,False,data\RiceCrossYear\test\healthy\2026_healthy_Healthy_858.jpg,0.607143,0.607143,healthy,True
healthy,False,data\RiceCrossYear\test\healthy\2026_healthy_Healthy_1079.jpg,0.606622,0.606622,healthy,True
healthy,False,data\RiceCrossYear\test\healthy\2026_healthy_Healthy_1368.jpg,0.603779,0.603779,healthy,True
healthy,False,data\RiceCrossYear\test\healthy\2026_healthy_Healthy_350.jpg,0.601396,0.202009,brown_spot,False
healthy,False,data\RiceCrossYear\test\healthy\2026_healthy_Healthy_405.jpg,0.600613,0.224159,rice_tungro,False
healthy,False,data\RiceCrossYear\test\healthy\2026_healthy_image_0324.jpg,0.60048,0.60048,healthy,True
healthy,False,data\RiceCrossYear\test\healthy\2026_healthy_Healthy_50.jpg,0.600311,0.600311,healthy,True
healthy,False,data\RiceCrossYear\test\healthy\2026_healthy_Healthy_235.jpg,0.600269,0.103449,rice_tungro,False
healthy,False,data\RiceCrossYear\test\healthy\2026_healthy_image_0131.jpg,0.60023,0.60023,healthy,True
healthy,False,data\RiceCrossYear\test\healthy\2026_healthy_Healthy_560.jpg,0.599054,0.599054,healthy,True
healthy,False,data\RiceCrossYear\test\healthy\2026_healthy_Healthy_1235.jpg,0.597695,0.597695,healthy,True
healthy,False,data\RiceCrossYear\test\healthy\2026_healthy_Healthy_265.jpg,0.595883,0.595883,healthy,True
healthy,False,data\RiceCrossYear\test\healthy\2026_healthy_Healthy_1556.jpg,0.593686,0.214783,rice_tungro,False
healthy,False,data\RiceCrossYear\test\healthy\2026_healthy_Healthy_231.jpg,0.592798,0.592798,healthy,True
healthy,False,data\RiceCrossYear\test\healthy\2026_healthy_Healthy_97.jpg,0.591865,0.591865,healthy,True
healthy,False,data\RiceCrossYear\test\healthy\2026_healthy_Healthy_83.jpg,0.591028,0.228196,rice_tungro,False
healthy,False,data\RiceCrossYear\test\healthy\2026_healthy_Healthy_1276.jpg,0.589853,0.589853,healthy,True
healthy,False,data\RiceCrossYear\test\healthy\2026_healthy_image_0443.jpg,0.588639,0.588639,healthy,True
healthy,False,data\RiceCrossYear\test\healthy\2026_healthy_Healthy_1006.jpg,0.588487,0.275684,rice_tungro,False
healthy,False,data\RiceCrossYear\test\healthy\2026_healthy_Healthy_862.jpg,0.587788,0.587788,healthy,True
healthy,False,data\RiceCrossYear\test\healthy\2026_healthy_Healthy_665.jpg,0.587009,0.294591,rice_tungro,False
healthy,False,data\RiceCrossYear\test\healthy\2026_healthy_Healthy_134.jpg,0.583714,0.058022,rice_tungro,False
healthy,False,data\RiceCrossYear\test\healthy\2026_healthy_Healthy_388.jpg,0.583581,0.30202,rice_tungro,False
healthy,False,data\RiceCrossYear\test\healthy\2026_healthy_Healthy_328.jpg,0.583379,0.583379,healthy,True
healthy,False,data\RiceCrossYear\test\healthy\2026_healthy_Healthy_331.jpg,0.581831,0.581831,healthy,True
healthy,False,data\RiceCrossYear\test\healthy\2026_healthy_Healthy_562.jpg,0.58007,0.58007,healthy,True
healthy,False,data\RiceCrossYear\test\healthy\2026_healthy_Healthy_367.jpg,0.579621,0.036266,brown_spot,False
healthy,False,data\RiceCrossYear\test\healthy\2026_healthy_Healthy_24.jpg,0.579085,0.052873,brown_spot,False
healthy,False,data\RiceCrossYear\test\healthy\2026_healthy_Healthy_1036.jpg,0.578811,0.578811,healthy,True
healthy,False,data\RiceCrossYear\test\healthy\2026_healthy_Healthy_747.jpg,0.578776,0.578776,healthy,True
healthy,False,data\RiceCrossYear\test\healthy\2026_healthy_Healthy_1514.jpg,0.576914,0.374672,rice_tungro,False
healthy,False,data\RiceCrossYear\test\healthy\2026_healthy_Healthy_1295.jpg,0.57571,0.57571,healthy,True
healthy,False,data\RiceCrossYear\test\healthy\2026_healthy_Healthy_453.jpg,0.574531,0.574531,healthy,True
healthy,False,data\RiceCrossYear\test\healthy\2026_healthy_Healthy_530.jpg,0.573081,0.150523,rice_tungro,False
healthy,False,data\RiceCrossYear\test\healthy\2026_healthy_Healthy_1439.jpg,0.573056,0.312022,rice_blast,False
healthy,False,data\RiceCrossYear\test\healthy\2026_healthy_Healthy_402.jpg,0.572376,0.572376,healthy,True
healthy,False,data\RiceCrossYear\test\healthy\2026_healthy_Healthy_292.jpg,0.572197,0.572197,healthy,True
healthy,False,data\RiceCrossYear\test\healthy\2026_healthy_Healthy_790.jpg,0.571445,0.312058,rice_tungro,False
healthy,False,data\RiceCrossYear\test\healthy\2026_healthy_image_0299.jpg,0.570547,0.570547,healthy,True
healthy,False,data\RiceCrossYear\test\healthy\2026_healthy_Healthy_1360.jpg,0.566865,0.207212,brown_spot,False
healthy,False,data\RiceCrossYear\test\healthy\2026_healthy_Healthy_840.jpg,0.566833,0.566833,healthy,True
healthy,False,data\RiceCrossYear\test\healthy\2026_healthy_Healthy_633.jpg,0.564242,0.039002,rice_tungro,False
healthy,False,data\RiceCrossYear\test\healthy\2026_healthy_image_0104.jpg,0.562739,0.298358,brown_spot,False
healthy,False,data\RiceCrossYear\test\healthy\2026_healthy_image_0116.jpg,0.562601,0.562601,healthy,True
healthy,False,data\RiceCrossYear\test\healthy\2026_healthy_Healthy_1503.jpg,0.562403,0.562403,healthy,True
healthy,False,data\RiceCrossYear\test\healthy\2026_healthy_Healthy_377.jpg,0.56199,0.3364,rice_tungro,False
healthy,False,data\RiceCrossYear\test\healthy\2026_healthy_Healthy_1318.jpg,0.561965,0.076875,brown_spot,False
healthy,False,data\RiceCrossYear\test\healthy\2026_healthy_Healthy_546.jpg,0.561861,0.561861,healthy,True
healthy,False,data\RiceCrossYear\test\healthy\2026_healthy_Healthy_1560.jpg,0.559261,0.377677,rice_blast,False
healthy,False,data\RiceCrossYear\test\healthy\2026_healthy_Healthy_321.jpg,0.558508,0.558508,healthy,True
healthy,False,data\RiceCrossYear\test\healthy\2026_healthy_Healthy_1377.jpg,0.558463,0.215333,rice_tungro,False
healthy,False,data\RiceCrossYear\test\healthy\2026_healthy_Healthy_1452.jpg,0.55786,0.55786,healthy,True
healthy,False,data\RiceCrossYear\test\healthy\2026_healthy_image_0452.jpg,0.557652,0.557652,healthy,True
healthy,False,data\RiceCrossYear\test\healthy\2026_healthy_image_0269.jpg,0.553645,0.380143,rice_blast,False
healthy,False,data\RiceCrossYear\test\healthy\2026_healthy_Healthy_36.jpg,0.553281,0.358974,brown_spot,False
healthy,False,data\RiceCrossYear\test\healthy\2026_healthy_Healthy_120.jpg,0.549917,0.352634,rice_tungro,False
healthy,False,data\RiceCrossYear\test\healthy\2026_healthy_Healthy_722.jpg,0.548917,0.032201,rice_tungro,False
healthy,False,data\RiceCrossYear\test\healthy\2026_healthy_Healthy_379.jpg,0.548301,0.548301,healthy,True
healthy,False,data\RiceCrossYear\test\healthy\2026_healthy_Healthy_299.jpg,0.546619,0.546619,healthy,True
healthy,False,data\RiceCrossYear\test\healthy\2026_healthy_Healthy_374.jpg,0.546453,0.27464,rice_tungro,False
healthy,False,data\RiceCrossYear\test\healthy\2026_healthy_image_0442.jpg,0.545434,0.545434,healthy,True
healthy,False,data\RiceCrossYear\test\healthy\2026_healthy_Healthy_266.jpg,0.545059,0.308902,rice_tungro,False
healthy,False,data\RiceCrossYear\test\healthy\2026_healthy_Healthy_136.jpg,0.544168,0.148441,rice_tungro,False
healthy,False,data\RiceCrossYear\test\healthy\2026_healthy_Healthy_919.jpg,0.543635,0.543635,healthy,True
healthy,False,data\RiceCrossYear\test\healthy\2026_healthy_image_0310.jpg,0.54333,0.390964,rice_blast,False
healthy,False,data\RiceCrossYear\test\healthy\2026_healthy_Healthy_342.jpg,0.54261,0.54261,healthy,True
healthy,False,data\RiceCrossYear\test\healthy\2026_healthy_Healthy_616.jpg,0.542576,0.13087,brown_spot,False
healthy,False,data\RiceCrossYear\test\healthy\2026_healthy_Healthy_69.jpg,0.542061,0.083331,brown_spot,False
healthy,False,data\RiceCrossYear\test\healthy\2026_healthy_Healthy_1426.jpg,0.541716,0.195984,rice_blast,False
healthy,False,data\RiceCrossYear\test\healthy\2026_healthy_Healthy_1495.jpg,0.541178,0.541178,healthy,True
healthy,False,data\RiceCrossYear\test\healthy\2026_healthy_Healthy_424.jpg,0.539815,0.235252,brown_spot,False
healthy,False,data\RiceCrossYear\test\healthy\2026_healthy_Healthy_23.jpg,0.539418,0.539418,healthy,True
healthy,False,data\RiceCrossYear\test\healthy\2026_healthy_Healthy_580.jpg,0.538935,0.29589,rice_tungro,False
healthy,False,data\RiceCrossYear\test\healthy\2026_healthy_Healthy_428.jpg,0.538159,0.538159,healthy,True
healthy,False,data\RiceCrossYear\test\healthy\2026_healthy_Healthy_1384.jpg,0.534226,0.534226,healthy,True
healthy,False,data\RiceCrossYear\test\healthy\2026_healthy_image_0162.jpg,0.533848,0.39808,rice_blast,False
healthy,False,data\RiceCrossYear\test\healthy\2026_healthy_Healthy_733.jpg,0.533647,0.533647,healthy,True
healthy,False,data\RiceCrossYear\test\healthy\2026_healthy_Healthy_347.jpg,0.530339,0.530339,healthy,True
healthy,False,data\RiceCrossYear\test\healthy\2026_healthy_Healthy_565.jpg,0.529618,0.37118,rice_tungro,False
healthy,False,data\RiceCrossYear\test\healthy\2026_healthy_Healthy_251.jpg,0.528434,0.528434,healthy,True
healthy,False,data\RiceCrossYear\test\healthy\2026_healthy_Healthy_585.jpg,0.528324,0.528324,healthy,True
healthy,False,data\RiceCrossYear\test\healthy\2026_healthy_Healthy_1566.jpg,0.526743,0.526743,healthy,True
healthy,False,data\RiceCrossYear\test\healthy\2026_healthy_image_0013.jpg,0.526053,0.526053,healthy,True
healthy,False,data\RiceCrossYear\test\healthy\2026_healthy_Healthy_184.jpg,0.524892,0.316503,rice_tungro,False
healthy,False,data\RiceCrossYear\test\healthy\2026_healthy_Healthy_1436.jpg,0.522893,0.268703,rice_blast,False
healthy,False,data\RiceCrossYear\test\healthy\2026_healthy_Healthy_591.jpg,0.522782,0.522782,healthy,True
healthy,False,data\RiceCrossYear\test\healthy\2026_healthy_Healthy_1387.jpg,0.521183,0.521183,healthy,True
healthy,False,data\RiceCrossYear\test\healthy\2026_healthy_Healthy_1035.jpg,0.520771,0.520771,healthy,True
healthy,False,data\RiceCrossYear\test\healthy\2026_healthy_Healthy_307.jpg,0.519125,0.324702,rice_tungro,False
healthy,False,data\RiceCrossYear\test\healthy\2026_healthy_Healthy_283.jpg,0.518421,0.239621,brown_spot,False
healthy,False,data\RiceCrossYear\test\healthy\2026_healthy_Healthy_205.jpg,0.518256,0.187197,rice_tungro,False
healthy,False,data\RiceCrossYear\test\healthy\2026_healthy_Healthy_324.jpg,0.517214,0.390223,rice_tungro,False
healthy,False,data\RiceCrossYear\test\healthy\2026_healthy_Healthy_332.jpg,0.516976,0.516976,healthy,True
healthy,False,data\RiceCrossYear\test\healthy\2026_healthy_Healthy_1440.jpg,0.516474,0.202279,rice_blast,False
healthy,False,data\RiceCrossYear\test\healthy\2026_healthy_image_0254.jpg,0.515802,0.377738,rice_blast,False
healthy,False,data\RiceCrossYear\test\healthy\2026_healthy_Healthy_734.jpg,0.514716,0.514716,healthy,True
healthy,False,data\RiceCrossYear\test\healthy\2026_healthy_Healthy_754.jpg,0.514302,0.263869,rice_blast,False
healthy,False,data\RiceCrossYear\test\healthy\2026_healthy_Healthy_1486.jpg,0.509708,0.509708,healthy,True
healthy,False,data\RiceCrossYear\test\healthy\2026_healthy_Healthy_309.jpg,0.508929,0.034296,brown_spot,False
healthy,False,data\RiceCrossYear\test\healthy\2026_healthy_Healthy_264.jpg,0.508897,0.508897,healthy,True
healthy,False,data\RiceCrossYear\test\healthy\2026_healthy_Healthy_1450.jpg,0.508379,0.342646,rice_blast,False
healthy,False,data\RiceCrossYear\test\healthy\2026_healthy_Healthy_351.jpg,0.508041,0.508041,healthy,True
healthy,False,data\RiceCrossYear\test\healthy\2026_healthy_image_0345.jpg,0.505966,0.413764,rice_blast,False
healthy,False,data\RiceCrossYear\test\healthy\2026_healthy_Healthy_288.jpg,0.504225,0.189106,rice_tungro,False
healthy,False,data\RiceCrossYear\test\healthy\2026_healthy_image_0296.jpg,0.504065,0.452724,rice_blast,False
healthy,False,data\RiceCrossYear\test\healthy\2026_healthy_Healthy_545.jpg,0.503191,0.503191,healthy,True
healthy,False,data\RiceCrossYear\test\healthy\2026_healthy_Healthy_319.jpg,0.501023,0.347558,rice_tungro,False
healthy,False,data\RiceCrossYear\test\healthy\2026_healthy_Healthy_320.jpg,0.500495,0.500495,healthy,True
healthy,False,data\RiceCrossYear\test\healthy\2026_healthy_Healthy_1314.jpg,0.498181,0.277381,brown_spot,False
healthy,False,data\RiceCrossYear\test\healthy\2026_healthy_Healthy_70.jpg,0.495539,0.495539,healthy,True
healthy,False,data\RiceCrossYear\test\healthy\2026_healthy_Healthy_1448.jpg,0.491574,0.367633,rice_blast,False
healthy,False,data\RiceCrossYear\test\healthy\2026_healthy_Healthy_1414.jpg,0.491329,0.264794,rice_tungro,False
healthy,False,data\RiceCrossYear\test\healthy\2026_healthy_Healthy_1493.jpg,0.490195,0.490195,healthy,True
healthy,False,data\RiceCrossYear\test\healthy\2026_healthy_Healthy_346.jpg,0.490036,0.490036,healthy,True
healthy,False,data\RiceCrossYear\test\healthy\2026_healthy_Healthy_298.jpg,0.489968,0.489968,healthy,True
healthy,False,data\RiceCrossYear\test\healthy\2026_healthy_Healthy_1030.jpg,0.48992,0.444338,rice_tungro,False
healthy,False,data\RiceCrossYear\test\healthy\2026_healthy_Healthy_1397.jpg,0.489205,0.332796,rice_blast,False
healthy,False,data\RiceCrossYear\test\healthy\2026_healthy_Healthy_300.jpg,0.488391,0.297674,rice_tungro,False
healthy,False,data\RiceCrossYear\test\healthy\2026_healthy_Healthy_1077.jpg,0.488345,0.488345,healthy,True
healthy,False,data\RiceCrossYear\test\healthy\2026_healthy_Healthy_313.jpg,0.486441,0.381253,rice_tungro,False
healthy,False,data\RiceCrossYear\test\healthy\2026_healthy_Healthy_62.jpg,0.485451,0.215523,rice_tungro,False
healthy,False,data\RiceCrossYear\test\healthy\2026_healthy_Healthy_85.jpg,0.484701,0.210411,rice_tungro,False
healthy,False,data\RiceCrossYear\test\healthy\2026_healthy_Healthy_751.jpg,0.484454,0.484454,healthy,True
healthy,False,data\RiceCrossYear\test\healthy\2026_healthy_Healthy_1287.jpg,0.484328,0.1912,brown_spot,False
healthy,False,data\RiceCrossYear\test\healthy\2026_healthy_Healthy_196.jpg,0.48419,0.216015,rice_tungro,False
healthy,False,data\RiceCrossYear\test\healthy\2026_healthy_Healthy_63.jpg,0.482965,0.421249,rice_tungro,False
healthy,False,data\RiceCrossYear\test\healthy\2026_healthy_Healthy_1385.jpg,0.48123,0.416063,rice_tungro,False
healthy,False,data\RiceCrossYear\test\healthy\2026_healthy_Healthy_394.jpg,0.480871,0.480871,healthy,True
healthy,False,data\RiceCrossYear\test\healthy\2026_healthy_Healthy_216.jpg,0.479793,0.138948,rice_tungro,False
healthy,False,data\RiceCrossYear\test\healthy\2026_healthy_Healthy_1329.jpg,0.478742,0.153539,rice_blast,False
healthy,False,data\RiceCrossYear\test\healthy\2026_healthy_Healthy_38.jpg,0.477023,0.477023,healthy,True
healthy,False,data\RiceCrossYear\test\healthy\2026_healthy_Healthy_1303.jpg,0.476916,0.225362,brown_spot,False
healthy,False,data\RiceCrossYear\test\healthy\2026_healthy_Healthy_223.jpg,0.475638,0.475638,healthy,True
healthy,False,data\RiceCrossYear\test\healthy\2026_healthy_Healthy_326.jpg,0.474751,0.474751,healthy,True
healthy,False,data\RiceCrossYear\test\healthy\2026_healthy_Healthy_1518.jpg,0.471416,0.453356,rice_tungro,False
healthy,False,data\RiceCrossYear\test\healthy\2026_healthy_Healthy_225.jpg,0.471325,0.12785,brown_spot,False
healthy,False,data\RiceCrossYear\test\healthy\2026_healthy_image_0302.jpg,0.470065,0.376235,rice_blast,False
healthy,False,data\RiceCrossYear\test\healthy\2026_healthy_Healthy_567.jpg,0.470046,0.447208,rice_tungro,False
healthy,False,data\RiceCrossYear\test\healthy\2026_healthy_Healthy_104.jpg,0.468745,0.318332,rice_blast,False
healthy,False,data\RiceCrossYear\test\healthy\2026_healthy_Healthy_1527.jpg,0.468511,0.444445,rice_tungro,False
healthy,False,data\RiceCrossYear\test\healthy\2026_healthy_Healthy_643.jpg,0.468105,0.468105,healthy,True
healthy,False,data\RiceCrossYear\test\healthy\2026_healthy_Healthy_630.jpg,0.466992,0.466992,healthy,True
healthy,False,data\RiceCrossYear\test\healthy\2026_healthy_image_0303.jpg,0.465928,0.465928,healthy,True
healthy,False,data\RiceCrossYear\test\healthy\2026_healthy_Healthy_537.jpg,0.464293,0.292683,rice_tungro,False
healthy,False,data\RiceCrossYear\test\healthy\2026_healthy_Healthy_1378.jpg,0.46401,0.46401,healthy,True
healthy,False,data\RiceCrossYear\test\healthy\2026_healthy_Healthy_29.jpg,0.463585,0.338835,brown_spot,False
healthy,False,data\RiceCrossYear\test\healthy\2026_healthy_Healthy_1434.jpg,0.463416,0.463416,healthy,True
healthy,False,data\RiceCrossYear\test\healthy\2026_healthy_image_0031.jpg,0.463301,0.459023,brown_spot,False
healthy,False,data\RiceCrossYear\test\healthy\2026_healthy_Healthy_365.jpg,0.462727,0.462727,healthy,True
healthy,False,data\RiceCrossYear\test\healthy\2026_healthy_image_0175.jpg,0.462718,0.450677,rice_blast,False
healthy,False,data\RiceCrossYear\test\healthy\2026_healthy_Healthy_1334.jpg,0.46241,0.46241,healthy,True
healthy,False,data\RiceCrossYear\test\healthy\2026_healthy_Healthy_644.jpg,0.462078,0.462078,healthy,True
healthy,False,data\RiceCrossYear\test\healthy\2026_healthy_Healthy_349.jpg,0.461115,0.461115,healthy,True
healthy,False,data\RiceCrossYear\test\healthy\2026_healthy_Healthy_316.jpg,0.460039,0.10452,rice_blast,False
healthy,False,data\RiceCrossYear\test\healthy\2026_healthy_Healthy_399.jpg,0.459462,0.459462,healthy,True
healthy,False,data\RiceCrossYear\test\healthy\2026_healthy_Healthy_690.jpg,0.45813,0.169651,brown_spot,False
healthy,False,data\RiceCrossYear\test\healthy\2026_healthy_Healthy_418.jpg,0.457788,0.457788,healthy,True
healthy,False,data\RiceCrossYear\test\healthy\2026_healthy_Healthy_51.jpg,0.456348,0.183932,brown_spot,False
healthy,False,data\RiceCrossYear\test\healthy\2026_healthy_Healthy_140.jpg,0.456248,0.359339,rice_tungro,False
healthy,False,data\RiceCrossYear\test\healthy\2026_healthy_Healthy_193.jpg,0.453742,0.447144,rice_tungro,False
healthy,False,data\RiceCrossYear\test\healthy\2026_healthy_Healthy_1009.jpg,0.453562,0.453562,healthy,True
healthy,False,data\RiceCrossYear\test\healthy\2026_healthy_Healthy_1441.jpg,0.450541,0.450541,healthy,True
healthy,False,data\RiceCrossYear\test\healthy\2026_healthy_Healthy_281.jpg,0.449833,0.348283,brown_spot,False
healthy,False,data\RiceCrossYear\test\healthy\2026_healthy_Healthy_750.jpg,0.449675,0.371521,rice_blast,False
healthy,False,data\RiceCrossYear\test\healthy\2026_healthy_Healthy_138.jpg,0.447127,0.447127,healthy,True
healthy,False,data\RiceCrossYear\test\healthy\2026_healthy_Healthy_185.jpg,0.446053,0.384334,rice_tungro,False
healthy,False,data\RiceCrossYear\test\healthy\2026_healthy_Healthy_539.jpg,0.445595,0.204457,rice_tungro,False
healthy,False,data\RiceCrossYear\test\healthy\2026_healthy_Healthy_273.jpg,0.444858,0.351139,rice_tungro,False
healthy,False,data\RiceCrossYear\test\healthy\2026_healthy_Healthy_416.jpg,0.440389,0.392264,rice_blast,False
healthy,False,data\RiceCrossYear\test\healthy\2026_healthy_Healthy_389.jpg,0.439447,0.395845,rice_tungro,False
healthy,False,data\RiceCrossYear\test\healthy\2026_healthy_Healthy_532.jpg,0.439412,0.363752,rice_tungro,False
healthy,False,data\RiceCrossYear\test\healthy\2026_healthy_Healthy_275.jpg,0.439383,0.289636,rice_tungro,False
healthy,False,data\RiceCrossYear\test\healthy\2026_healthy_Healthy_279.jpg,0.439354,0.439354,healthy,True
healthy,False,data\RiceCrossYear\test\healthy\2026_healthy_Healthy_183.jpg,0.438967,0.438967,healthy,True
healthy,False,data\RiceCrossYear\test\healthy\2026_healthy_Healthy_1300.jpg,0.437931,0.38553,rice_tungro,False
healthy,False,data\RiceCrossYear\test\healthy\2026_healthy_Healthy_277.jpg,0.43738,0.43738,healthy,True
healthy,False,data\RiceCrossYear\test\healthy\2026_healthy_Healthy_195.jpg,0.43633,0.343149,rice_tungro,False
healthy,False,data\RiceCrossYear\test\healthy\2026_healthy_Healthy_592.jpg,0.434872,0.426877,rice_tungro,False
healthy,False,data\RiceCrossYear\test\healthy\2026_healthy_Healthy_1219.jpg,0.434143,0.426995,rice_tungro,False
healthy,False,data\RiceCrossYear\test\healthy\2026_healthy_Healthy_218.jpg,0.433427,0.095258,brown_spot,False
healthy,False,data\RiceCrossYear\test\healthy\2026_healthy_Healthy_252.jpg,0.430469,0.430469,healthy,True
healthy,False,data\RiceCrossYear\test\healthy\2026_healthy_Healthy_1485.jpg,0.429933,0.429933,healthy,True
healthy,False,data\RiceCrossYear\test\healthy\2026_healthy_Healthy_1455.jpg,0.429503,0.429503,healthy,True
healthy,False,data\RiceCrossYear\test\healthy\2026_healthy_Healthy_352.jpg,0.429284,0.278846,rice_tungro,False
healthy,False,data\RiceCrossYear\test\healthy\2026_healthy_Healthy_1464.jpg,0.427862,0.427862,healthy,True
healthy,False,data\RiceCrossYear\test\healthy\2026_healthy_Healthy_31.jpg,0.425099,0.244591,rice_blast,False
healthy,False,data\RiceCrossYear\test\healthy\2026_healthy_Healthy_603.jpg,0.424906,0.271442,brown_spot,False
healthy,False,data\RiceCrossYear\test\healthy\2026_healthy_Healthy_529.jpg,0.423031,0.06822,rice_tungro,False
healthy,False,data\RiceCrossYear\test\healthy\2026_healthy_Healthy_95.jpg,0.422797,0.422797,healthy,True
healthy,False,data\RiceCrossYear\test\healthy\2026_healthy_Healthy_339.jpg,0.420756,0.420756,healthy,True
healthy,False,data\RiceCrossYear\test\healthy\2026_healthy_Healthy_1301.jpg,0.41918,0.34104,rice_tungro,False
healthy,False,data\RiceCrossYear\test\healthy\2026_healthy_image_0317.jpg,0.418969,0.328452,rice_blast,False
healthy,False,data\RiceCrossYear\test\healthy\2026_healthy_Healthy_130.jpg,0.417608,0.151784,rice_tungro,False
healthy,False,data\RiceCrossYear\test\healthy\2026_healthy_Healthy_366.jpg,0.417323,0.417323,healthy,True
healthy,False,data\RiceCrossYear\test\healthy\2026_healthy_Healthy_1312.jpg,0.414984,0.127618,brown_spot,False
healthy,False,data\RiceCrossYear\test\healthy\2026_healthy_Healthy_353.jpg,0.413076,0.413076,healthy,True
healthy,False,data\RiceCrossYear\test\healthy\2026_healthy_image_0480.jpg,0.408434,0.408434,healthy,True
healthy,False,data\RiceCrossYear\test\healthy\2026_healthy_Healthy_88.jpg,0.406562,0.155752,brown_spot,False
healthy,False,data\RiceCrossYear\test\healthy\2026_healthy_Healthy_466.jpg,0.402414,0.315936,brown_spot,False
healthy,False,data\RiceCrossYear\test\healthy\2026_healthy_Healthy_291.jpg,0.401075,0.401075,healthy,True
healthy,False,data\RiceCrossYear\test\healthy\2026_healthy_Healthy_685.jpg,0.400445,0.034837,brown_spot,False
healthy,False,data\RiceCrossYear\test\healthy\2026_healthy_Healthy_1307.jpg,0.400233,0.400233,healthy,True
healthy,False,data\RiceCrossYear\test\healthy\2026_healthy_Healthy_224.jpg,0.400033,0.33785,rice_tungro,False
healthy,False,data\RiceCrossYear\test\healthy\2026_healthy_Healthy_215.jpg,0.398848,0.040725,brown_spot,False
healthy,False,data\RiceCrossYear\test\healthy\2026_healthy_Healthy_1341.jpg,0.398252,0.398252,healthy,True
healthy,False,data\RiceCrossYear\test\healthy\2026_healthy_Healthy_1335.jpg,0.396291,0.396291,healthy,True
healthy,False,data\RiceCrossYear\test\healthy\2026_healthy_Healthy_1004.jpg,0.392963,0.362457,rice_tungro,False
healthy,False,data\RiceCrossYear\test\healthy\2026_healthy_Healthy_37.jpg,0.392913,0.334032,brown_spot,False
healthy,False,data\RiceCrossYear\test\healthy\2026_healthy_Healthy_417.jpg,0.392146,0.177663,rice_blast,False
healthy,False,data\RiceCrossYear\test\healthy\2026_healthy_Healthy_269.jpg,0.391362,0.390789,rice_tungro,False
healthy,False,data\RiceCrossYear\test\healthy\2026_healthy_Healthy_315.jpg,0.389581,0.226437,brown_spot,False
healthy,False,data\RiceCrossYear\test\healthy\2026_healthy_Healthy_131.jpg,0.385885,0.145077,rice_tungro,False
healthy,False,data\RiceCrossYear\test\healthy\2026_healthy_Healthy_600.jpg,0.382185,0.297356,rice_tungro,False
healthy,False,data\RiceCrossYear\test\healthy\2026_healthy_Healthy_640.jpg,0.368636,0.368636,healthy,True
healthy,False,data\RiceCrossYear\test\healthy\2026_healthy_Healthy_542.jpg,0.364543,0.096312,rice_tungro,False
healthy,False,data\RiceCrossYear\test\healthy\2026_healthy_Healthy_253.jpg,0.358735,0.358735,healthy,True
healthy,False,data\RiceCrossYear\test\healthy\2026_healthy_Healthy_409.jpg,0.351502,0.268816,brown_spot,False
healthy,False,data\RiceCrossYear\test\healthy\2026_healthy_Healthy_338.jpg,0.350012,0.283691,brown_spot,False
healthy,False,data\RiceCrossYear\test\healthy\2026_healthy_Healthy_380.jpg,0.34853,0.057063,brown_spot,False
healthy,False,data\RiceCrossYear\test\healthy\2026_healthy_Healthy_82.jpg,0.34497,0.255392,rice_blast,False
healthy,False,data\RiceCrossYear\test\healthy\2026_healthy_Healthy_649.jpg,0.338653,0.26032,rice_tungro,False
healthy,False,data\RiceCrossYear\test\healthy\2026_healthy_Healthy_583.jpg,0.331344,0.287587,rice_blast,False
healthy,False,data\RiceCrossYear\test\healthy\2026_healthy_Healthy_1324.jpg,0.328353,0.297404,rice_tungro,False
healthy,False,data\RiceCrossYear\test\healthy\2026_healthy_Healthy_229.jpg,0.32758,0.32758,healthy,True
healthy,False,data\RiceCrossYear\test\healthy\2026_healthy_Healthy_112.jpg,0.319179,0.187475,rice_tungro,False
healthy,False,data\RiceCrossYear\test\healthy\2026_healthy_Healthy_1313.jpg,0.309172,0.285658,rice_tungro,False
healthy,False,data\RiceCrossYear\test\healthy\2026_healthy_Healthy_554.jpg,0.296644,0.179902,rice_tungro,False
rice_blast,False,data\RiceCrossYear\test\rice_blast\2026_rice_blast_blast_947.jpg,0.970739,0.004141,brown_spot,False
rice_blast,False,data\RiceCrossYear\test\rice_blast\2026_rice_blast_blast_1181.jpg,0.965654,0.009892,brown_spot,False
rice_blast,False,data\RiceCrossYear\test\rice_blast\2026_rice_blast_blast_946.jpg,0.965421,0.005403,brown_spot,False
rice_blast,False,data\RiceCrossYear\test\rice_blast\2026_rice_blast_blast_570.jpg,0.96435,0.012187,brown_spot,False
rice_blast,False,data\RiceCrossYear\test\rice_blast\2026_rice_blast_blast_783.jpg,0.962501,0.007137,brown_spot,False
rice_blast,False,data\RiceCrossYear\test\rice_blast\2026_rice_blast_blast_523.jpg,0.961538,0.012247,brown_spot,False
rice_blast,False,data\RiceCrossYear\test\rice_blast\2026_rice_blast_blast_114.jpg,0.961372,0.00729,brown_spot,False
rice_blast,False,data\RiceCrossYear\test\rice_blast\2026_rice_blast_blast_945.jpg,0.960829,0.00861,brown_spot,False
rice_blast,False,data\RiceCrossYear\test\rice_blast\2026_rice_blast_blast_121.jpg,0.958886,0.01098,brown_spot,False
rice_blast,False,data\RiceCrossYear\test\rice_blast\2026_rice_blast_blast_788.jpg,0.958836,0.012129,brown_spot,False
rice_blast,False,data\RiceCrossYear\test\rice_blast\2026_rice_blast_blast_353.jpg,0.958083,0.007704,brown_spot,False
rice_blast,False,data\RiceCrossYear\test\rice_blast\2026_rice_blast_blast_387.jpg,0.957138,0.008003,brown_spot,False
rice_blast,False,data\RiceCrossYear\test\rice_blast\2026_rice_blast_blast_715.jpg,0.956204,0.015853,brown_spot,False
rice_blast,False,data\RiceCrossYear\test\rice_blast\2026_rice_blast_blast_216.jpg,0.955652,0.012124,brown_spot,False
rice_blast,False,data\RiceCrossYear\test\rice_blast\2026_rice_blast_blast_260.jpg,0.955549,0.016716,brown_spot,False
rice_blast,False,data\RiceCrossYear\test\rice_blast\2026_rice_blast_blast_893.jpg,0.955151,0.013812,brown_spot,False
rice_blast,False,data\RiceCrossYear\test\rice_blast\2026_rice_blast_blast_40.jpg,0.954539,0.0112,brown_spot,False
rice_blast,False,data\RiceCrossYear\test\rice_blast\2026_rice_blast_blast_169.jpg,0.954488,0.017177,brown_spot,False
rice_blast,False,data\RiceCrossYear\test\rice_blast\2026_rice_blast_blast_948.jpg,0.953311,0.010254,brown_spot,False
rice_blast,False,data\RiceCrossYear\test\rice_blast\2026_rice_blast_blast_162.jpg,0.952898,0.013187,brown_spot,False
rice_blast,False,data\RiceCrossYear\test\rice_blast\2026_rice_blast_blast_706.jpg,0.952225,0.017322,brown_spot,False
rice_blast,False,data\RiceCrossYear\test\rice_blast\2026_rice_blast_blast_784.jpg,0.95206,0.008457,brown_spot,False
rice_blast,False,data\RiceCrossYear\test\rice_blast\2026_rice_blast_blast_177.jpg,0.951969,0.012571,brown_spot,False
rice_blast,False,data\RiceCrossYear\test\rice_blast\2026_rice_blast_blast_296.jpg,0.951727,0.015841,brown_spot,False
rice_blast,False,data\RiceCrossYear\test\rice_blast\2026_rice_blast_blast_342.jpg,0.951689,0.013615,brown_spot,False
rice_blast,False,data\RiceCrossYear\test\rice_blast\2026_rice_blast_blast_1208.jpg,0.95162,0.013855,brown_spot,False
rice_blast,False,data\RiceCrossYear\test\rice_blast\2026_rice_blast_blast_895.jpg,0.951294,0.01895,brown_spot,False
rice_blast,False,data\RiceCrossYear\test\rice_blast\2026_rice_blast_blast_863.jpg,0.95079,0.011387,brown_spot,False
rice_blast,False,data\RiceCrossYear\test\rice_blast\2026_rice_blast_blast_567.jpg,0.950281,0.014858,brown_spot,False
rice_blast,False,data\RiceCrossYear\test\rice_blast\2026_rice_blast_blast_897.jpg,0.949821,0.019162,brown_spot,False
rice_blast,False,data\RiceCrossYear\test\rice_blast\2026_rice_blast_blast_891.jpg,0.949696,0.01604,brown_spot,False
rice_blast,False,data\RiceCrossYear\test\rice_blast\2026_rice_blast_blast_302.jpg,0.949283,0.008482,brown_spot,False
rice_blast,False,data\RiceCrossYear\test\rice_blast\2026_rice_blast_blast_515.jpg,0.948997,0.015888,brown_spot,False
rice_blast,False,data\RiceCrossYear\test\rice_blast\2026_rice_blast_blast_250.jpg,0.948871,0.016183,brown_spot,False
rice_blast,False,data\RiceCrossYear\test\rice_blast\2026_rice_blast_blast_894.jpg,0.9487,0.018371,brown_spot,False
rice_blast,False,data\RiceCrossYear\test\rice_blast\2026_rice_blast_blast_509.jpg,0.948505,0.016416,brown_spot,False
rice_blast,False,data\RiceCrossYear\test\rice_blast\2026_rice_blast_blast_789.jpg,0.947926,0.018645,brown_spot,False
rice_blast,False,data\RiceCrossYear\test\rice_blast\2026_rice_blast_blast_1184.jpg,0.947762,0.012651,brown_spot,False
rice_blast,False,data\RiceCrossYear\test\rice_blast\2026_rice_blast_blast_36.jpg,0.947502,0.011834,brown_spot,False
rice_blast,False,data\RiceCrossYear\test\rice_blast\2026_rice_blast_blast_149.jpg,0.947025,0.014296,brown_spot,False
rice_blast,False,data\RiceCrossYear\test\rice_blast\2026_rice_blast_blast_1182.jpg,0.946986,0.016199,brown_spot,False
rice_blast,False,data\RiceCrossYear\test\rice_blast\2026_rice_blast_blast_885.jpg,0.946662,0.011766,brown_spot,False
rice_blast,False,data\RiceCrossYear\test\rice_blast\2026_rice_blast_blast_865.jpg,0.946179,0.011443,brown_spot,False
rice_blast,False,data\RiceCrossYear\test\rice_blast\2026_rice_blast_blast_254.jpg,0.945967,0.01615,brown_spot,False
rice_blast,False,data\RiceCrossYear\test\rice_blast\2026_rice_blast_blast_569.jpg,0.945861,0.021857,brown_spot,False
rice_blast,False,data\RiceCrossYear\test\rice_blast\2026_rice_blast_blast_864.jpg,0.945837,0.014057,brown_spot,False
rice_blast,False,data\RiceCrossYear\test\rice_blast\2026_rice_blast_blast_716.jpg,0.945758,0.014816,brown_spot,False
rice_blast,False,data\RiceCrossYear\test\rice_blast\2026_rice_blast_blast_153.jpg,0.945522,0.020727,brown_spot,False
rice_blast,False,data\RiceCrossYear\test\rice_blast\2026_rice_blast_blast_1317.jpg,0.945451,0.945451,rice_blast,True
rice_blast,False,data\RiceCrossYear\test\rice_blast\2026_rice_blast_blast_717.jpg,0.945399,0.010762,brown_spot,False
rice_blast,False,data\RiceCrossYear\test\rice_blast\2026_rice_blast_blast_139.jpg,0.945254,0.018376,brown_spot,False
rice_blast,False,data\RiceCrossYear\test\rice_blast\2026_rice_blast_blast_526.jpg,0.944952,0.015378,brown_spot,False
rice_blast,False,data\RiceCrossYear\test\rice_blast\2026_rice_blast_blast_797.jpg,0.944604,0.018964,brown_spot,False
rice_blast,False,data\RiceCrossYear\test\rice_blast\2026_rice_blast_blast_568.jpg,0.944596,0.025582,brown_spot,False
rice_blast,False,data\RiceCrossYear\test\rice_blast\2026_rice_blast_blast_1301.jpg,0.944503,0.944503,rice_blast,True
rice_blast,False,data\RiceCrossYear\test\rice_blast\2026_rice_blast_blast_900.jpg,0.944442,0.025615,brown_spot,False
rice_blast,False,data\RiceCrossYear\test\rice_blast\2026_rice_blast_blast_963.jpg,0.944335,0.007154,brown_spot,False
rice_blast,False,data\RiceCrossYear\test\rice_blast\2026_rice_blast_blast_883.jpg,0.944177,0.011816,brown_spot,False
rice_blast,False,data\RiceCrossYear\test\rice_blast\2026_rice_blast_blast_566.jpg,0.944089,0.016118,brown_spot,False
rice_blast,False,data\RiceCrossYear\test\rice_blast\2026_rice_blast_blast_793.jpg,0.943825,0.014729,brown_spot,False
rice_blast,False,data\RiceCrossYear\test\rice_blast\2026_rice_blast_blast_713.jpg,0.943389,0.02024,brown_spot,False
rice_blast,False,data\RiceCrossYear\test\rice_blast\2026_rice_blast_blast_129.jpg,0.943279,0.012978,brown_spot,False
rice_blast,False,data\RiceCrossYear\test\rice_blast\2026_rice_blast_blast_35.jpg,0.943223,0.010821,brown_spot,False
rice_blast,False,data\RiceCrossYear\test\rice_blast\2026_rice_blast_blast_1185.jpg,0.94286,0.012103,brown_spot,False
rice_blast,False,data\RiceCrossYear\test\rice_blast\2026_rice_blast_blast_1114.jpg,0.942814,0.016984,brown_spot,False
rice_blast,False,data\RiceCrossYear\test\rice_blast\2026_rice_blast_blast_54.jpg,0.942799,0.018436,brown_spot,False
rice_blast,False,data\RiceCrossYear\test\rice_blast\2026_rice_blast_blast_44.jpg,0.942678,0.013526,brown_spot,False
rice_blast,False,data\RiceCrossYear\test\rice_blast\2026_rice_blast_blast_309.jpg,0.942614,0.01246,brown_spot,False
rice_blast,False,data\RiceCrossYear\test\rice_blast\2026_rice_blast_blast_901.jpg,0.942607,0.022783,brown_spot,False
rice_blast,False,data\RiceCrossYear\test\rice_blast\2026_rice_blast_blast_892.jpg,0.942402,0.029076,brown_spot,False
rice_blast,False,data\RiceCrossYear\test\rice_blast\2026_rice_blast_blast_1142.jpg,0.942343,0.01779,brown_spot,False
rice_blast,False,data\RiceCrossYear\test\rice_blast\2026_rice_blast_blast_723.jpg,0.942266,0.010612,brown_spot,False
rice_blast,False,data\RiceCrossYear\test\rice_blast\2026_rice_blast_blast_866.jpg,0.942182,0.012576,brown_spot,False
rice_blast,False,data\RiceCrossYear\test\rice_blast\2026_rice_blast_blast_967.jpg,0.942111,0.014659,brown_spot,False
rice_blast,False,data\RiceCrossYear\test\rice_blast\2026_rice_blast_blast_815.jpg,0.942046,0.012961,brown_spot,False
rice_blast,False,data\RiceCrossYear\test\rice_blast\2026_rice_blast_blast_345.jpg,0.942009,0.017153,brown_spot,False
rice_blast,False,data\RiceCrossYear\test\rice_blast\2026_rice_blast_blast_406.jpg,0.941751,0.015659,brown_spot,False
rice_blast,False,data\RiceCrossYear\test\rice_blast\2026_rice_blast_blast_1274.jpg,0.941679,0.014926,brown_spot,False
rice_blast,False,data\RiceCrossYear\test\rice_blast\2026_rice_blast_blast_442.jpg,0.941637,0.017484,brown_spot,False
rice_blast,False,data\RiceCrossYear\test\rice_blast\2026_rice_blast_blast_263.jpg,0.941168,0.017407,brown_spot,False
rice_blast,False,data\RiceCrossYear\test\rice_blast\2026_rice_blast_blast_388.jpg,0.941107,0.017819,brown_spot,False
rice_blast,False,data\RiceCrossYear\test\rice_blast\2026_rice_blast_blast_402.jpg,0.940818,0.015644,brown_spot,False
rice_blast,False,data\RiceCrossYear\test\rice_blast\2026_rice_blast_blast_215.jpg,0.940747,0.014752,brown_spot,False
rice_blast,False,data\RiceCrossYear\test\rice_blast\2026_rice_blast_blast_884.jpg,0.940618,0.013378,brown_spot,False
rice_blast,False,data\RiceCrossYear\test\rice_blast\2026_rice_blast_blast_211.jpg,0.940267,0.034908,brown_spot,False
rice_blast,False,data\RiceCrossYear\test\rice_blast\2026_rice_blast_blast_193.jpg,0.9401,0.016446,brown_spot,False
rice_blast,False,data\RiceCrossYear\test\rice_blast\2026_rice_blast_blast_37.jpg,0.93999,0.015584,brown_spot,False
rice_blast,False,data\RiceCrossYear\test\rice_blast\2026_rice_blast_blast_247.jpg,0.939931,0.012781,brown_spot,False
rice_blast,False,data\RiceCrossYear\test\rice_blast\2026_rice_blast_blast_1175.jpg,0.939711,0.016504,brown_spot,False
rice_blast,False,data\RiceCrossYear\test\rice_blast\2026_rice_blast_blast_583.jpg,0.939692,0.018285,brown_spot,False
rice_blast,False,data\RiceCrossYear\test\rice_blast\2026_rice_blast_blast_1117.jpg,0.939619,0.012493,brown_spot,False
rice_blast,False,data\RiceCrossYear\test\rice_blast\2026_rice_blast_blast_1076.jpg,0.939406,0.026338,brown_spot,False
rice_blast,False,data\RiceCrossYear\test\rice_blast\2026_rice_blast_blast_111.jpg,0.939184,0.01551,brown_spot,False
rice_blast,False,data\RiceCrossYear\test\rice_blast\2026_rice_blast_blast_293.jpg,0.939142,0.019396,brown_spot,False
rice_blast,False,data\RiceCrossYear\test\rice_blast\2026_rice_blast_blast_582.jpg,0.939068,0.016966,brown_spot,False
rice_blast,False,data\RiceCrossYear\test\rice_blast\2026_rice_blast_blast_1205.jpg,0.938862,0.013031,brown_spot,False
rice_blast,False,data\RiceCrossYear\test\rice_blast\2026_rice_blast_blast_1226.jpg,0.938862,0.02178,brown_spot,False
rice_blast,False,data\RiceCrossYear\test\rice_blast\2026_rice_blast_blast_862.jpg,0.938753,0.015203,brown_spot,False
rice_blast,False,data\RiceCrossYear\test\rice_blast\2026_rice_blast_blast_120.jpg,0.938511,0.019593,brown_spot,False
rice_blast,False,data\RiceCrossYear\test\rice_blast\2026_rice_blast_blast_291.jpg,0.938452,0.021412,brown_spot,False
rice_blast,False,data\RiceCrossYear\test\rice_blast\2026_rice_blast_blast_292.jpg,0.938444,0.017188,brown_spot,False
rice_blast,False,data\RiceCrossYear\test\rice_blast\2026_rice_blast_blast_144.jpg,0.938239,0.016159,brown_spot,False
rice_blast,False,data\RiceCrossYear\test\rice_blast\2026_rice_blast_blast_369.jpg,0.938008,0.029903,brown_spot,False
rice_blast,False,data\RiceCrossYear\test\rice_blast\2026_rice_blast_blast_1143.jpg,0.937948,0.023321,brown_spot,False
rice_blast,False,data\RiceCrossYear\test\rice_blast\2026_rice_blast_blast_261.jpg,0.937908,0.017398,brown_spot,False
rice_blast,False,data\RiceCrossYear\test\rice_blast\2026_rice_blast_blast_518.jpg,0.93786,0.020619,brown_spot,False
rice_blast,False,data\RiceCrossYear\test\rice_blast\2026_rice_blast_blast_381.jpg,0.937744,0.017947,brown_spot,False
rice_blast,False,data\RiceCrossYear\test\rice_blast\2026_rice_blast_blast_867.jpg,0.937654,0.018443,brown_spot,False
rice_blast,False,data\RiceCrossYear\test\rice_blast\2026_rice_blast_blast_1104.jpg,0.937578,0.016989,brown_spot,False
rice_blast,False,data\RiceCrossYear\test\rice_blast\2026_rice_blast_blast_573.jpg,0.937572,0.013518,brown_spot,False
rice_blast,False,data\RiceCrossYear\test\rice_blast\2026_rice_blast_blast_665.jpg,0.93744,0.013203,brown_spot,False
rice_blast,False,data\RiceCrossYear\test\rice_blast\2026_rice_blast_blast_104.jpg,0.937183,0.021614,brown_spot,False
rice_blast,False,data\RiceCrossYear\test\rice_blast\2026_rice_blast_blast_165.jpg,0.937181,0.017762,brown_spot,False
rice_blast,False,data\RiceCrossYear\test\rice_blast\2026_rice_blast_blast_218.jpg,0.93704,0.014062,brown_spot,False
rice_blast,False,data\RiceCrossYear\test\rice_blast\2026_rice_blast_blast_34.jpg,0.936992,0.012929,brown_spot,False
rice_blast,False,data\RiceCrossYear\test\rice_blast\2026_rice_blast_blast_882.jpg,0.936809,0.015411,brown_spot,False
rice_blast,False,data\RiceCrossYear\test\rice_blast\2026_rice_blast_blast_398.jpg,0.936388,0.019114,brown_spot,False
rice_blast,False,data\RiceCrossYear\test\rice_blast\2026_rice_blast_blast_346.jpg,0.936226,0.023461,brown_spot,False
rice_blast,False,data\RiceCrossYear\test\rice_blast\2026_rice_blast_blast_724.jpg,0.936204,0.015147,brown_spot,False
rice_blast,False,data\RiceCrossYear\test\rice_blast\2026_rice_blast_blast_351.jpg,0.935894,0.025808,brown_spot,False
rice_blast,False,data\RiceCrossYear\test\rice_blast\2026_rice_blast_blast_41.jpg,0.935789,0.015499,brown_spot,False
rice_blast,False,data\RiceCrossYear\test\rice_blast\2026_rice_blast_blast_62.jpg,0.935616,0.02599,brown_spot,False
rice_blast,False,data\RiceCrossYear\test\rice_blast\2026_rice_blast_blast_1106.jpg,0.935581,0.024763,brown_spot,False
rice_blast,False,data\RiceCrossYear\test\rice_blast\2026_rice_blast_blast_662.jpg,0.935563,0.016271,brown_spot,False
rice_blast,False,data\RiceCrossYear\test\rice_blast\2026_rice_blast_blast_300.jpg,0.935445,0.022676,brown_spot,False
rice_blast,False,data\RiceCrossYear\test\rice_blast\2026_rice_blast_blast_195.jpg,0.935368,0.014511,brown_spot,False
rice_blast,False,data\RiceCrossYear\test\rice_blast\2026_rice_blast_blast_859.jpg,0.935362,0.017779,brown_spot,False
rice_blast,False,data\RiceCrossYear\test\rice_blast\2026_rice_blast_blast_286.jpg,0.935061,0.029896,brown_spot,False
rice_blast,False,data\RiceCrossYear\test\rice_blast\2026_rice_blast_blast_28.jpg,0.93488,0.022817,brown_spot,False
rice_blast,False,data\RiceCrossYear\test\rice_blast\2026_rice_blast_blast_1173.jpg,0.934799,0.010375,brown_spot,False
rice_blast,False,data\RiceCrossYear\test\rice_blast\2026_rice_blast_blast_21.jpg,0.934767,0.026621,brown_spot,False
rice_blast,False,data\RiceCrossYear\test\rice_blast\2026_rice_blast_blast_604.jpg,0.934676,0.015526,brown_spot,False
rice_blast,False,data\RiceCrossYear\test\rice_blast\2026_rice_blast_blast_581.jpg,0.934536,0.020506,brown_spot,False
rice_blast,False,data\RiceCrossYear\test\rice_blast\2026_rice_blast_blast_597.jpg,0.934422,0.034003,brown_spot,False
rice_blast,False,data\RiceCrossYear\test\rice_blast\2026_rice_blast_blast_575.jpg,0.934279,0.01581,brown_spot,False
rice_blast,False,data\RiceCrossYear\test\rice_blast\2026_rice_blast_blast_685.jpg,0.934226,0.032758,brown_spot,False
rice_blast,False,data\RiceCrossYear\test\rice_blast\2026_rice_blast_blast_1028.jpg,0.934203,0.022579,brown_spot,False
rice_blast,False,data\RiceCrossYear\test\rice_blast\2026_rice_blast_blast_179.jpg,0.934164,0.017076,brown_spot,False
rice_blast,False,data\RiceCrossYear\test\rice_blast\2026_rice_blast_blast_1022.jpg,0.934032,0.027298,brown_spot,False
rice_blast,False,data\RiceCrossYear\test\rice_blast\2026_rice_blast_blast_449.jpg,0.934009,0.025184,brown_spot,False
rice_blast,False,data\RiceCrossYear\test\rice_blast\2026_rice_blast_blast_691.jpg,0.93377,0.013113,brown_spot,False
rice_blast,False,data\RiceCrossYear\test\rice_blast\2026_rice_blast_blast_431.jpg,0.933747,0.021853,brown_spot,False
rice_blast,False,data\RiceCrossYear\test\rice_blast\2026_rice_blast_blast_46.jpg,0.933722,0.019228,brown_spot,False
rice_blast,False,data\RiceCrossYear\test\rice_blast\2026_rice_blast_blast_1105.jpg,0.933614,0.02781,brown_spot,False
rice_blast,False,data\RiceCrossYear\test\rice_blast\2026_rice_blast_blast_208.jpg,0.933602,0.021637,brown_spot,False
rice_blast,False,data\RiceCrossYear\test\rice_blast\2026_rice_blast_blast_553.jpg,0.933461,0.029069,brown_spot,False
rice_blast,False,data\RiceCrossYear\test\rice_blast\2026_rice_blast_blast_603.jpg,0.93345,0.018093,brown_spot,False
rice_blast,False,data\RiceCrossYear\test\rice_blast\2026_rice_blast_blast_181.jpg,0.933383,0.019928,brown_spot,False
rice_blast,False,data\RiceCrossYear\test\rice_blast\2026_rice_blast_blast_944.jpg,0.933313,0.024083,brown_spot,False
rice_blast,False,data\RiceCrossYear\test\rice_blast\2026_rice_blast_blast_176.jpg,0.932895,0.015094,brown_spot,False
rice_blast,False,data\RiceCrossYear\test\rice_blast\2026_rice_blast_blast_889.jpg,0.932788,0.037207,brown_spot,False
rice_blast,False,data\RiceCrossYear\test\rice_blast\2026_rice_blast_blast_962.jpg,0.932537,0.015552,brown_spot,False
rice_blast,False,data\RiceCrossYear\test\rice_blast\2026_rice_blast_blast_277.jpg,0.932461,0.01555,brown_spot,False
rice_blast,False,data\RiceCrossYear\test\rice_blast\2026_rice_blast_blast_197.jpg,0.932336,0.020638,brown_spot,False
rice_blast,False,data\RiceCrossYear\test\rice_blast\2026_rice_blast_blast_584.jpg,0.932294,0.018919,brown_spot,False
rice_blast,False,data\RiceCrossYear\test\rice_blast\2026_rice_blast_blast_888.jpg,0.932085,0.027683,brown_spot,False
rice_blast,False,data\RiceCrossYear\test\rice_blast\2026_rice_blast_blast_58.jpg,0.931897,0.931897,rice_blast,True
rice_blast,False,data\RiceCrossYear\test\rice_blast\2026_rice_blast_blast_512.jpg,0.931797,0.01306,brown_spot,False
rice_blast,False,data\RiceCrossYear\test\rice_blast\2026_rice_blast_blast_47.jpg,0.931602,0.012981,brown_spot,False
rice_blast,False,data\RiceCrossYear\test\rice_blast\2026_rice_blast_blast_180.jpg,0.931571,0.014481,brown_spot,False
rice_blast,False,data\RiceCrossYear\test\rice_blast\2026_rice_blast_blast_201.jpg,0.931304,0.027945,brown_spot,False
rice_blast,False,data\RiceCrossYear\test\rice_blast\2026_rice_blast_blast_718.jpg,0.931143,0.010947,brown_spot,False
rice_blast,False,data\RiceCrossYear\test\rice_blast\2026_rice_blast_blast_136.jpg,0.931127,0.021018,brown_spot,False
rice_blast,False,data\RiceCrossYear\test\rice_blast\2026_rice_blast_blast_835.jpg,0.931051,0.016986,brown_spot,False
rice_blast,False,data\RiceCrossYear\test\rice_blast\2026_rice_blast_blast_1118.jpg,0.930908,0.017134,brown_spot,False
rice_blast,False,data\RiceCrossYear\test\rice_blast\2026_rice_blast_blast_96.jpg,0.930644,0.02048,brown_spot,False
rice_blast,False,data\RiceCrossYear\test\rice_blast\2026_rice_blast_blast_80.jpg,0.930626,0.015779,brown_spot,False
rice_blast,False,data\RiceCrossYear\test\rice_blast\2026_rice_blast_blast_473.jpg,0.930538,0.025436,brown_spot,False
rice_blast,False,data\RiceCrossYear\test\rice_blast\2026_rice_blast_blast_223.jpg,0.930516,0.034027,brown_spot,False
rice_blast,False,data\RiceCrossYear\test\rice_blast\2026_rice_blast_blast_151.jpg,0.930446,0.029953,brown_spot,False
rice_blast,False,data\RiceCrossYear\test\rice_blast\2026_rice_blast_blast_462.jpg,0.930177,0.025451,brown_spot,False
rice_blast,False,data\RiceCrossYear\test\rice_blast\2026_rice_blast_blast_803.jpg,0.930047,0.012126,brown_spot,False
rice_blast,False,data\RiceCrossYear\test\rice_blast\2026_rice_blast_blast_527.jpg,0.929999,0.027865,brown_spot,False
rice_blast,False,data\RiceCrossYear\test\rice_blast\2026_rice_blast_blast_722.jpg,0.929933,0.011786,brown_spot,False
rice_blast,False,data\RiceCrossYear\test\rice_blast\2026_rice_blast_blast_323.jpg,0.929784,0.012631,brown_spot,False
rice_blast,False,data\RiceCrossYear\test\rice_blast\2026_rice_blast_blast_576.jpg,0.929705,0.021316,brown_spot,False
rice_blast,False,data\RiceCrossYear\test\rice_blast\2026_rice_blast_blast_881.jpg,0.929438,0.014279,brown_spot,False
rice_blast,False,data\RiceCrossYear\test\rice_blast\2026_rice_blast_blast_794.jpg,0.9291,0.020208,brown_spot,False
rice_blast,False,data\RiceCrossYear\test\rice_blast\2026_rice_blast_blast_887.jpg,0.92901,0.015737,brown_spot,False
rice_blast,False,data\RiceCrossYear\test\rice_blast\2026_rice_blast_blast_383.jpg,0.928922,0.024998,brown_spot,False
rice_blast,False,data\RiceCrossYear\test\rice_blast\2026_rice_blast_blast_99.jpg,0.928833,0.039632,brown_spot,False
rice_blast,False,data\RiceCrossYear\test\rice_blast\2026_rice_blast_blast_534.jpg,0.928797,0.022144,brown_spot,False
rice_blast,False,data\RiceCrossYear\test\rice_blast\2026_rice_blast_blast_844.jpg,0.928673,0.008257,brown_spot,False
rice_blast,False,data\RiceCrossYear\test\rice_blast\2026_rice_blast_blast_580.jpg,0.928543,0.018228,brown_spot,False
rice_blast,False,data\RiceCrossYear\test\rice_blast\2026_rice_blast_blast_375.jpg,0.928503,0.029312,brown_spot,False
rice_blast,False,data\RiceCrossYear\test\rice_blast\2026_rice_blast_blast_226.jpg,0.92816,0.021935,brown_spot,False
rice_blast,False,data\RiceCrossYear\test\rice_blast\2026_rice_blast_blast_451.jpg,0.927846,0.02026,brown_spot,False
rice_blast,False,data\RiceCrossYear\test\rice_blast\2026_rice_blast_blast_106.jpg,0.927722,0.019538,brown_spot,False
rice_blast,False,data\RiceCrossYear\test\rice_blast\2026_rice_blast_blast_337.jpg,0.92772,0.032213,brown_spot,False
rice_blast,False,data\RiceCrossYear\test\rice_blast\2026_rice_blast_blast_1273.jpg,0.927638,0.019709,brown_spot,False
rice_blast,False,data\RiceCrossYear\test\rice_blast\2026_rice_blast_blast_687.jpg,0.927497,0.017459,brown_spot,False
rice_blast,False,data\RiceCrossYear\test\rice_blast\2026_rice_blast_blast_1277.jpg,0.927444,0.020752,brown_spot,False
rice_blast,False,data\RiceCrossYear\test\rice_blast\2026_rice_blast_blast_577.jpg,0.927373,0.01842,brown_spot,False
rice_blast,False,data\RiceCrossYear\test\rice_blast\2026_rice_blast_blast_812.jpg,0.927333,0.027221,brown_spot,False
rice_blast,False,data\RiceCrossYear\test\rice_blast\2026_rice_blast_blast_471.jpg,0.927288,0.044834,brown_spot,False
rice_blast,False,data\RiceCrossYear\test\rice_blast\2026_rice_blast_blast_384.jpg,0.927203,0.025543,brown_spot,False
rice_blast,False,data\RiceCrossYear\test\rice_blast\2026_rice_blast_blast_132.jpg,0.927119,0.023392,brown_spot,False
rice_blast,False,data\RiceCrossYear\test\rice_blast\2026_rice_blast_blast_790.jpg,0.927092,0.022082,brown_spot,False
rice_blast,False,data\RiceCrossYear\test\rice_blast\2026_rice_blast_blast_228.jpg,0.92705,0.014509,brown_spot,False
rice_blast,False,data\RiceCrossYear\test\rice_blast\2026_rice_blast_blast_87.jpg,0.926971,0.027666,brown_spot,False
rice_blast,False,data\RiceCrossYear\test\rice_blast\2026_rice_blast_blast_1140.jpg,0.926952,0.029739,brown_spot,False
rice_blast,False,data\RiceCrossYear\test\rice_blast\2026_rice_blast_blast_896.jpg,0.926951,0.02684,brown_spot,False
rice_blast,False,data\RiceCrossYear\test\rice_blast\2026_rice_blast_blast_647.jpg,0.926642,0.030868,brown_spot,False
rice_blast,False,data\RiceCrossYear\test\rice_blast\2026_rice_blast_blast_453.jpg,0.926618,0.020632,brown_spot,False
rice_blast,False,data\RiceCrossYear\test\rice_blast\2026_rice_blast_blast_649.jpg,0.92661,0.03435,brown_spot,False
rice_blast,False,data\RiceCrossYear\test\rice_blast\2026_rice_blast_blast_571.jpg,0.926551,0.03651,brown_spot,False
rice_blast,False,data\RiceCrossYear\test\rice_blast\2026_rice_blast_blast_367.jpg,0.9265,0.03031,brown_spot,False
rice_blast,False,data\RiceCrossYear\test\rice_blast\2026_rice_blast_blast_833.jpg,0.926476,0.018099,brown_spot,False
rice_blast,False,data\RiceCrossYear\test\rice_blast\2026_rice_blast_blast_368.jpg,0.926459,0.023398,brown_spot,False
rice_blast,False,data\RiceCrossYear\test\rice_blast\2026_rice_blast_blast_601.jpg,0.926174,0.038228,brown_spot,False
rice_blast,False,data\RiceCrossYear\test\rice_blast\2026_rice_blast_blast_331.jpg,0.926145,0.022059,brown_spot,False
rice_blast,False,data\RiceCrossYear\test\rice_blast\2026_rice_blast_blast_170.jpg,0.926038,0.03692,brown_spot,False
rice_blast,False,data\RiceCrossYear\test\rice_blast\2026_rice_blast_blast_363.jpg,0.925932,0.023248,brown_spot,False
rice_blast,False,data\RiceCrossYear\test\rice_blast\2026_rice_blast_blast_289.jpg,0.925866,0.025407,brown_spot,False
rice_blast,False,data\RiceCrossYear\test\rice_blast\2026_rice_blast_blast_1025.jpg,0.925648,0.023885,brown_spot,False
rice_blast,False,data\RiceCrossYear\test\rice_blast\2026_rice_blast_blast_271.jpg,0.925542,0.026179,brown_spot,False
rice_blast,False,data\RiceCrossYear\test\rice_blast\2026_rice_blast_blast_266.jpg,0.925235,0.01941,brown_spot,False
rice_blast,False,data\RiceCrossYear\test\rice_blast\2026_rice_blast_blast_485.jpg,0.925157,0.029292,brown_spot,False
rice_blast,False,data\RiceCrossYear\test\rice_blast\2026_rice_blast_blast_440.jpg,0.924981,0.018247,brown_spot,False
rice_blast,False,data\RiceCrossYear\test\rice_blast\2026_rice_blast_blast_1116.jpg,0.924872,0.012824,brown_spot,False
rice_blast,False,data\RiceCrossYear\test\rice_blast\2026_rice_blast_blast_416.jpg,0.924794,0.049192,brown_spot,False
rice_blast,False,data\RiceCrossYear\test\rice_blast\2026_rice_blast_blast_113.jpg,0.924724,0.026003,brown_spot,False
rice_blast,False,data\RiceCrossYear\test\rice_blast\2026_rice_blast_blast_480.jpg,0.924662,0.019228,brown_spot,False
rice_blast,False,data\RiceCrossYear\test\rice_blast\2026_rice_blast_blast_1270.jpg,0.924639,0.012896,brown_spot,False
rice_blast,False,data\RiceCrossYear\test\rice_blast\2026_rice_blast_blast_410.jpg,0.924639,0.021852,brown_spot,False
rice_blast,False,data\RiceCrossYear\test\rice_blast\2026_rice_blast_blast_964.jpg,0.924594,0.011182,brown_spot,False
rice_blast,False,data\RiceCrossYear\test\rice_blast\2026_rice_blast_blast_209.jpg,0.924464,0.025518,brown_spot,False
rice_blast,False,data\RiceCrossYear\test\rice_blast\2026_rice_blast_blast_365.jpg,0.924407,0.015828,brown_spot,False
rice_blast,False,data\RiceCrossYear\test\rice_blast\2026_rice_blast_blast_574.jpg,0.924349,0.022516,brown_spot,False
rice_blast,False,data\RiceCrossYear\test\rice_blast\2026_rice_blast_blast_477.jpg,0.924295,0.025142,brown_spot,False
rice_blast,False,data\RiceCrossYear\test\rice_blast\2026_rice_blast_blast_141.jpg,0.924276,0.017028,brown_spot,False
rice_blast,False,data\RiceCrossYear\test\rice_blast\2026_rice_blast_blast_167.jpg,0.92408,0.022139,brown_spot,False
rice_blast,False,data\RiceCrossYear\test\rice_blast\2026_rice_blast_blast_441.jpg,0.924036,0.031083,brown_spot,False
rice_blast,False,data\RiceCrossYear\test\rice_blast\2026_rice_blast_blast_14.jpg,0.923839,0.024571,brown_spot,False
rice_blast,False,data\RiceCrossYear\test\rice_blast\2026_rice_blast_blast_297.jpg,0.923474,0.030702,brown_spot,False
rice_blast,False,data\RiceCrossYear\test\rice_blast\2026_rice_blast_blast_210.jpg,0.923469,0.027629,brown_spot,False
rice_blast,False,data\RiceCrossYear\test\rice_blast\2026_rice_blast_blast_664.jpg,0.923098,0.031726,brown_spot,False
rice_blast,False,data\RiceCrossYear\test\rice_blast\2026_rice_blast_blast_119.jpg,0.923094,0.018551,brown_spot,False
rice_blast,False,data\RiceCrossYear\test\rice_blast\2026_rice_blast_blast_721.jpg,0.923093,0.012237,brown_spot,False
rice_blast,False,data\RiceCrossYear\test\rice_blast\2026_rice_blast_blast_140.jpg,0.922964,0.038507,brown_spot,False
rice_blast,False,data\RiceCrossYear\test\rice_blast\2026_rice_blast_blast_1124.jpg,0.922928,0.04231,brown_spot,False
rice_blast,False,data\RiceCrossYear\test\rice_blast\2026_rice_blast_blast_241.jpg,0.922505,0.020581,brown_spot,False
rice_blast,False,data\RiceCrossYear\test\rice_blast\2026_rice_blast_blast_694.jpg,0.92248,0.036332,brown_spot,False
rice_blast,False,data\RiceCrossYear\test\rice_blast\2026_rice_blast_blast_336.jpg,0.922426,0.030295,brown_spot,False
rice_blast,False,data\RiceCrossYear\test\rice_blast\2026_rice_blast_blast_157.jpg,0.922358,0.027528,brown_spot,False
rice_blast,False,data\RiceCrossYear\test\rice_blast\2026_rice_blast_blast_344.jpg,0.922345,0.011793,brown_spot,False
rice_blast,False,data\RiceCrossYear\test\rice_blast\2026_rice_blast_blast_1224.jpg,0.922292,0.017108,brown_spot,False
rice_blast,False,data\RiceCrossYear\test\rice_blast\2026_rice_blast_blast_560.jpg,0.922164,0.041905,brown_spot,False
rice_blast,False,data\RiceCrossYear\test\rice_blast\2026_rice_blast_blast_38.jpg,0.922001,0.02636,brown_spot,False
rice_blast,False,data\RiceCrossYear\test\rice_blast\2026_rice_blast_blast_720.jpg,0.921996,0.013904,brown_spot,False
rice_blast,False,data\RiceCrossYear\test\rice_blast\2026_rice_blast_blast_686.jpg,0.921974,0.021514,brown_spot,False
rice_blast,False,data\RiceCrossYear\test\rice_blast\2026_rice_blast_blast_372.jpg,0.921968,0.026129,brown_spot,False
rice_blast,False,data\RiceCrossYear\test\rice_blast\2026_rice_blast_blast_230.jpg,0.921919,0.921919,rice_blast,True
rice_blast,False,data\RiceCrossYear\test\rice_blast\2026_rice_blast_blast_578.jpg,0.921842,0.022676,brown_spot,False
rice_blast,False,data\RiceCrossYear\test\rice_blast\2026_rice_blast_blast_229.jpg,0.921774,0.02638,brown_spot,False
rice_blast,False,data\RiceCrossYear\test\rice_blast\2026_rice_blast_blast_725.jpg,0.921618,0.019754,brown_spot,False
rice_blast,False,data\RiceCrossYear\test\rice_blast\2026_rice_blast_blast_836.jpg,0.921154,0.020193,brown_spot,False
rice_blast,False,data\RiceCrossYear\test\rice_blast\2026_rice_blast_blast_318.jpg,0.921089,0.025276,brown_spot,False
rice_blast,False,data\RiceCrossYear\test\rice_blast\2026_rice_blast_blast_742.jpg,0.920963,0.015359,brown_spot,False
rice_blast,False,data\RiceCrossYear\test\rice_blast\2026_rice_blast_blast_1115.jpg,0.920855,0.036021,brown_spot,False
rice_blast,False,data\RiceCrossYear\test\rice_blast\2026_rice_blast_blast_168.jpg,0.920552,0.02238,brown_spot,False
rice_blast,False,data\RiceCrossYear\test\rice_blast\2026_rice_blast_blast_339.jpg,0.920503,0.034207,brown_spot,False
rice_blast,False,data\RiceCrossYear\test\rice_blast\2026_rice_blast_blast_178.jpg,0.920485,0.02343,brown_spot,False
rice_blast,False,data\RiceCrossYear\test\rice_blast\2026_rice_blast_blast_303.jpg,0.920379,0.02284,brown_spot,False
rice_blast,False,data\RiceCrossYear\test\rice_blast\2026_rice_blast_blast_310.jpg,0.920337,0.013465,brown_spot,False
rice_blast,False,data\RiceCrossYear\test\rice_blast\2026_rice_blast_blast_400.jpg,0.920289,0.011228,brown_spot,False
rice_blast,False,data\RiceCrossYear\test\rice_blast\2026_rice_blast_blast_513.jpg,0.920282,0.016401,brown_spot,False
rice_blast,False,data\RiceCrossYear\test\rice_blast\2026_rice_blast_blast_1080.jpg,0.920155,0.031702,brown_spot,False
rice_blast,False,data\RiceCrossYear\test\rice_blast\2026_rice_blast_blast_60.jpg,0.920098,0.031871,brown_spot,False
rice_blast,False,data\RiceCrossYear\test\rice_blast\2026_rice_blast_blast_75.jpg,0.920059,0.022108,brown_spot,False
rice_blast,False,data\RiceCrossYear\test\rice_blast\2026_rice_blast_blast_392.jpg,0.919844,0.025992,brown_spot,False
rice_blast,False,data\RiceCrossYear\test\rice_blast\2026_rice_blast_blast_997.jpg,0.919814,0.02305,brown_spot,False
rice_blast,False,data\RiceCrossYear\test\rice_blast\2026_rice_blast_blast_308.jpg,0.919664,0.919664,rice_blast,True
rice_blast,False,data\RiceCrossYear\test\rice_blast\2026_rice_blast_blast_382.jpg,0.919626,0.030739,brown_spot,False
rice_blast,False,data\RiceCrossYear\test\rice_blast\2026_rice_blast_blast_270.jpg,0.91944,0.024694,brown_spot,False
rice_blast,False,data\RiceCrossYear\test\rice_blast\2026_rice_blast_blast_395.jpg,0.919421,0.025329,brown_spot,False
rice_blast,False,data\RiceCrossYear\test\rice_blast\2026_rice_blast_blast_858.jpg,0.919417,0.025778,brown_spot,False
rice_blast,False,data\RiceCrossYear\test\rice_blast\2026_rice_blast_blast_79.jpg,0.919319,0.02063,brown_spot,False
rice_blast,False,data\RiceCrossYear\test\rice_blast\2026_rice_blast_blast_222.jpg,0.919289,0.031983,brown_spot,False
rice_blast,False,data\RiceCrossYear\test\rice_blast\2026_rice_blast_blast_774.jpg,0.919163,0.011215,brown_spot,False
rice_blast,False,data\RiceCrossYear\test\rice_blast\2026_rice_blast_blast_764.jpg,0.918823,0.008816,brown_spot,False
rice_blast,False,data\RiceCrossYear\test\rice_blast\2026_rice_blast_blast_514.jpg,0.918794,0.02705,brown_spot,False
rice_blast,False,data\RiceCrossYear\test\rice_blast\2026_rice_blast_blast_956.jpg,0.918762,0.011047,brown_spot,False
rice_blast,False,data\RiceCrossYear\test\rice_blast\2026_rice_blast_blast_190.jpg,0.918684,0.042612,brown_spot,False
rice_blast,False,data\RiceCrossYear\test\rice_blast\2026_rice_blast_blast_268.jpg,0.918591,0.032162,brown_spot,False
rice_blast,False,data\RiceCrossYear\test\rice_blast\2026_rice_blast_blast_579.jpg,0.918407,0.026232,brown_spot,False
rice_blast,False,data\RiceCrossYear\test\rice_blast\2026_rice_blast_blast_839.jpg,0.918152,0.017919,brown_spot,False
rice_blast,False,data\RiceCrossYear\test\rice_blast\2026_rice_blast_blast_1061.jpg,0.917943,0.015204,brown_spot,False
rice_blast,False,data\RiceCrossYear\test\rice_blast\2026_rice_blast_blast_957.jpg,0.917911,0.009105,brown_spot,False
rice_blast,False,data\RiceCrossYear\test\rice_blast\2026_rice_blast_blast_269.jpg,0.917568,0.032872,brown_spot,False
rice_blast,False,data\RiceCrossYear\test\rice_blast\2026_rice_blast_blast_517.jpg,0.917465,0.036223,brown_spot,False
rice_blast,False,data\RiceCrossYear\test\rice_blast\2026_rice_blast_blast_810.jpg,0.917375,0.035345,brown_spot,False
rice_blast,False,data\RiceCrossYear\test\rice_blast\2026_rice_blast_blast_484.jpg,0.917244,0.020146,brown_spot,False
rice_blast,False,data\RiceCrossYear\test\rice_blast\2026_rice_blast_blast_811.jpg,0.917216,0.039811,brown_spot,False
rice_blast,False,data\RiceCrossYear\test\rice_blast\2026_rice_blast_blast_315.jpg,0.917163,0.011739,brown_spot,False
rice_blast,False,data\RiceCrossYear\test\rice_blast\2026_rice_blast_blast_249.jpg,0.917028,0.031196,brown_spot,False
rice_blast,False,data\RiceCrossYear\test\rice_blast\2026_rice_blast_blast_455.jpg,0.916773,0.031248,brown_spot,False
rice_blast,False,data\RiceCrossYear\test\rice_blast\2026_rice_blast_blast_479.jpg,0.916766,0.024123,brown_spot,False
rice_blast,False,data\RiceCrossYear\test\rice_blast\2026_rice_blast_blast_860.jpg,0.916537,0.022722,brown_spot,False
rice_blast,False,data\RiceCrossYear\test\rice_blast\2026_rice_blast_blast_765.jpg,0.916487,0.013266,brown_spot,False
rice_blast,False,data\RiceCrossYear\test\rice_blast\2026_rice_blast_blast_550.jpg,0.916329,0.037821,brown_spot,False
rice_blast,False,data\RiceCrossYear\test\rice_blast\2026_rice_blast_blast_1170.jpg,0.916217,0.032648,brown_spot,False
rice_blast,False,data\RiceCrossYear\test\rice_blast\2026_rice_blast_blast_745.jpg,0.916048,0.010499,brown_spot,False
rice_blast,False,data\RiceCrossYear\test\rice_blast\2026_rice_blast_blast_546.jpg,0.916005,0.01663,brown_spot,False
rice_blast,False,data\RiceCrossYear\test\rice_blast\2026_rice_blast_blast_785.jpg,0.915692,0.014815,brown_spot,False
rice_blast,False,data\RiceCrossYear\test\rice_blast\2026_rice_blast_blast_330.jpg,0.915678,0.026644,brown_spot,False
rice_blast,False,data\RiceCrossYear\test\rice_blast\2026_rice_blast_blast_1094.jpg,0.915638,0.042471,brown_spot,False
rice_blast,False,data\RiceCrossYear\test\rice_blast\2026_rice_blast_blast_71.jpg,0.915624,0.0252,brown_spot,False
rice_blast,False,data\RiceCrossYear\test\rice_blast\2026_rice_blast_blast_804.jpg,0.915502,0.014654,brown_spot,False
rice_blast,False,data\RiceCrossYear\test\rice_blast\2026_rice_blast_blast_122.jpg,0.915325,0.028213,brown_spot,False
rice_blast,False,data\RiceCrossYear\test\rice_blast\2026_rice_blast_blast_17.jpg,0.91527,0.034213,brown_spot,False
rice_blast,False,data\RiceCrossYear\test\rice_blast\2026_rice_blast_blast_1225.jpg,0.915007,0.018696,brown_spot,False
rice_blast,False,data\RiceCrossYear\test\rice_blast\2026_rice_blast_blast_1066.jpg,0.914864,0.022373,brown_spot,False
rice_blast,False,data\RiceCrossYear\test\rice_blast\2026_rice_blast_blast_1144.jpg,0.91478,0.046875,brown_spot,False
rice_blast,False,data\RiceCrossYear\test\rice_blast\2026_rice_blast_blast_740.jpg,0.914635,0.021343,brown_spot,False
rice_blast,False,data\RiceCrossYear\test\rice_blast\2026_rice_blast_blast_558.jpg,0.914583,0.029514,brown_spot,False
rice_blast,False,data\RiceCrossYear\test\rice_blast\2026_rice_blast_blast_806.jpg,0.914434,0.012337,brown_spot,False
rice_blast,False,data\RiceCrossYear\test\rice_blast\2026_rice_blast_blast_30.jpg,0.914082,0.022072,brown_spot,False
rice_blast,False,data\RiceCrossYear\test\rice_blast\2026_rice_blast_blast_837.jpg,0.914022,0.018951,brown_spot,False
rice_blast,False,data\RiceCrossYear\test\rice_blast\2026_rice_blast_blast_688.jpg,0.914016,0.022682,brown_spot,False
rice_blast,False,data\RiceCrossYear\test\rice_blast\2026_rice_blast_blast_137.jpg,0.913882,0.019004,brown_spot,False
rice_blast,False,data\RiceCrossYear\test\rice_blast\2026_rice_blast_blast_373.jpg,0.913493,0.034803,brown_spot,False
rice_blast,False,data\RiceCrossYear\test\rice_blast\2026_rice_blast_blast_199.jpg,0.91337,0.02199,brown_spot,False
rice_blast,False,data\RiceCrossYear\test\rice_blast\2026_rice_blast_blast_476.jpg,0.913279,0.032814,brown_spot,False
rice_blast,False,data\RiceCrossYear\test\rice_blast\2026_rice_blast_blast_1172.jpg,0.913028,0.013306,brown_spot,False
rice_blast,False,data\RiceCrossYear\test\rice_blast\2026_rice_blast_blast_856.jpg,0.912845,0.033511,brown_spot,False
rice_blast,False,data\RiceCrossYear\test\rice_blast\2026_rice_blast_blast_695.jpg,0.912789,0.041846,brown_spot,False
rice_blast,False,data\RiceCrossYear\test\rice_blast\2026_rice_blast_blast_1024.jpg,0.912761,0.045555,brown_spot,False
rice_blast,False,data\RiceCrossYear\test\rice_blast\2026_rice_blast_blast_1313.jpg,0.912724,0.028492,brown_spot,False
rice_blast,False,data\RiceCrossYear\test\rice_blast\2026_rice_blast_blast_544.jpg,0.912618,0.033177,brown_spot,False
rice_blast,False,data\RiceCrossYear\test\rice_blast\2026_rice_blast_blast_832.jpg,0.91258,0.018738,brown_spot,False
rice_blast,False,data\RiceCrossYear\test\rice_blast\2026_rice_blast_blast_666.jpg,0.912324,0.013532,brown_spot,False
rice_blast,False,data\RiceCrossYear\test\rice_blast\2026_rice_blast_blast_63.jpg,0.912308,0.014905,brown_spot,False
rice_blast,False,data\RiceCrossYear\test\rice_blast\2026_rice_blast_blast_19.jpg,0.912172,0.051713,brown_spot,False
rice_blast,False,data\RiceCrossYear\test\rice_blast\2026_rice_blast_blast_640.jpg,0.911765,0.029596,brown_spot,False
rice_blast,False,data\RiceCrossYear\test\rice_blast\2026_rice_blast_blast_1065.jpg,0.91173,0.025488,brown_spot,False
rice_blast,False,data\RiceCrossYear\test\rice_blast\2026_rice_blast_blast_338.jpg,0.911417,0.037417,brown_spot,False
rice_blast,False,data\RiceCrossYear\test\rice_blast\2026_rice_blast_blast_430.jpg,0.911356,0.031445,brown_spot,False
rice_blast,False,data\RiceCrossYear\test\rice_blast\2026_rice_blast_blast_1321.jpg,0.910932,0.910932,rice_blast,True
rice_blast,False,data\RiceCrossYear\test\rice_blast\2026_rice_blast_blast_606.jpg,0.910832,0.019015,brown_spot,False
rice_blast,False,data\RiceCrossYear\test\rice_blast\2026_rice_blast_blast_239.jpg,0.910678,0.040662,brown_spot,False
rice_blast,False,data\RiceCrossYear\test\rice_blast\2026_rice_blast_blast_143.jpg,0.910427,0.024596,brown_spot,False
rice_blast,False,data\RiceCrossYear\test\rice_blast\2026_rice_blast_blast_538.jpg,0.909631,0.035948,brown_spot,False
rice_blast,False,data\RiceCrossYear\test\rice_blast\2026_rice_blast_blast_463.jpg,0.909544,0.038507,brown_spot,False
rice_blast,False,data\RiceCrossYear\test\rice_blast\2026_rice_blast_blast_321.jpg,0.909118,0.028742,brown_spot,False
rice_blast,False,data\RiceCrossYear\test\rice_blast\2026_rice_blast_blast_12.jpg,0.908938,0.034076,brown_spot,False
rice_blast,False,data\RiceCrossYear\test\rice_blast\2026_rice_blast_blast_148.jpg,0.908749,0.030021,brown_spot,False
rice_blast,False,data\RiceCrossYear\test\rice_blast\2026_rice_blast_blast_456.jpg,0.908607,0.041269,brown_spot,False
rice_blast,False,data\RiceCrossYear\test\rice_blast\2026_rice_blast_blast_356.jpg,0.908545,0.022283,brown_spot,False
rice_blast,False,data\RiceCrossYear\test\rice_blast\2026_rice_blast_blast_45.jpg,0.908392,0.020767,brown_spot,False
rice_blast,False,data\RiceCrossYear\test\rice_blast\2026_rice_blast_blast_355.jpg,0.90808,0.025735,brown_spot,False
rice_blast,False,data\RiceCrossYear\test\rice_blast\2026_rice_blast_blast_1201.jpg,0.907985,0.033759,brown_spot,False
rice_blast,False,data\RiceCrossYear\test\rice_blast\2026_rice_blast_blast_1266.jpg,0.907793,0.011883,brown_spot,False
rice_blast,False,data\RiceCrossYear\test\rice_blast\2026_rice_blast_blast_846.jpg,0.907563,0.015313,brown_spot,False
rice_blast,False,data\RiceCrossYear\test\rice_blast\2026_rice_blast_blast_760.jpg,0.907258,0.014751,brown_spot,False
rice_blast,False,data\RiceCrossYear\test\rice_blast\2026_rice_blast_blast_407.jpg,0.907217,0.034345,brown_spot,False
rice_blast,False,data\RiceCrossYear\test\rice_blast\2026_rice_blast_blast_1281.jpg,0.907023,0.029213,rice_tungro,False
rice_blast,False,data\RiceCrossYear\test\rice_blast\2026_rice_blast_blast_668.jpg,0.906987,0.033264,brown_spot,False
rice_blast,False,data\RiceCrossYear\test\rice_blast\2026_rice_blast_blast_648.jpg,0.906884,0.049371,brown_spot,False
rice_blast,False,data\RiceCrossYear\test\rice_blast\2026_rice_blast_blast_385.jpg,0.906608,0.015829,brown_spot,False
rice_blast,False,data\RiceCrossYear\test\rice_blast\2026_rice_blast_blast_61.jpg,0.906599,0.032559,brown_spot,False
rice_blast,False,data\RiceCrossYear\test\rice_blast\2026_rice_blast_blast_843.jpg,0.906563,0.013873,brown_spot,False
rice_blast,False,data\RiceCrossYear\test\rice_blast\2026_rice_blast_blast_739.jpg,0.906492,0.025968,brown_spot,False
rice_blast,False,data\RiceCrossYear\test\rice_blast\2026_rice_blast_blast_73.jpg,0.905946,0.023838,brown_spot,False
rice_blast,False,data\RiceCrossYear\test\rice_blast\2026_rice_blast_blast_404.jpg,0.905924,0.03203,brown_spot,False
rice_blast,False,data\RiceCrossYear\test\rice_blast\2026_rice_blast_blast_998.jpg,0.905867,0.016935,brown_spot,False
rice_blast,False,data\RiceCrossYear\test\rice_blast\2026_rice_blast_blast_380.jpg,0.905863,0.024785,brown_spot,False
rice_blast,False,data\RiceCrossYear\test\rice_blast\2026_rice_blast_blast_933.jpg,0.905838,0.021618,brown_spot,False
rice_blast,False,data\RiceCrossYear\test\rice_blast\2026_rice_blast_blast_1033.jpg,0.905836,0.026461,brown_spot,False
rice_blast,False,data\RiceCrossYear\test\rice_blast\2026_rice_blast_blast_20.jpg,0.90555,0.013133,brown_spot,False
rice_blast,False,data\RiceCrossYear\test\rice_blast\2026_rice_blast_blast_511.jpg,0.905544,0.019334,brown_spot,False
rice_blast,False,data\RiceCrossYear\test\rice_blast\2026_rice_blast_blast_807.jpg,0.905512,0.019089,brown_spot,False
rice_blast,False,data\RiceCrossYear\test\rice_blast\2026_rice_blast_blast_454.jpg,0.905509,0.036634,brown_spot,False
rice_blast,False,data\RiceCrossYear\test\rice_blast\2026_rice_blast_blast_4.jpg,0.905397,0.037425,brown_spot,False
rice_blast,False,data\RiceCrossYear\test\rice_blast\2026_rice_blast_blast_1098.jpg,0.905368,0.03947,brown_spot,False
rice_blast,False,data\RiceCrossYear\test\rice_blast\2026_rice_blast_blast_235.jpg,0.905351,0.053763,brown_spot,False
rice_blast,False,data\RiceCrossYear\test\rice_blast\2026_rice_blast_blast_278.jpg,0.905075,0.032393,brown_spot,False
rice_blast,False,data\RiceCrossYear\test\rice_blast\2026_rice_blast_blast_24.jpg,0.905041,0.027223,brown_spot,False
rice_blast,False,data\RiceCrossYear\test\rice_blast\2026_rice_blast_blast_446.jpg,0.904981,0.030397,brown_spot,False
rice_blast,False,data\RiceCrossYear\test\rice_blast\2026_rice_blast_blast_644.jpg,0.904913,0.042385,brown_spot,False
rice_blast,False,data\RiceCrossYear\test\rice_blast\2026_rice_blast_blast_762.jpg,0.904839,0.01031,brown_spot,False
rice_blast,False,data\RiceCrossYear\test\rice_blast\2026_rice_blast_blast_1280.jpg,0.904762,0.030569,rice_tungro,False
rice_blast,False,data\RiceCrossYear\test\rice_blast\2026_rice_blast_blast_160.jpg,0.904515,0.034026,brown_spot,False
rice_blast,False,data\RiceCrossYear\test\rice_blast\2026_rice_blast_blast_671.jpg,0.90448,0.026318,brown_spot,False
rice_blast,False,data\RiceCrossYear\test\rice_blast\2026_rice_blast_blast_301.jpg,0.904211,0.017733,brown_spot,False
rice_blast,False,data\RiceCrossYear\test\rice_blast\2026_rice_blast_blast_510.jpg,0.904098,0.045788,brown_spot,False
rice_blast,False,data\RiceCrossYear\test\rice_blast\2026_rice_blast_blast_857.jpg,0.903813,0.026739,brown_spot,False
rice_blast,False,data\RiceCrossYear\test\rice_blast\2026_rice_blast_blast_1186.jpg,0.903701,0.011899,brown_spot,False
rice_blast,False,data\RiceCrossYear\test\rice_blast\2026_rice_blast_blast_50.jpg,0.903324,0.037577,brown_spot,False
rice_blast,False,data\RiceCrossYear\test\rice_blast\2026_rice_blast_blast_853.jpg,0.903017,0.034404,brown_spot,False
rice_blast,False,data\RiceCrossYear\test\rice_blast\2026_rice_blast_blast_74.jpg,0.902643,0.028593,brown_spot,False
rice_blast,False,data\RiceCrossYear\test\rice_blast\2026_rice_blast_blast_831.jpg,0.902628,0.021689,brown_spot,False
rice_blast,False,data\RiceCrossYear\test\rice_blast\2026_rice_blast_blast_246.jpg,0.902548,0.030643,brown_spot,False
rice_blast,False,data\RiceCrossYear\test\rice_blast\2026_rice_blast_blast_434.jpg,0.902534,0.017256,brown_spot,False
rice_blast,False,data\RiceCrossYear\test\rice_blast\2026_rice_blast_blast_908.jpg,0.902429,0.008916,brown_spot,False
rice_blast,False,data\RiceCrossYear\test\rice_blast\2026_rice_blast_blast_559.jpg,0.902382,0.058268,brown_spot,False
rice_blast,False,data\RiceCrossYear\test\rice_blast\2026_rice_blast_blast_1081.jpg,0.902365,0.062924,brown_spot,False
rice_blast,False,data\RiceCrossYear\test\rice_blast\2026_rice_blast_blast_138.jpg,0.902226,0.0477,brown_spot,False
rice_blast,False,data\RiceCrossYear\test\rice_blast\2026_rice_blast_blast_861.jpg,0.902123,0.038305,brown_spot,False
rice_blast,False,data\RiceCrossYear\test\rice_blast\2026_rice_blast_blast_425.jpg,0.902033,0.035319,brown_spot,False
rice_blast,False,data\RiceCrossYear\test\rice_blast\2026_rice_blast_blast_1145.jpg,0.901541,0.057465,brown_spot,False
rice_blast,False,data\RiceCrossYear\test\rice_blast\2026_rice_blast_blast_150.jpg,0.901535,0.035681,brown_spot,False
rice_blast,False,data\RiceCrossYear\test\rice_blast\2026_rice_blast_blast_808.jpg,0.901519,0.017338,brown_spot,False
rice_blast,False,data\RiceCrossYear\test\rice_blast\2026_rice_blast_blast_1276.jpg,0.901067,0.02658,brown_spot,False
rice_blast,False,data\RiceCrossYear\test\rice_blast\2026_rice_blast_blast_467.jpg,0.901058,0.901058,rice_blast,True
rice_blast,False,data\RiceCrossYear\test\rice_blast\2026_rice_blast_blast_1171.jpg,0.900842,0.024528,brown_spot,False
rice_blast,False,data\RiceCrossYear\test\rice_blast\2026_rice_blast_blast_333.jpg,0.900755,0.033067,brown_spot,False
rice_blast,False,data\RiceCrossYear\test\rice_blast\2026_rice_blast_blast_452.jpg,0.900655,0.032838,brown_spot,False
rice_blast,False,data\RiceCrossYear\test\rice_blast\2026_rice_blast_blast_206.jpg,0.900603,0.037555,brown_spot,False
rice_blast,False,data\RiceCrossYear\test\rice_blast\2026_rice_blast_blast_83.jpg,0.90053,0.022195,brown_spot,False
rice_blast,False,data\RiceCrossYear\test\rice_blast\2026_rice_blast_blast_90.jpg,0.900421,0.036822,brown_spot,False
rice_blast,False,data\RiceCrossYear\test\rice_blast\2026_rice_blast_blast_1032.jpg,0.900418,0.031603,brown_spot,False
rice_blast,False,data\RiceCrossYear\test\rice_blast\2026_rice_blast_blast_376.jpg,0.899846,0.0323,brown_spot,False
rice_blast,False,data\RiceCrossYear\test\rice_blast\2026_rice_blast_blast_450.jpg,0.89984,0.030821,brown_spot,False
rice_blast,False,data\RiceCrossYear\test\rice_blast\2026_rice_blast_blast_443.jpg,0.899324,0.060531,brown_spot,False
rice_blast,False,data\RiceCrossYear\test\rice_blast\2026_rice_blast_blast_1070.jpg,0.899083,0.030258,brown_spot,False
rice_blast,False,data\RiceCrossYear\test\rice_blast\2026_rice_blast_blast_926.jpg,0.898928,0.042352,brown_spot,False
rice_blast,False,data\RiceCrossYear\test\rice_blast\2026_rice_blast_blast_516.jpg,0.898679,0.018309,brown_spot,False
rice_blast,False,data\RiceCrossYear\test\rice_blast\2026_rice_blast_blast_285.jpg,0.898439,0.042578,brown_spot,False
rice_blast,False,data\RiceCrossYear\test\rice_blast\2026_rice_blast_blast_522.jpg,0.898188,0.054656,brown_spot,False
rice_blast,False,data\RiceCrossYear\test\rice_blast\2026_rice_blast_blast_377.jpg,0.898187,0.020654,brown_spot,False
rice_blast,False,data\RiceCrossYear\test\rice_blast\2026_rice_blast_blast_174.jpg,0.897931,0.06791,brown_spot,False
rice_blast,False,data\RiceCrossYear\test\rice_blast\2026_rice_blast_blast_487.jpg,0.897894,0.03261,brown_spot,False
rice_blast,False,data\RiceCrossYear\test\rice_blast\2026_rice_blast_blast_428.jpg,0.897841,0.048239,brown_spot,False
rice_blast,False,data\RiceCrossYear\test\rice_blast\2026_rice_blast_blast_708.jpg,0.897575,0.042976,brown_spot,False
rice_blast,False,data\RiceCrossYear\test\rice_blast\2026_rice_blast_blast_448.jpg,0.897429,0.042427,brown_spot,False
rice_blast,False,data\RiceCrossYear\test\rice_blast\2026_rice_blast_blast_57.jpg,0.897405,0.02092,brown_spot,False
rice_blast,False,data\RiceCrossYear\test\rice_blast\2026_rice_blast_blast_699.jpg,0.897207,0.017699,brown_spot,False
rice_blast,False,data\RiceCrossYear\test\rice_blast\2026_rice_blast_blast_744.jpg,0.897182,0.012936,brown_spot,False
rice_blast,False,data\RiceCrossYear\test\rice_blast\2026_rice_blast_blast_76.jpg,0.896849,0.029715,brown_spot,False
rice_blast,False,data\RiceCrossYear\test\rice_blast\2026_rice_blast_blast_539.jpg,0.896833,0.040181,brown_spot,False
rice_blast,False,data\RiceCrossYear\test\rice_blast\2026_rice_blast_blast_273.jpg,0.896829,0.030959,brown_spot,False
rice_blast,False,data\RiceCrossYear\test\rice_blast\2026_rice_blast_blast_1199.jpg,0.896318,0.03501,brown_spot,False
rice_blast,False,data\RiceCrossYear\test\rice_blast\2026_rice_blast_blast_966.jpg,0.896169,0.010212,brown_spot,False
rice_blast,False,data\RiceCrossYear\test\rice_blast\2026_rice_blast_blast_72.jpg,0.895954,0.018378,brown_spot,False
rice_blast,False,data\RiceCrossYear\test\rice_blast\2026_rice_blast_blast_779.jpg,0.895922,0.016815,brown_spot,False
rice_blast,False,data\RiceCrossYear\test\rice_blast\2026_rice_blast_blast_1000.jpg,0.895823,0.017586,brown_spot,False
rice_blast,False,data\RiceCrossYear\test\rice_blast\2026_rice_blast_blast_572.jpg,0.895801,0.05594,brown_spot,False
rice_blast,False,data\RiceCrossYear\test\rice_blast\2026_rice_blast_blast_854.jpg,0.895316,0.025647,brown_spot,False
rice_blast,False,data\RiceCrossYear\test\rice_blast\2026_rice_blast_blast_417.jpg,0.895273,0.060258,brown_spot,False
rice_blast,False,data\RiceCrossYear\test\rice_blast\2026_rice_blast_blast_973.jpg,0.895201,0.010504,brown_spot,False
rice_blast,False,data\RiceCrossYear\test\rice_blast\2026_rice_blast_blast_1002.jpg,0.895014,0.028324,brown_spot,False
rice_blast,False,data\RiceCrossYear\test\rice_blast\2026_rice_blast_blast_102.jpg,0.894999,0.022692,brown_spot,False
rice_blast,False,data\RiceCrossYear\test\rice_blast\2026_rice_blast_blast_334.jpg,0.894986,0.046356,brown_spot,False
rice_blast,False,data\RiceCrossYear\test\rice_blast\2026_rice_blast_blast_1064.jpg,0.894945,0.02348,brown_spot,False
rice_blast,False,data\RiceCrossYear\test\rice_blast\2026_rice_blast_blast_1139.jpg,0.894823,0.052468,brown_spot,False
rice_blast,False,data\RiceCrossYear\test\rice_blast\2026_rice_blast_blast_769.jpg,0.89476,0.012801,brown_spot,False
rice_blast,False,data\RiceCrossYear\test\rice_blast\2026_rice_blast_blast_314.jpg,0.894737,0.03218,brown_spot,False
rice_blast,False,data\RiceCrossYear\test\rice_blast\2026_rice_blast_blast_979.jpg,0.894708,0.013284,brown_spot,False
rice_blast,False,data\RiceCrossYear\test\rice_blast\2026_rice_blast_blast_840.jpg,0.894476,0.029521,brown_spot,False
rice_blast,False,data\RiceCrossYear\test\rice_blast\2026_rice_blast_blast_283.jpg,0.894469,0.040647,brown_spot,False
rice_blast,False,data\RiceCrossYear\test\rice_blast\2026_rice_blast_blast_493.jpg,0.894249,0.046409,brown_spot,False
rice_blast,False,data\RiceCrossYear\test\rice_blast\2026_rice_blast_blast_88.jpg,0.893947,0.014563,brown_spot,False
rice_blast,False,data\RiceCrossYear\test\rice_blast\2026_rice_blast_blast_646.jpg,0.893916,0.057454,brown_spot,False
rice_blast,False,data\RiceCrossYear\test\rice_blast\2026_rice_blast_blast_324.jpg,0.893488,0.032387,brown_spot,False
rice_blast,False,data\RiceCrossYear\test\rice_blast\2026_rice_blast_blast_1103.jpg,0.893457,0.055766,brown_spot,False
rice_blast,False,data\RiceCrossYear\test\rice_blast\2026_rice_blast_blast_850.jpg,0.893309,0.010647,brown_spot,False
rice_blast,False,data\RiceCrossYear\test\rice_blast\2026_rice_blast_blast_130.jpg,0.892574,0.033973,brown_spot,False
rice_blast,False,data\RiceCrossYear\test\rice_blast\2026_rice_blast_blast_427.jpg,0.892207,0.048525,brown_spot,False
rice_blast,False,data\RiceCrossYear\test\rice_blast\2026_rice_blast_blast_1003.jpg,0.892052,0.025529,brown_spot,False
rice_blast,False,data\RiceCrossYear\test\rice_blast\2026_rice_blast_blast_1237.jpg,0.891762,0.024423,brown_spot,False
rice_blast,False,data\RiceCrossYear\test\rice_blast\2026_rice_blast_blast_773.jpg,0.891725,0.011424,brown_spot,False
rice_blast,False,data\RiceCrossYear\test\rice_blast\2026_rice_blast_blast_1272.jpg,0.891684,0.034172,brown_spot,False
rice_blast,False,data\RiceCrossYear\test\rice_blast\2026_rice_blast_blast_968.jpg,0.891634,0.016299,brown_spot,False
rice_blast,False,data\RiceCrossYear\test\rice_blast\2026_rice_blast_blast_1229.jpg,0.891167,0.012249,brown_spot,False
rice_blast,False,data\RiceCrossYear\test\rice_blast\2026_rice_blast_blast_465.jpg,0.891033,0.028061,brown_spot,False
rice_blast,False,data\RiceCrossYear\test\rice_blast\2026_rice_blast_blast_955.jpg,0.890543,0.017862,brown_spot,False
rice_blast,False,data\RiceCrossYear\test\rice_blast\2026_rice_blast_blast_1101.jpg,0.890424,0.071067,brown_spot,False
rice_blast,False,data\RiceCrossYear\test\rice_blast\2026_rice_blast_blast_1035.jpg,0.890413,0.035656,brown_spot,False
rice_blast,False,data\RiceCrossYear\test\rice_blast\2026_rice_blast_blast_645.jpg,0.890253,0.058347,brown_spot,False
rice_blast,False,data\RiceCrossYear\test\rice_blast\2026_rice_blast_blast_256.jpg,0.890149,0.07479,brown_spot,False
rice_blast,False,data\RiceCrossYear\test\rice_blast\2026_rice_blast_blast_112.jpg,0.890031,0.04371,brown_spot,False
rice_blast,False,data\RiceCrossYear\test\rice_blast\2026_rice_blast_blast_231.jpg,0.88977,0.88977,rice_blast,True
rice_blast,False,data\RiceCrossYear\test\rice_blast\2026_rice_blast_blast_959.jpg,0.888937,0.014941,brown_spot,False
rice_blast,False,data\RiceCrossYear\test\rice_blast\2026_rice_blast_blast_236.jpg,0.888871,0.067909,brown_spot,False
rice_blast,False,data\RiceCrossYear\test\rice_blast\2026_rice_blast_blast_146.jpg,0.888851,0.06031,brown_spot,False
rice_blast,False,data\RiceCrossYear\test\rice_blast\2026_rice_blast_blast_712.jpg,0.888671,0.071344,brown_spot,False
rice_blast,False,data\RiceCrossYear\test\rice_blast\2026_rice_blast_blast_805.jpg,0.888562,0.017426,brown_spot,False
rice_blast,False,data\RiceCrossYear\test\rice_blast\2026_rice_blast_blast_447.jpg,0.888419,0.040392,brown_spot,False
rice_blast,False,data\RiceCrossYear\test\rice_blast\2026_rice_blast_blast_1004.jpg,0.888388,0.027896,brown_spot,False
rice_blast,False,data\RiceCrossYear\test\rice_blast\2026_rice_blast_blast_1151.jpg,0.88813,0.027348,brown_spot,False
rice_blast,False,data\RiceCrossYear\test\rice_blast\2026_rice_blast_blast_801.jpg,0.88801,0.016488,brown_spot,False
rice_blast,False,data\RiceCrossYear\test\rice_blast\2026_rice_blast_blast_519.jpg,0.888008,0.042373,brown_spot,False
rice_blast,False,data\RiceCrossYear\test\rice_blast\2026_rice_blast_blast_322.jpg,0.887566,0.032871,brown_spot,False
rice_blast,False,data\RiceCrossYear\test\rice_blast\2026_rice_blast_blast_98.jpg,0.887522,0.04915,brown_spot,False
rice_blast,False,data\RiceCrossYear\test\rice_blast\2026_rice_blast_blast_852.jpg,0.8872,0.037232,brown_spot,False
rice_blast,False,data\RiceCrossYear\test\rice_blast\2026_rice_blast_blast_1148.jpg,0.886922,0.05165,brown_spot,False
rice_blast,False,data\RiceCrossYear\test\rice_blast\2026_rice_blast_blast_91.jpg,0.886494,0.041828,brown_spot,False
rice_blast,False,data\RiceCrossYear\test\rice_blast\2026_rice_blast_blast_371.jpg,0.886445,0.040008,brown_spot,False
rice_blast,False,data\RiceCrossYear\test\rice_blast\2026_rice_blast_blast_18.jpg,0.886373,0.044476,brown_spot,False
rice_blast,False,data\RiceCrossYear\test\rice_blast\2026_rice_blast_blast_1150.jpg,0.886167,0.027155,brown_spot,False
rice_blast,False,data\RiceCrossYear\test\rice_blast\2026_rice_blast_blast_320.jpg,0.886104,0.035692,brown_spot,False
rice_blast,False,data\RiceCrossYear\test\rice_blast\2026_rice_blast_blast_8.jpg,0.885773,0.030787,brown_spot,False
rice_blast,False,data\RiceCrossYear\test\rice_blast\2026_rice_blast_blast_5.jpg,0.885658,0.050357,brown_spot,False
rice_blast,False,data\RiceCrossYear\test\rice_blast\2026_rice_blast_blast_255.jpg,0.885311,0.028822,brown_spot,False
rice_blast,False,data\RiceCrossYear\test\rice_blast\2026_rice_blast_blast_107.jpg,0.885084,0.048397,brown_spot,False
rice_blast,False,data\RiceCrossYear\test\rice_blast\2026_rice_blast_blast_29.jpg,0.884901,0.032359,brown_spot,False
rice_blast,False,data\RiceCrossYear\test\rice_blast\2026_rice_blast_blast_1120.jpg,0.884892,0.059313,brown_spot,False
rice_blast,False,data\RiceCrossYear\test\rice_blast\2026_rice_blast_blast_1005.jpg,0.88488,0.025078,brown_spot,False
rice_blast,False,data\RiceCrossYear\test\rice_blast\2026_rice_blast_blast_360.jpg,0.884663,0.074104,brown_spot,False
rice_blast,False,data\RiceCrossYear\test\rice_blast\2026_rice_blast_blast_70.jpg,0.884547,0.016683,brown_spot,False
rice_blast,False,data\RiceCrossYear\test\rice_blast\2026_rice_blast_blast_641.jpg,0.884264,0.048305,brown_spot,False
rice_blast,False,data\RiceCrossYear\test\rice_blast\2026_rice_blast_blast_1034.jpg,0.88402,0.031088,brown_spot,False
rice_blast,False,data\RiceCrossYear\test\rice_blast\2026_rice_blast_blast_415.jpg,0.884009,0.051935,brown_spot,False
rice_blast,False,data\RiceCrossYear\test\rice_blast\2026_rice_blast_blast_910.jpg,0.883862,0.00634,brown_spot,False
rice_blast,False,data\RiceCrossYear\test\rice_blast\2026_rice_blast_blast_272.jpg,0.883824,0.046795,brown_spot,False
rice_blast,False,data\RiceCrossYear\test\rice_blast\2026_rice_blast_blast_970.jpg,0.883729,0.019221,brown_spot,False
rice_blast,False,data\RiceCrossYear\test\rice_blast\2026_rice_blast_blast_1079.jpg,0.883727,0.066389,brown_spot,False
rice_blast,False,data\RiceCrossYear\test\rice_blast\2026_rice_blast_blast_798.jpg,0.8837,0.062258,brown_spot,False
rice_blast,False,data\RiceCrossYear\test\rice_blast\2026_rice_blast_blast_439.jpg,0.883673,0.074802,brown_spot,False
rice_blast,False,data\RiceCrossYear\test\rice_blast\2026_rice_blast_blast_1177.jpg,0.882808,0.020182,brown_spot,False
rice_blast,False,data\RiceCrossYear\test\rice_blast\2026_rice_blast_blast_267.jpg,0.882722,0.033174,brown_spot,False
rice_blast,False,data\RiceCrossYear\test\rice_blast\2026_rice_blast_blast_1067.jpg,0.882617,0.023224,brown_spot,False
rice_blast,False,data\RiceCrossYear\test\rice_blast\2026_rice_blast_blast_311.jpg,0.88251,0.049812,brown_spot,False
rice_blast,False,data\RiceCrossYear\test\rice_blast\2026_rice_blast_blast_907.jpg,0.882434,0.006698,brown_spot,False
rice_blast,False,data\RiceCrossYear\test\rice_blast\2026_rice_blast_blast_1012.jpg,0.882292,0.035834,brown_spot,False
rice_blast,False,data\RiceCrossYear\test\rice_blast\2026_rice_blast_blast_26.jpg,0.882283,0.029062,brown_spot,False
rice_blast,False,data\RiceCrossYear\test\rice_blast\2026_rice_blast_blast_1178.jpg,0.882157,0.0262,brown_spot,False
rice_blast,False,data\RiceCrossYear\test\rice_blast\2026_rice_blast_blast_93.jpg,0.882029,0.01854,brown_spot,False
rice_blast,False,data\RiceCrossYear\test\rice_blast\2026_rice_blast_blast_1122.jpg,0.881924,0.072128,brown_spot,False
rice_blast,False,data\RiceCrossYear\test\rice_blast\2026_rice_blast_blast_319.jpg,0.881761,0.037404,brown_spot,False
rice_blast,False,data\RiceCrossYear\test\rice_blast\2026_rice_blast_blast_1323.jpg,0.881705,0.013155,brown_spot,False
rice_blast,False,data\RiceCrossYear\test\rice_blast\2026_rice_blast_blast_700.jpg,0.88163,0.028092,brown_spot,False
rice_blast,False,data\RiceCrossYear\test\rice_blast\2026_rice_blast_blast_472.jpg,0.8816,0.014992,brown_spot,False
rice_blast,False,data\RiceCrossYear\test\rice_blast\2026_rice_blast_blast_915.jpg,0.881588,0.032522,brown_spot,False
rice_blast,False,data\RiceCrossYear\test\rice_blast\2026_rice_blast_blast_602.jpg,0.881498,0.07032,brown_spot,False
rice_blast,False,data\RiceCrossYear\test\rice_blast\2026_rice_blast_blast_588.jpg,0.881497,0.069535,brown_spot,False
rice_blast,False,data\RiceCrossYear\test\rice_blast\2026_rice_blast_blast_1174.jpg,0.881359,0.027947,brown_spot,False
rice_blast,False,data\RiceCrossYear\test\rice_blast\2026_rice_blast_blast_991.jpg,0.881202,0.037968,brown_spot,False
rice_blast,False,data\RiceCrossYear\test\rice_blast\2026_rice_blast_blast_67.jpg,0.881133,0.026556,brown_spot,False
rice_blast,False,data\RiceCrossYear\test\rice_blast\2026_rice_blast_blast_1176.jpg,0.881127,0.023299,brown_spot,False
rice_blast,False,data\RiceCrossYear\test\rice_blast\2026_rice_blast_blast_125.jpg,0.880731,0.040792,brown_spot,False
rice_blast,False,data\RiceCrossYear\test\rice_blast\2026_rice_blast_blast_969.jpg,0.880542,0.020993,brown_spot,False
rice_blast,False,data\RiceCrossYear\test\rice_blast\2026_rice_blast_blast_1254.jpg,0.880497,0.880497,rice_blast,True
rice_blast,False,data\RiceCrossYear\test\rice_blast\2026_rice_blast_blast_1027.jpg,0.880202,0.034633,brown_spot,False
rice_blast,False,data\RiceCrossYear\test\rice_blast\2026_rice_blast_blast_598.jpg,0.879981,0.067791,brown_spot,False
rice_blast,False,data\RiceCrossYear\test\rice_blast\2026_rice_blast_blast_747.jpg,0.879941,0.015304,brown_spot,False
rice_blast,False,data\RiceCrossYear\test\rice_blast\2026_rice_blast_blast_15.jpg,0.879615,0.045828,brown_spot,False
rice_blast,False,data\RiceCrossYear\test\rice_blast\2026_rice_blast_blast_999.jpg,0.879503,0.024229,brown_spot,False
rice_blast,False,data\RiceCrossYear\test\rice_blast\2026_rice_blast_blast_421.jpg,0.878909,0.036206,brown_spot,False
rice_blast,False,data\RiceCrossYear\test\rice_blast\2026_rice_blast_blast_954.jpg,0.878816,0.019435,brown_spot,False
rice_blast,False,data\RiceCrossYear\test\rice_blast\2026_rice_blast_blast_737.jpg,0.878718,0.032543,brown_spot,False
rice_blast,False,data\RiceCrossYear\test\rice_blast\2026_rice_blast_blast_814.jpg,0.878589,0.055838,brown_spot,False
rice_blast,False,data\RiceCrossYear\test\rice_blast\2026_rice_blast_blast_669.jpg,0.878501,0.041329,brown_spot,False
rice_blast,False,data\RiceCrossYear\test\rice_blast\2026_rice_blast_blast_734.jpg,0.878421,0.021148,brown_spot,False
rice_blast,False,data\RiceCrossYear\test\rice_blast\2026_rice_blast_blast_930.jpg,0.878408,0.067769,brown_spot,False
rice_blast,False,data\RiceCrossYear\test\rice_blast\2026_rice_blast_blast_237.jpg,0.878322,0.066744,brown_spot,False
rice_blast,False,data\RiceCrossYear\test\rice_blast\2026_rice_blast_blast_328.jpg,0.878221,0.067523,brown_spot,False
rice_blast,False,data\RiceCrossYear\test\rice_blast\2026_rice_blast_blast_155.jpg,0.878174,0.022375,brown_spot,False
rice_blast,False,data\RiceCrossYear\test\rice_blast\2026_rice_blast_blast_983.jpg,0.877796,0.043088,brown_spot,False
rice_blast,False,data\RiceCrossYear\test\rice_blast\2026_rice_blast_blast_501.jpg,0.877731,0.064852,brown_spot,False
rice_blast,False,data\RiceCrossYear\test\rice_blast\2026_rice_blast_blast_186.jpg,0.877424,0.054022,brown_spot,False
rice_blast,False,data\RiceCrossYear\test\rice_blast\2026_rice_blast_blast_288.jpg,0.877365,0.017308,brown_spot,False
rice_blast,False,data\RiceCrossYear\test\rice_blast\2026_rice_blast_blast_674.jpg,0.876894,0.081534,brown_spot,False
rice_blast,False,data\RiceCrossYear\test\rice_blast\2026_rice_blast_blast_557.jpg,0.876879,0.03318,brown_spot,False
rice_blast,False,data\RiceCrossYear\test\rice_blast\2026_rice_blast_blast_733.jpg,0.876806,0.018376,brown_spot,False
rice_blast,False,data\RiceCrossYear\test\rice_blast\2026_rice_blast_blast_525.jpg,0.876733,0.035142,brown_spot,False
rice_blast,False,data\RiceCrossYear\test\rice_blast\2026_rice_blast_blast_909.jpg,0.8767,0.009739,brown_spot,False
rice_blast,False,data\RiceCrossYear\test\rice_blast\2026_rice_blast_blast_971.jpg,0.876604,0.017462,brown_spot,False
rice_blast,False,data\RiceCrossYear\test\rice_blast\2026_rice_blast_blast_432.jpg,0.87639,0.04404,brown_spot,False
rice_blast,False,data\RiceCrossYear\test\rice_blast\2026_rice_blast_blast_703.jpg,0.87571,0.026939,brown_spot,False
rice_blast,False,data\RiceCrossYear\test\rice_blast\2026_rice_blast_blast_1090.jpg,0.87561,0.074374,brown_spot,False
rice_blast,False,data\RiceCrossYear\test\rice_blast\2026_rice_blast_blast_1029.jpg,0.875541,0.026157,brown_spot,False
rice_blast,False,data\RiceCrossYear\test\rice_blast\2026_rice_blast_blast_562.jpg,0.87541,0.016527,brown_spot,False
rice_blast,False,data\RiceCrossYear\test\rice_blast\2026_rice_blast_blast_799.jpg,0.875359,0.011413,brown_spot,False
rice_blast,False,data\RiceCrossYear\test\rice_blast\2026_rice_blast_blast_919.jpg,0.875276,0.037237,brown_spot,False
rice_blast,False,data\RiceCrossYear\test\rice_blast\2026_rice_blast_blast_851.jpg,0.875139,0.022016,brown_spot,False
rice_blast,False,data\RiceCrossYear\test\rice_blast\2026_rice_blast_blast_158.jpg,0.874853,0.072041,brown_spot,False
rice_blast,False,data\RiceCrossYear\test\rice_blast\2026_rice_blast_blast_690.jpg,0.87484,0.019864,brown_spot,False
rice_blast,False,data\RiceCrossYear\test\rice_blast\2026_rice_blast_blast_1157.jpg,0.874739,0.035999,brown_spot,False
rice_blast,False,data\RiceCrossYear\test\rice_blast\2026_rice_blast_blast_772.jpg,0.874719,0.019745,brown_spot,False
rice_blast,False,data\RiceCrossYear\test\rice_blast\2026_rice_blast_blast_424.jpg,0.874417,0.050526,brown_spot,False
rice_blast,False,data\RiceCrossYear\test\rice_blast\2026_rice_blast_blast_1031.jpg,0.874375,0.045355,brown_spot,False
rice_blast,False,data\RiceCrossYear\test\rice_blast\2026_rice_blast_blast_761.jpg,0.874356,0.008227,brown_spot,False
rice_blast,False,data\RiceCrossYear\test\rice_blast\2026_rice_blast_blast_468.jpg,0.874149,0.874149,rice_blast,True
rice_blast,False,data\RiceCrossYear\test\rice_blast\2026_rice_blast_blast_984.jpg,0.873962,0.055355,brown_spot,False
rice_blast,False,data\RiceCrossYear\test\rice_blast\2026_rice_blast_blast_244.jpg,0.873362,0.028239,brown_spot,False
rice_blast,False,data\RiceCrossYear\test\rice_blast\2026_rice_blast_blast_735.jpg,0.872633,0.018668,brown_spot,False
rice_blast,False,data\RiceCrossYear\test\rice_blast\2026_rice_blast_blast_240.jpg,0.872573,0.038999,brown_spot,False
rice_blast,False,data\RiceCrossYear\test\rice_blast\2026_rice_blast_blast_11.jpg,0.872022,0.073636,brown_spot,False
rice_blast,False,data\RiceCrossYear\test\rice_blast\2026_rice_blast_blast_1089.jpg,0.871847,0.076985,brown_spot,False
rice_blast,False,data\RiceCrossYear\test\rice_blast\2026_rice_blast_blast_612.jpg,0.871643,0.035697,brown_spot,False
rice_blast,False,data\RiceCrossYear\test\rice_blast\2026_rice_blast_blast_667.jpg,0.871384,0.081239,brown_spot,False
rice_blast,False,data\RiceCrossYear\test\rice_blast\2026_rice_blast_blast_55.jpg,0.87113,0.018027,brown_spot,False
rice_blast,False,data\RiceCrossYear\test\rice_blast\2026_rice_blast_blast_56.jpg,0.87113,0.018027,brown_spot,False
rice_blast,False,data\RiceCrossYear\test\rice_blast\2026_rice_blast_blast_508.jpg,0.870914,0.062005,brown_spot,False
rice_blast,False,data\RiceCrossYear\test\rice_blast\2026_rice_blast_blast_394.jpg,0.87053,0.073618,brown_spot,False
rice_blast,False,data\RiceCrossYear\test\rice_blast\2026_rice_blast_blast_444.jpg,0.870526,0.046521,brown_spot,False
rice_blast,False,data\RiceCrossYear\test\rice_blast\2026_rice_blast_blast_741.jpg,0.870367,0.034413,brown_spot,False
rice_blast,False,data\RiceCrossYear\test\rice_blast\2026_rice_blast_blast_1021.jpg,0.870364,0.024763,brown_spot,False
rice_blast,False,data\RiceCrossYear\test\rice_blast\2026_rice_blast_blast_1146.jpg,0.87029,0.072864,brown_spot,False
rice_blast,False,data\RiceCrossYear\test\rice_blast\2026_rice_blast_blast_1269.jpg,0.870138,0.005795,brown_spot,False
rice_blast,False,data\RiceCrossYear\test\rice_blast\2026_rice_blast_blast_445.jpg,0.869785,0.038403,brown_spot,False
rice_blast,False,data\RiceCrossYear\test\rice_blast\2026_rice_blast_blast_1163.jpg,0.868877,0.07382,brown_spot,False
rice_blast,False,data\RiceCrossYear\test\rice_blast\2026_rice_blast_blast_611.jpg,0.868619,0.03699,brown_spot,False
rice_blast,False,data\RiceCrossYear\test\rice_blast\2026_rice_blast_blast_927.jpg,0.868339,0.056689,brown_spot,False
rice_blast,False,data\RiceCrossYear\test\rice_blast\2026_rice_blast_blast_1069.jpg,0.868338,0.035946,brown_spot,False
rice_blast,False,data\RiceCrossYear\test\rice_blast\2026_rice_blast_blast_775.jpg,0.86816,0.022733,brown_spot,False
rice_blast,False,data\RiceCrossYear\test\rice_blast\2026_rice_blast_blast_730.jpg,0.868065,0.029243,brown_spot,False
rice_blast,False,data\RiceCrossYear\test\rice_blast\2026_rice_blast_blast_1158.jpg,0.867995,0.055842,brown_spot,False
rice_blast,False,data\RiceCrossYear\test\rice_blast\2026_rice_blast_blast_191.jpg,0.867785,0.058195,brown_spot,False
rice_blast,False,data\RiceCrossYear\test\rice_blast\2026_rice_blast_blast_243.jpg,0.867688,0.026459,brown_spot,False
rice_blast,False,data\RiceCrossYear\test\rice_blast\2026_rice_blast_blast_535.jpg,0.867334,0.053558,brown_spot,False
rice_blast,False,data\RiceCrossYear\test\rice_blast\2026_rice_blast_blast_437.jpg,0.867322,0.086313,brown_spot,False
rice_blast,False,data\RiceCrossYear\test\rice_blast\2026_rice_blast_blast_64.jpg,0.867307,0.034561,brown_spot,False
rice_blast,False,data\RiceCrossYear\test\rice_blast\2026_rice_blast_blast_1097.jpg,0.866847,0.079729,brown_spot,False
rice_blast,False,data\RiceCrossYear\test\rice_blast\2026_rice_blast_blast_1169.jpg,0.866784,0.057929,brown_spot,False
rice_blast,False,data\RiceCrossYear\test\rice_blast\2026_rice_blast_blast_869.jpg,0.866624,0.090244,brown_spot,False
rice_blast,False,data\RiceCrossYear\test\rice_blast\2026_rice_blast_blast_912.jpg,0.866524,0.012506,brown_spot,False
rice_blast,False,data\RiceCrossYear\test\rice_blast\2026_rice_blast_blast_1026.jpg,0.866256,0.032746,brown_spot,False
rice_blast,False,data\RiceCrossYear\test\rice_blast\2026_rice_blast_blast_187.jpg,0.865968,0.031054,brown_spot,False
rice_blast,False,data\RiceCrossYear\test\rice_blast\2026_rice_blast_blast_33.jpg,0.865404,0.865404,rice_blast,True
rice_blast,False,data\RiceCrossYear\test\rice_blast\2026_rice_blast_blast_771.jpg,0.865262,0.014164,brown_spot,False
rice_blast,False,data\RiceCrossYear\test\rice_blast\2026_rice_blast_blast_306.jpg,0.863395,0.071062,brown_spot,False
rice_blast,False,data\RiceCrossYear\test\rice_blast\2026_rice_blast_blast_838.jpg,0.863243,0.036191,brown_spot,False
rice_blast,False,data\RiceCrossYear\test\rice_blast\2026_rice_blast_blast_433.jpg,0.862429,0.862429,rice_blast,True
rice_blast,False,data\RiceCrossYear\test\rice_blast\2026_rice_blast_blast_990.jpg,0.862237,0.042304,brown_spot,False
rice_blast,False,data\RiceCrossYear\test\rice_blast\2026_rice_blast_blast_189.jpg,0.862068,0.062387,brown_spot,False
rice_blast,False,data\RiceCrossYear\test\rice_blast\2026_rice_blast_blast_621.jpg,0.861835,0.861835,rice_blast,True
rice_blast,False,data\RiceCrossYear\test\rice_blast\2026_rice_blast_blast_1078.jpg,0.861472,0.08171,brown_spot,False
rice_blast,False,data\RiceCrossYear\test\rice_blast\2026_rice_blast_blast_1136.jpg,0.861388,0.094142,brown_spot,False
rice_blast,False,data\RiceCrossYear\test\rice_blast\2026_rice_blast_blast_904.jpg,0.861244,0.007,brown_spot,False
rice_blast,False,data\RiceCrossYear\test\rice_blast\2026_rice_blast_blast_1203.jpg,0.860955,0.070241,brown_spot,False
rice_blast,False,data\RiceCrossYear\test\rice_blast\2026_rice_blast_blast_972.jpg,0.860704,0.02138,brown_spot,False
rice_blast,False,data\RiceCrossYear\test\rice_blast\2026_rice_blast_blast_426.jpg,0.86059,0.084454,brown_spot,False
rice_blast,False,data\RiceCrossYear\test\rice_blast\2026_rice_blast_blast_1241.jpg,0.860141,0.0398,brown_spot,False
rice_blast,False,data\RiceCrossYear\test\rice_blast\2026_rice_blast_blast_770.jpg,0.858003,0.015486,brown_spot,False
rice_blast,False,data\RiceCrossYear\test\rice_blast\2026_rice_blast_blast_77.jpg,0.856946,0.036887,brown_spot,False
rice_blast,False,data\RiceCrossYear\test\rice_blast\2026_rice_blast_blast_1006.jpg,0.85571,0.019851,brown_spot,False
rice_blast,False,data\RiceCrossYear\test\rice_blast\2026_rice_blast_blast_1013.jpg,0.855707,0.054998,brown_spot,False
rice_blast,False,data\RiceCrossYear\test\rice_blast\2026_rice_blast_blast_458.jpg,0.855142,0.070074,brown_spot,False
rice_blast,False,data\RiceCrossYear\test\rice_blast\2026_rice_blast_blast_989.jpg,0.854947,0.050228,brown_spot,False
rice_blast,False,data\RiceCrossYear\test\rice_blast\2026_rice_blast_blast_777.jpg,0.854519,0.019882,brown_spot,False
rice_blast,False,data\RiceCrossYear\test\rice_blast\2026_rice_blast_blast_537.jpg,0.85442,0.073627,brown_spot,False
rice_blast,False,data\RiceCrossYear\test\rice_blast\2026_rice_blast_blast_995.jpg,0.854391,0.04908,brown_spot,False
rice_blast,False,data\RiceCrossYear\test\rice_blast\2026_rice_blast_blast_531.jpg,0.8542,0.058614,brown_spot,False
rice_blast,False,data\RiceCrossYear\test\rice_blast\2026_rice_blast_blast_600.jpg,0.854197,0.08035,brown_spot,False
rice_blast,False,data\RiceCrossYear\test\rice_blast\2026_rice_blast_blast_586.jpg,0.853614,0.05886,brown_spot,False
rice_blast,False,data\RiceCrossYear\test\rice_blast\2026_rice_blast_blast_552.jpg,0.853138,0.091963,brown_spot,False
rice_blast,False,data\RiceCrossYear\test\rice_blast\2026_rice_blast_blast_841.jpg,0.852938,0.015699,brown_spot,False
rice_blast,False,data\RiceCrossYear\test\rice_blast\2026_rice_blast_blast_529.jpg,0.852894,0.054285,brown_spot,False
rice_blast,False,data\RiceCrossYear\test\rice_blast\2026_rice_blast_blast_1162.jpg,0.852394,0.083721,brown_spot,False
rice_blast,False,data\RiceCrossYear\test\rice_blast\2026_rice_blast_blast_913.jpg,0.852283,0.009922,brown_spot,False
rice_blast,False,data\RiceCrossYear\test\rice_blast\2026_rice_blast_blast_1082.jpg,0.851724,0.098438,brown_spot,False
rice_blast,False,data\RiceCrossYear\test\rice_blast\2026_rice_blast_blast_298.jpg,0.851336,0.106886,brown_spot,False
rice_blast,False,data\RiceCrossYear\test\rice_blast\2026_rice_blast_blast_624.jpg,0.851166,0.851166,rice_blast,True
rice_blast,False,data\RiceCrossYear\test\rice_blast\2026_rice_blast_blast_697.jpg,0.850857,0.010161,brown_spot,False
rice_blast,False,data\RiceCrossYear\test\rice_blast\2026_rice_blast_blast_555.jpg,0.850768,0.091216,brown_spot,False
rice_blast,False,data\RiceCrossYear\test\rice_blast\2026_rice_blast_blast_619.jpg,0.850369,0.850369,rice_blast,True
rice_blast,False,data\RiceCrossYear\test\rice_blast\2026_rice_blast_blast_541.jpg,0.850041,0.102425,brown_spot,False
rice_blast,False,data\RiceCrossYear\test\rice_blast\2026_rice_blast_blast_188.jpg,0.849935,0.076568,brown_spot,False
rice_blast,False,data\RiceCrossYear\test\rice_blast\2026_rice_blast_blast_1092.jpg,0.849749,0.098222,brown_spot,False
rice_blast,False,data\RiceCrossYear\test\rice_blast\2026_rice_blast_blast_1319.jpg,0.849715,0.849715,rice_blast,True
rice_blast,False,data\RiceCrossYear\test\rice_blast\2026_rice_blast_blast_1232.jpg,0.849467,0.044845,brown_spot,False
rice_blast,False,data\RiceCrossYear\test\rice_blast\2026_rice_blast_blast_702.jpg,0.849418,0.069148,brown_spot,False
rice_blast,False,data\RiceCrossYear\test\rice_blast\2026_rice_blast_blast_615.jpg,0.848695,0.056804,brown_spot,False
rice_blast,False,data\RiceCrossYear\test\rice_blast\2026_rice_blast_blast_1235.jpg,0.847933,0.017461,brown_spot,False
rice_blast,False,data\RiceCrossYear\test\rice_blast\2026_rice_blast_blast_124.jpg,0.847887,0.060646,brown_spot,False
rice_blast,False,data\RiceCrossYear\test\rice_blast\2026_rice_blast_blast_626.jpg,0.847464,0.847464,rice_blast,True
rice_blast,False,data\RiceCrossYear\test\rice_blast\2026_rice_blast_blast_429.jpg,0.846768,0.098874,brown_spot,False
rice_blast,False,data\RiceCrossYear\test\rice_blast\2026_rice_blast_blast_22.jpg,0.845976,0.083335,brown_spot,False
rice_blast,False,data\RiceCrossYear\test\rice_blast\2026_rice_blast_blast_673.jpg,0.845716,0.100392,brown_spot,False
rice_blast,False,data\RiceCrossYear\test\rice_blast\2026_rice_blast_blast_1187.jpg,0.845391,0.018442,brown_spot,False
rice_blast,False,data\RiceCrossYear\test\rice_blast\2026_rice_blast_blast_906.jpg,0.845134,0.011469,brown_spot,False
rice_blast,False,data\RiceCrossYear\test\rice_blast\2026_rice_blast_blast_500.jpg,0.844653,0.034625,brown_spot,False
rice_blast,False,data\RiceCrossYear\test\rice_blast\2026_rice_blast_blast_397.jpg,0.84452,0.072366,brown_spot,False
rice_blast,False,data\RiceCrossYear\test\rice_blast\2026_rice_blast_blast_554.jpg,0.843696,0.048419,brown_spot,False
rice_blast,False,data\RiceCrossYear\test\rice_blast\2026_rice_blast_blast_1160.jpg,0.843347,0.063432,brown_spot,False
rice_blast,False,data\RiceCrossYear\test\rice_blast\2026_rice_blast_blast_294.jpg,0.842567,0.095928,brown_spot,False
rice_blast,False,data\RiceCrossYear\test\rice_blast\2026_rice_blast_blast_1100.jpg,0.841928,0.087342,brown_spot,False
rice_blast,False,data\RiceCrossYear\test\rice_blast\2026_rice_blast_blast_1121.jpg,0.84188,0.105213,brown_spot,False
rice_blast,False,data\RiceCrossYear\test\rice_blast\2026_rice_blast_blast_965.jpg,0.841867,0.021533,brown_spot,False
rice_blast,False,data\RiceCrossYear\test\rice_blast\2026_rice_blast_blast_849.jpg,0.84169,0.017131,brown_spot,False
rice_blast,False,data\RiceCrossYear\test\rice_blast\2026_rice_blast_blast_1099.jpg,0.841661,0.088494,brown_spot,False
rice_blast,False,data\RiceCrossYear\test\rice_blast\2026_rice_blast_blast_53.jpg,0.841605,0.062259,brown_spot,False
rice_blast,False,data\RiceCrossYear\test\rice_blast\2026_rice_blast_blast_650.jpg,0.841179,0.118898,brown_spot,False
rice_blast,False,data\RiceCrossYear\test\rice_blast\2026_rice_blast_blast_872.jpg,0.840523,0.840523,rice_blast,True
rice_blast,False,data\RiceCrossYear\test\rice_blast\2026_rice_blast_blast_378.jpg,0.839868,0.026167,brown_spot,False
rice_blast,False,data\RiceCrossYear\test\rice_blast\2026_rice_blast_blast_154.jpg,0.839645,0.034792,brown_spot,False
rice_blast,False,data\RiceCrossYear\test\rice_blast\2026_rice_blast_blast_482.jpg,0.839643,0.037036,brown_spot,False
rice_blast,False,data\RiceCrossYear\test\rice_blast\2026_rice_blast_blast_1236.jpg,0.839639,0.017156,brown_spot,False
rice_blast,False,data\RiceCrossYear\test\rice_blast\2026_rice_blast_blast_1234.jpg,0.839345,0.028918,brown_spot,False
rice_blast,False,data\RiceCrossYear\test\rice_blast\2026_rice_blast_blast_332.jpg,0.839334,0.036519,brown_spot,False
rice_blast,False,data\RiceCrossYear\test\rice_blast\2026_rice_blast_blast_466.jpg,0.839325,0.041462,brown_spot,False
rice_blast,False,data\RiceCrossYear\test\rice_blast\2026_rice_blast_blast_1134.jpg,0.838138,0.106259,brown_spot,False
rice_blast,False,data\RiceCrossYear\test\rice_blast\2026_rice_blast_blast_405.jpg,0.837793,0.093039,brown_spot,False
rice_blast,False,data\RiceCrossYear\test\rice_blast\2026_rice_blast_blast_1156.jpg,0.83671,0.049711,brown_spot,False
rice_blast,False,data\RiceCrossYear\test\rice_blast\2026_rice_blast_blast_1037.jpg,0.83658,0.092339,brown_spot,False
rice_blast,False,data\RiceCrossYear\test\rice_blast\2026_rice_blast_blast_1298.jpg,0.836578,0.836578,rice_blast,True
rice_blast,False,data\RiceCrossYear\test\rice_blast\2026_rice_blast_blast_1096.jpg,0.836001,0.120559,brown_spot,False
rice_blast,False,data\RiceCrossYear\test\rice_blast\2026_rice_blast_blast_413.jpg,0.83599,0.057984,brown_spot,False
rice_blast,False,data\RiceCrossYear\test\rice_blast\2026_rice_blast_blast_43.jpg,0.835329,0.068134,brown_spot,False
rice_blast,False,data\RiceCrossYear\test\rice_blast\2026_rice_blast_blast_776.jpg,0.834057,0.025758,brown_spot,False
rice_blast,False,data\RiceCrossYear\test\rice_blast\2026_rice_blast_blast_1015.jpg,0.833909,0.078098,brown_spot,False
rice_blast,False,data\RiceCrossYear\test\rice_blast\2026_rice_blast_blast_1091.jpg,0.833377,0.114338,brown_spot,False
rice_blast,False,data\RiceCrossYear\test\rice_blast\2026_rice_blast_blast_1188.jpg,0.832903,0.015663,brown_spot,False
rice_blast,False,data\RiceCrossYear\test\rice_blast\2026_rice_blast_blast_1001.jpg,0.832894,0.030756,brown_spot,False
rice_blast,False,data\RiceCrossYear\test\rice_blast\2026_rice_blast_blast_358.jpg,0.831559,0.084701,brown_spot,False
rice_blast,False,data\RiceCrossYear\test\rice_blast\2026_rice_blast_blast_488.jpg,0.830903,0.047615,brown_spot,False
rice_blast,False,data\RiceCrossYear\test\rice_blast\2026_rice_blast_blast_1216.jpg,0.830694,0.027821,rice_tungro,False
rice_blast,False,data\RiceCrossYear\test\rice_blast\2026_rice_blast_blast_594.jpg,0.830133,0.084721,brown_spot,False
rice_blast,False,data\RiceCrossYear\test\rice_blast\2026_rice_blast_blast_1249.jpg,0.830089,0.830089,rice_blast,True
rice_blast,False,data\RiceCrossYear\test\rice_blast\2026_rice_blast_blast_729.jpg,0.830048,0.029679,brown_spot,False
rice_blast,False,data\RiceCrossYear\test\rice_blast\2026_rice_blast_blast_264.jpg,0.829461,0.122703,brown_spot,False
rice_blast,False,data\RiceCrossYear\test\rice_blast\2026_rice_blast_blast_1068.jpg,0.828813,0.046079,brown_spot,False
rice_blast,False,data\RiceCrossYear\test\rice_blast\2026_rice_blast_blast_628.jpg,0.828594,0.828594,rice_blast,True
rice_blast,False,data\RiceCrossYear\test\rice_blast\2026_rice_blast_blast_115.jpg,0.828347,0.055279,brown_spot,False
rice_blast,False,data\RiceCrossYear\test\rice_blast\2026_rice_blast_blast_495.jpg,0.827811,0.032635,brown_spot,False
rice_blast,False,data\RiceCrossYear\test\rice_blast\2026_rice_blast_blast_736.jpg,0.827226,0.023512,brown_spot,False
rice_blast,False,data\RiceCrossYear\test\rice_blast\2026_rice_blast_blast_627.jpg,0.827059,0.827059,rice_blast,True
rice_blast,False,data\RiceCrossYear\test\rice_blast\2026_rice_blast_blast_1153.jpg,0.826685,0.045692,brown_spot,False
rice_blast,False,data\RiceCrossYear\test\rice_blast\2026_rice_blast_blast_778.jpg,0.826516,0.015153,brown_spot,False
rice_blast,False,data\RiceCrossYear\test\rice_blast\2026_rice_blast_blast_481.jpg,0.825821,0.051369,brown_spot,False
rice_blast,False,data\RiceCrossYear\test\rice_blast\2026_rice_blast_blast_1130.jpg,0.824963,0.122777,brown_spot,False
rice_blast,False,data\RiceCrossYear\test\rice_blast\2026_rice_blast_blast_982.jpg,0.824236,0.05881,brown_spot,False
rice_blast,False,data\RiceCrossYear\test\rice_blast\2026_rice_blast_blast_82.jpg,0.823987,0.070779,brown_spot,False
rice_blast,False,data\RiceCrossYear\test\rice_blast\2026_rice_blast_blast_84.jpg,0.82371,0.82371,rice_blast,True
rice_blast,False,data\RiceCrossYear\test\rice_blast\2026_rice_blast_blast_1268.jpg,0.823615,0.015428,brown_spot,False
rice_blast,False,data\RiceCrossYear\test\rice_blast\2026_rice_blast_blast_116.jpg,0.823046,0.079236,brown_spot,False
rice_blast,False,data\RiceCrossYear\test\rice_blast\2026_rice_blast_blast_696.jpg,0.822624,0.110369,brown_spot,False
rice_blast,False,data\RiceCrossYear\test\rice_blast\2026_rice_blast_blast_623.jpg,0.822093,0.822093,rice_blast,True
rice_blast,False,data\RiceCrossYear\test\rice_blast\2026_rice_blast_blast_489.jpg,0.821091,0.062517,brown_spot,False
rice_blast,False,data\RiceCrossYear\test\rice_blast\2026_rice_blast_blast_1155.jpg,0.820482,0.050516,brown_spot,False
rice_blast,False,data\RiceCrossYear\test\rice_blast\2026_rice_blast_blast_599.jpg,0.820308,0.125499,brown_spot,False
rice_blast,False,data\RiceCrossYear\test\rice_blast\2026_rice_blast_blast_661.jpg,0.819636,0.074145,brown_spot,False
rice_blast,False,data\RiceCrossYear\test\rice_blast\2026_rice_blast_blast_94.jpg,0.819557,0.032468,brown_spot,False
rice_blast,False,data\RiceCrossYear\test\rice_blast\2026_rice_blast_blast_238.jpg,0.819501,0.104226,brown_spot,False
rice_blast,False,data\RiceCrossYear\test\rice_blast\2026_rice_blast_blast_1046.jpg,0.818765,0.090394,brown_spot,False
rice_blast,False,data\RiceCrossYear\test\rice_blast\2026_rice_blast_blast_942.jpg,0.818632,0.067197,brown_spot,False
rice_blast,False,data\RiceCrossYear\test\rice_blast\2026_rice_blast_blast_52.jpg,0.817906,0.053084,brown_spot,False
rice_blast,False,data\RiceCrossYear\test\rice_blast\2026_rice_blast_blast_693.jpg,0.817726,0.134184,brown_spot,False
rice_blast,False,data\RiceCrossYear\test\rice_blast\2026_rice_blast_blast_994.jpg,0.817117,0.081341,brown_spot,False
rice_blast,False,data\RiceCrossYear\test\rice_blast\2026_rice_blast_blast_490.jpg,0.815338,0.071313,brown_spot,False
rice_blast,False,data\RiceCrossYear\test\rice_blast\2026_rice_blast_blast_97.jpg,0.813725,0.038319,brown_spot,False
rice_blast,False,data\RiceCrossYear\test\rice_blast\2026_rice_blast_blast_1320.jpg,0.813339,0.813339,rice_blast,True
rice_blast,False,data\RiceCrossYear\test\rice_blast\2026_rice_blast_blast_1195.jpg,0.811685,0.121196,brown_spot,False
rice_blast,False,data\RiceCrossYear\test\rice_blast\2026_rice_blast_blast_988.jpg,0.809539,0.055198,brown_spot,False
rice_blast,False,data\RiceCrossYear\test\rice_blast\2026_rice_blast_blast_1292.jpg,0.808916,0.101644,brown_spot,False
rice_blast,False,data\RiceCrossYear\test\rice_blast\2026_rice_blast_blast_357.jpg,0.80858,0.049662,brown_spot,False
rice_blast,False,data\RiceCrossYear\test\rice_blast\2026_rice_blast_blast_1125.jpg,0.80827,0.146158,brown_spot,False
rice_blast,False,data\RiceCrossYear\test\rice_blast\2026_rice_blast_blast_1221.jpg,0.807511,0.046546,brown_spot,False
rice_blast,False,data\RiceCrossYear\test\rice_blast\2026_rice_blast_blast_675.jpg,0.807359,0.15705,brown_spot,False
rice_blast,False,data\RiceCrossYear\test\rice_blast\2026_rice_blast_blast_505.jpg,0.806977,0.123943,brown_spot,False
rice_blast,False,data\RiceCrossYear\test\rice_blast\2026_rice_blast_blast_393.jpg,0.80685,0.070261,brown_spot,False
rice_blast,False,data\RiceCrossYear\test\rice_blast\2026_rice_blast_blast_491.jpg,0.806691,0.060764,brown_spot,False
rice_blast,False,data\RiceCrossYear\test\rice_blast\2026_rice_blast_blast_1227.jpg,0.806162,0.040333,brown_spot,False
rice_blast,False,data\RiceCrossYear\test\rice_blast\2026_rice_blast_blast_192.jpg,0.806013,0.099831,brown_spot,False
rice_blast,False,data\RiceCrossYear\test\rice_blast\2026_rice_blast_blast_475.jpg,0.804172,0.062102,brown_spot,False
rice_blast,False,data\RiceCrossYear\test\rice_blast\2026_rice_blast_blast_657.jpg,0.802568,0.100429,brown_spot,False
rice_blast,False,data\RiceCrossYear\test\rice_blast\2026_rice_blast_blast_585.jpg,0.802542,0.058764,brown_spot,False
rice_blast,False,data\RiceCrossYear\test\rice_blast\2026_rice_blast_blast_275.jpg,0.802301,0.080062,brown_spot,False
rice_blast,False,data\RiceCrossYear\test\rice_blast\2026_rice_blast_blast_295.jpg,0.799966,0.148232,brown_spot,False
rice_blast,False,data\RiceCrossYear\test\rice_blast\2026_rice_blast_blast_985.jpg,0.79828,0.049173,brown_spot,False
rice_blast,False,data\RiceCrossYear\test\rice_blast\2026_rice_blast_blast_1202.jpg,0.798277,0.113123,brown_spot,False
rice_blast,False,data\RiceCrossYear\test\rice_blast\2026_rice_blast_blast_616.jpg,0.797247,0.061748,brown_spot,False
rice_blast,False,data\RiceCrossYear\test\rice_blast\2026_rice_blast_blast_820.jpg,0.797059,0.080476,rice_tungro,False
rice_blast,False,data\RiceCrossYear\test\rice_blast\2026_rice_blast_blast_1256.jpg,0.795645,0.058487,brown_spot,False
rice_blast,False,data\RiceCrossYear\test\rice_blast\2026_rice_blast_blast_1062.jpg,0.795375,0.097651,brown_spot,False
rice_blast,False,data\RiceCrossYear\test\rice_blast\2026_rice_blast_blast_781.jpg,0.794992,0.017928,brown_spot,False
rice_blast,False,data\RiceCrossYear\test\rice_blast\2026_rice_blast_blast_1294.jpg,0.794672,0.794672,rice_blast,True
rice_blast,False,data\RiceCrossYear\test\rice_blast\2026_rice_blast_blast_1016.jpg,0.792179,0.118309,brown_spot,False
rice_blast,False,data\RiceCrossYear\test\rice_blast\2026_rice_blast_blast_821.jpg,0.791943,0.080429,rice_tungro,False
rice_blast,False,data\RiceCrossYear\test\rice_blast\2026_rice_blast_blast_1251.jpg,0.791685,0.791685,rice_blast,True
rice_blast,False,data\RiceCrossYear\test\rice_blast\2026_rice_blast_blast_1138.jpg,0.790787,0.149084,brown_spot,False
rice_blast,False,data\RiceCrossYear\test\rice_blast\2026_rice_blast_blast_68.jpg,0.789008,0.047314,brown_spot,False
rice_blast,False,data\RiceCrossYear\test\rice_blast\2026_rice_blast_blast_290.jpg,0.788884,0.160624,brown_spot,False
rice_blast,False,data\RiceCrossYear\test\rice_blast\2026_rice_blast_blast_986.jpg,0.788807,0.065705,brown_spot,False
rice_blast,False,data\RiceCrossYear\test\rice_blast\2026_rice_blast_blast_502.jpg,0.788486,0.086967,brown_spot,False
rice_blast,False,data\RiceCrossYear\test\rice_blast\2026_rice_blast_blast_625.jpg,0.787068,0.787068,rice_blast,True
rice_blast,False,data\RiceCrossYear\test\rice_blast\2026_rice_blast_blast_1010.jpg,0.786725,0.022981,rice_tungro,False
rice_blast,False,data\RiceCrossYear\test\rice_blast\2026_rice_blast_blast_855.jpg,0.785403,0.031115,brown_spot,False
rice_blast,False,data\RiceCrossYear\test\rice_blast\2026_rice_blast_blast_1086.jpg,0.784749,0.161271,brown_spot,False
rice_blast,False,data\RiceCrossYear\test\rice_blast\2026_rice_blast_blast_341.jpg,0.781417,0.156141,brown_spot,False
rice_blast,False,data\RiceCrossYear\test\rice_blast\2026_rice_blast_blast_1253.jpg,0.779831,0.779831,rice_blast,True
rice_blast,False,data\RiceCrossYear\test\rice_blast\2026_rice_blast_blast_279.jpg,0.779714,0.086674,brown_spot,False
rice_blast,False,data\RiceCrossYear\test\rice_blast\2026_rice_blast_blast_903.jpg,0.779514,0.020174,brown_spot,False
rice_blast,False,data\RiceCrossYear\test\rice_blast\2026_rice_blast_blast_618.jpg,0.778648,0.778648,rice_blast,True
rice_blast,False,data\RiceCrossYear\test\rice_blast\2026_rice_blast_blast_396.jpg,0.778523,0.107913,brown_spot,False
rice_blast,False,data\RiceCrossYear\test\rice_blast\2026_rice_blast_blast_1018.jpg,0.778508,0.116494,brown_spot,False
rice_blast,False,data\RiceCrossYear\test\rice_blast\2026_rice_blast_blast_27.jpg,0.77526,0.164821,brown_spot,False
rice_blast,False,data\RiceCrossYear\test\rice_blast\2026_rice_blast_blast_677.jpg,0.775235,0.178382,brown_spot,False
rice_blast,False,data\RiceCrossYear\test\rice_blast\2026_rice_blast_blast_1164.jpg,0.774756,0.137204,brown_spot,False
rice_blast,False,data\RiceCrossYear\test\rice_blast\2026_rice_blast_blast_1054.jpg,0.77471,0.132505,brown_spot,False
rice_blast,False,data\RiceCrossYear\test\rice_blast\2026_rice_blast_blast_1212.jpg,0.774084,0.774084,rice_blast,True
rice_blast,False,data\RiceCrossYear\test\rice_blast\2026_rice_blast_blast_1119.jpg,0.773554,0.160746,brown_spot,False
rice_blast,False,data\RiceCrossYear\test\rice_blast\2026_rice_blast_blast_923.jpg,0.772101,0.152929,brown_spot,False
rice_blast,False,data\RiceCrossYear\test\rice_blast\2026_rice_blast_blast_1055.jpg,0.772015,0.131112,brown_spot,False
rice_blast,False,data\RiceCrossYear\test\rice_blast\2026_rice_blast_blast_1083.jpg,0.771141,0.161467,brown_spot,False
rice_blast,False,data\RiceCrossYear\test\rice_blast\2026_rice_blast_blast_676.jpg,0.77057,0.186819,brown_spot,False
rice_blast,False,data\RiceCrossYear\test\rice_blast\2026_rice_blast_blast_653.jpg,0.76995,0.141715,brown_spot,False
rice_blast,False,data\RiceCrossYear\test\rice_blast\2026_rice_blast_blast_1045.jpg,0.769638,0.096143,brown_spot,False
rice_blast,False,data\RiceCrossYear\test\rice_blast\2026_rice_blast_blast_185.jpg,0.769296,0.150976,brown_spot,False
rice_blast,False,data\RiceCrossYear\test\rice_blast\2026_rice_blast_blast_726.jpg,0.768067,0.024762,brown_spot,False
rice_blast,False,data\RiceCrossYear\test\rice_blast\2026_rice_blast_blast_590.jpg,0.76781,0.143424,brown_spot,False
rice_blast,False,data\RiceCrossYear\test\rice_blast\2026_rice_blast_blast_1222.jpg,0.765609,0.065829,brown_spot,False
rice_blast,False,data\RiceCrossYear\test\rice_blast\2026_rice_blast_blast_876.jpg,0.765466,0.765466,rice_blast,True
rice_blast,False,data\RiceCrossYear\test\rice_blast\2026_rice_blast_blast_593.jpg,0.765343,0.04831,brown_spot,False
rice_blast,False,data\RiceCrossYear\test\rice_blast\2026_rice_blast_blast_31.jpg,0.765105,0.138218,brown_spot,False
rice_blast,False,data\RiceCrossYear\test\rice_blast\2026_rice_blast_blast_245.jpg,0.764918,0.764918,rice_blast,True
rice_blast,False,data\RiceCrossYear\test\rice_blast\2026_rice_blast_blast_751.jpg,0.763613,0.174788,brown_spot,False
rice_blast,False,data\RiceCrossYear\test\rice_blast\2026_rice_blast_blast_1223.jpg,0.763484,0.050161,brown_spot,False
rice_blast,False,data\RiceCrossYear\test\rice_blast\2026_rice_blast_blast_1252.jpg,0.761968,0.761968,rice_blast,True
rice_blast,False,data\RiceCrossYear\test\rice_blast\2026_rice_blast_blast_1214.jpg,0.76179,0.020341,rice_tungro,False
rice_blast,False,data\RiceCrossYear\test\rice_blast\2026_rice_blast_blast_731.jpg,0.759647,0.032603,brown_spot,False
rice_blast,False,data\RiceCrossYear\test\rice_blast\2026_rice_blast_blast_1049.jpg,0.759027,0.075154,brown_spot,False
rice_blast,False,data\RiceCrossYear\test\rice_blast\2026_rice_blast_blast_656.jpg,0.758024,0.057715,brown_spot,False
rice_blast,False,data\RiceCrossYear\test\rice_blast\2026_rice_blast_blast_1255.jpg,0.75742,0.105219,brown_spot,False
rice_blast,False,data\RiceCrossYear\test\rice_blast\2026_rice_blast_blast_704.jpg,0.756598,0.140899,brown_spot,False
rice_blast,False,data\RiceCrossYear\test\rice_blast\2026_rice_blast_blast_152.jpg,0.756517,0.756517,rice_blast,True
rice_blast,False,data\RiceCrossYear\test\rice_blast\2026_rice_blast_blast_922.jpg,0.756284,0.144966,brown_spot,False
rice_blast,False,data\RiceCrossYear\test\rice_blast\2026_rice_blast_blast_196.jpg,0.752168,0.200085,brown_spot,False
rice_blast,False,data\RiceCrossYear\test\rice_blast\2026_rice_blast_blast_822.jpg,0.75077,0.07636,rice_tungro,False
rice_blast,False,data\RiceCrossYear\test\rice_blast\2026_rice_blast_blast_1042.jpg,0.750652,0.171737,brown_spot,False
rice_blast,False,data\RiceCrossYear\test\rice_blast\2026_rice_blast_blast_905.jpg,0.750136,0.041582,healthy,False
rice_blast,False,data\RiceCrossYear\test\rice_blast\2026_rice_blast_blast_981.jpg,0.748938,0.084564,brown_spot,False
rice_blast,False,data\RiceCrossYear\test\rice_blast\2026_rice_blast_blast_636.jpg,0.748012,0.052519,brown_spot,False
rice_blast,False,data\RiceCrossYear\test\rice_blast\2026_rice_blast_blast_1239.jpg,0.746947,0.153793,brown_spot,False
rice_blast,False,data\RiceCrossYear\test\rice_blast\2026_rice_blast_blast_589.jpg,0.745953,0.158223,brown_spot,False
rice_blast,False,data\RiceCrossYear\test\rice_blast\2026_rice_blast_blast_280.jpg,0.745359,0.107143,brown_spot,False
rice_blast,False,data\RiceCrossYear\test\rice_blast\2026_rice_blast_blast_1050.jpg,0.736903,0.158726,brown_spot,False
rice_blast,False,data\RiceCrossYear\test\rice_blast\2026_rice_blast_blast_85.jpg,0.733351,0.733351,rice_blast,True
rice_blast,False,data\RiceCrossYear\test\rice_blast\2026_rice_blast_blast_622.jpg,0.731595,0.731595,rice_blast,True
rice_blast,False,data\RiceCrossYear\test\rice_blast\2026_rice_blast_blast_494.jpg,0.730532,0.186202,brown_spot,False
rice_blast,False,data\RiceCrossYear\test\rice_blast\2026_rice_blast_blast_728.jpg,0.730431,0.028712,brown_spot,False
rice_blast,False,data\RiceCrossYear\test\rice_blast\2026_rice_blast_blast_1293.jpg,0.729891,0.088416,brown_spot,False
rice_blast,False,data\RiceCrossYear\test\rice_blast\2026_rice_blast_blast_659.jpg,0.728653,0.146132,brown_spot,False
rice_blast,False,data\RiceCrossYear\test\rice_blast\2026_rice_blast_blast_1196.jpg,0.726333,0.228998,brown_spot,False
rice_blast,False,data\RiceCrossYear\test\rice_blast\2026_rice_blast_blast_1246.jpg,0.725308,0.725308,rice_blast,True
rice_blast,False,data\RiceCrossYear\test\rice_blast\2026_rice_blast_blast_1297.jpg,0.725039,0.725039,rice_blast,True
rice_blast,False,data\RiceCrossYear\test\rice_blast\2026_rice_blast_blast_1316.jpg,0.721897,0.078925,brown_spot,False
rice_blast,False,data\RiceCrossYear\test\rice_blast\2026_rice_blast_blast_1085.jpg,0.721319,0.223891,brown_spot,False
rice_blast,False,data\RiceCrossYear\test\rice_blast\2026_rice_blast_blast_1128.jpg,0.721085,0.224585,brown_spot,False
rice_blast,False,data\RiceCrossYear\test\rice_blast\2026_rice_blast_blast_633.jpg,0.719566,0.128101,brown_spot,False
rice_blast,False,data\RiceCrossYear\test\rice_blast\2026_rice_blast_blast_1074.jpg,0.719065,0.057657,brown_spot,False
rice_blast,False,data\RiceCrossYear\test\rice_blast\2026_rice_blast_blast_875.jpg,0.716313,0.716313,rice_blast,True
rice_blast,False,data\RiceCrossYear\test\rice_blast\2026_rice_blast_blast_651.jpg,0.716273,0.15517,brown_spot,False
rice_blast,False,data\RiceCrossYear\test\rice_blast\2026_rice_blast_blast_1211.jpg,0.70637,0.09753,brown_spot,False
rice_blast,False,data\RiceCrossYear\test\rice_blast\2026_rice_blast_blast_1302.jpg,0.706102,0.098162,brown_spot,False
rice_blast,False,data\RiceCrossYear\test\rice_blast\2026_rice_blast_blast_658.jpg,0.705572,0.186867,brown_spot,False
rice_blast,False,data\RiceCrossYear\test\rice_blast\2026_rice_blast_blast_1197.jpg,0.70529,0.246735,brown_spot,False
rice_blast,False,data\RiceCrossYear\test\rice_blast\2026_rice_blast_blast_632.jpg,0.704695,0.091404,brown_spot,False
rice_blast,False,data\RiceCrossYear\test\rice_blast\2026_rice_blast_blast_756.jpg,0.703601,0.119086,brown_spot,False
rice_blast,False,data\RiceCrossYear\test\rice_blast\2026_rice_blast_blast_925.jpg,0.702951,0.217924,brown_spot,False
rice_blast,False,data\RiceCrossYear\test\rice_blast\2026_rice_blast_blast_1127.jpg,0.699733,0.253303,brown_spot,False
rice_blast,False,data\RiceCrossYear\test\rice_blast\2026_rice_blast_blast_225.jpg,0.699351,0.699351,rice_blast,True
rice_blast,False,data\RiceCrossYear\test\rice_blast\2026_rice_blast_blast_1107.jpg,0.698254,0.186607,brown_spot,False
rice_blast,False,data\RiceCrossYear\test\rice_blast\2026_rice_blast_blast_1194.jpg,0.697104,0.235792,brown_spot,False
rice_blast,False,data\RiceCrossYear\test\rice_blast\2026_rice_blast_blast_483.jpg,0.69362,0.172413,brown_spot,False
rice_blast,False,data\RiceCrossYear\test\rice_blast\2026_rice_blast_blast_711.jpg,0.688233,0.180283,brown_spot,False
rice_blast,False,data\RiceCrossYear\test\rice_blast\2026_rice_blast_blast_545.jpg,0.6872,0.098759,brown_spot,False
rice_blast,False,data\RiceCrossYear\test\rice_blast\2026_rice_blast_blast_305.jpg,0.685907,0.685907,rice_blast,True
rice_blast,False,data\RiceCrossYear\test\rice_blast\2026_rice_blast_blast_591.jpg,0.684496,0.165789,brown_spot,False
rice_blast,False,data\RiceCrossYear\test\rice_blast\2026_rice_blast_blast_173.jpg,0.681366,0.681366,rice_blast,True
rice_blast,False,data\RiceCrossYear\test\rice_blast\2026_rice_blast_blast_1215.jpg,0.679074,0.031823,rice_tungro,False
rice_blast,False,data\RiceCrossYear\test\rice_blast\2026_rice_blast_blast_361.jpg,0.679053,0.176404,brown_spot,False
rice_blast,False,data\RiceCrossYear\test\rice_blast\2026_rice_blast_blast_1295.jpg,0.678419,0.25637,brown_spot,False
rice_blast,False,data\RiceCrossYear\test\rice_blast\2026_rice_blast_blast_878.jpg,0.6775,0.6775,rice_blast,True
rice_blast,False,data\RiceCrossYear\test\rice_blast\2026_rice_blast_blast_1072.jpg,0.673449,0.012714,brown_spot,False
rice_blast,False,data\RiceCrossYear\test\rice_blast\2026_rice_blast_blast_248.jpg,0.667809,0.25521,brown_spot,False
rice_blast,False,data\RiceCrossYear\test\rice_blast\2026_rice_blast_blast_683.jpg,0.667204,0.184058,brown_spot,False
rice_blast,False,data\RiceCrossYear\test\rice_blast\2026_rice_blast_blast_274.jpg,0.666864,0.111935,brown_spot,False
rice_blast,False,data\RiceCrossYear\test\rice_blast\2026_rice_blast_blast_879.jpg,0.666477,0.666477,rice_blast,True
rice_blast,False,data\RiceCrossYear\test\rice_blast\2026_rice_blast_blast_242.jpg,0.666191,0.275011,brown_spot,False
rice_blast,False,data\RiceCrossYear\test\rice_blast\2026_rice_blast_blast_1288.jpg,0.665786,0.099105,rice_tungro,False
rice_blast,False,data\RiceCrossYear\test\rice_blast\2026_rice_blast_blast_105.jpg,0.664474,0.664474,rice_blast,True
rice_blast,False,data\RiceCrossYear\test\rice_blast\2026_rice_blast_blast_782.jpg,0.663486,0.035648,brown_spot,False
rice_blast,False,data\RiceCrossYear\test\rice_blast\2026_rice_blast_blast_1008.jpg,0.663161,0.048133,brown_spot,False
rice_blast,False,data\RiceCrossYear\test\rice_blast\2026_rice_blast_blast_1189.jpg,0.65936,0.02174,rice_tungro,False
rice_blast,False,data\RiceCrossYear\test\rice_blast\2026_rice_blast_blast_752.jpg,0.659332,0.255377,brown_spot,False
rice_blast,False,data\RiceCrossYear\test\rice_blast\2026_rice_blast_blast_1308.jpg,0.658817,0.167125,brown_spot,False
rice_blast,False,data\RiceCrossYear\test\rice_blast\2026_rice_blast_blast_521.jpg,0.657882,0.063444,brown_spot,False
rice_blast,False,data\RiceCrossYear\test\rice_blast\2026_rice_blast_blast_952.jpg,0.657369,0.010605,rice_tungro,False
rice_blast,False,data\RiceCrossYear\test\rice_blast\2026_rice_blast_blast_939.jpg,0.654534,0.067225,rice_tungro,False
rice_blast,False,data\RiceCrossYear\test\rice_blast\2026_rice_blast_blast_1007.jpg,0.650508,0.147722,brown_spot,False
rice_blast,False,data\RiceCrossYear\test\rice_blast\2026_rice_blast_blast_750.jpg,0.64914,0.288195,brown_spot,False
rice_blast,False,data\RiceCrossYear\test\rice_blast\2026_rice_blast_blast_1315.jpg,0.647176,0.025094,brown_spot,False
rice_blast,False,data\RiceCrossYear\test\rice_blast\2026_rice_blast_blast_108.jpg,0.646864,0.158753,brown_spot,False
rice_blast,False,data\RiceCrossYear\test\rice_blast\2026_rice_blast_blast_329.jpg,0.642782,0.229079,brown_spot,False
rice_blast,False,data\RiceCrossYear\test\rice_blast\2026_rice_blast_blast_874.jpg,0.642097,0.642097,rice_blast,True
rice_blast,False,data\RiceCrossYear\test\rice_blast\2026_rice_blast_blast_634.jpg,0.641999,0.104344,brown_spot,False
rice_blast,False,data\RiceCrossYear\test\rice_blast\2026_rice_blast_blast_953.jpg,0.641102,0.226371,rice_tungro,False
rice_blast,False,data\RiceCrossYear\test\rice_blast\2026_rice_blast_blast_1290.jpg,0.638628,0.154392,rice_tungro,False
rice_blast,False,data\RiceCrossYear\test\rice_blast\2026_rice_blast_blast_678.jpg,0.637811,0.311148,brown_spot,False
rice_blast,False,data\RiceCrossYear\test\rice_blast\2026_rice_blast_blast_265.jpg,0.63571,0.63571,rice_blast,True
rice_blast,False,data\RiceCrossYear\test\rice_blast\2026_rice_blast_blast_873.jpg,0.633886,0.633886,rice_blast,True
rice_blast,False,data\RiceCrossYear\test\rice_blast\2026_rice_blast_blast_1053.jpg,0.632452,0.179024,brown_spot,False
rice_blast,False,data\RiceCrossYear\test\rice_blast\2026_rice_blast_blast_175.jpg,0.632176,0.632176,rice_blast,True
rice_blast,False,data\RiceCrossYear\test\rice_blast\2026_rice_blast_blast_1228.jpg,0.63073,0.055382,brown_spot,False
rice_blast,False,data\RiceCrossYear\test\rice_blast\2026_rice_blast_blast_1309.jpg,0.62866,0.185039,brown_spot,False
rice_blast,False,data\RiceCrossYear\test\rice_blast\2026_rice_blast_blast_631.jpg,0.628106,0.137539,brown_spot,False
rice_blast,False,data\RiceCrossYear\test\rice_blast\2026_rice_blast_blast_1258.jpg,0.625811,0.201658,brown_spot,False
rice_blast,False,data\RiceCrossYear\test\rice_blast\2026_rice_blast_blast_630.jpg,0.62468,0.144126,rice_tungro,False
rice_blast,False,data\RiceCrossYear\test\rice_blast\2026_rice_blast_blast_1073.jpg,0.620155,0.060985,brown_spot,False
rice_blast,False,data\RiceCrossYear\test\rice_blast\2026_rice_blast_blast_1132.jpg,0.618035,0.618035,rice_blast,True
rice_blast,False,data\RiceCrossYear\test\rice_blast\2026_rice_blast_blast_1289.jpg,0.615031,0.0987,rice_tungro,False
rice_blast,False,data\RiceCrossYear\test\rice_blast\2026_rice_blast_blast_1250.jpg,0.611864,0.611864,rice_blast,True
rice_blast,False,data\RiceCrossYear\test\rice_blast\2026_rice_blast_blast_1190.jpg,0.610357,0.10255,brown_spot,False
rice_blast,False,data\RiceCrossYear\test\rice_blast\2026_rice_blast_blast_408.jpg,0.608731,0.342636,brown_spot,False
rice_blast,False,data\RiceCrossYear\test\rice_blast\2026_rice_blast_blast_1043.jpg,0.608716,0.608716,rice_blast,True
rice_blast,False,data\RiceCrossYear\test\rice_blast\2026_rice_blast_blast_682.jpg,0.600562,0.258962,brown_spot,False
rice_blast,False,data\RiceCrossYear\test\rice_blast\2026_rice_blast_blast_936.jpg,0.599493,0.194609,brown_spot,False
rice_blast,False,data\RiceCrossYear\test\rice_blast\2026_rice_blast_blast_39.jpg,0.597189,0.347488,brown_spot,False
rice_blast,False,data\RiceCrossYear\test\rice_blast\2026_rice_blast_blast_1219.jpg,0.595554,0.052704,brown_spot,False
rice_blast,False,data\RiceCrossYear\test\rice_blast\2026_rice_blast_blast_1230.jpg,0.595342,0.05866,brown_spot,False
rice_blast,False,data\RiceCrossYear\test\rice_blast\2026_rice_blast_blast_638.jpg,0.594058,0.177348,brown_spot,False
rice_blast,False,data\RiceCrossYear\test\rice_blast\2026_rice_blast_blast_596.jpg,0.593095,0.131564,brown_spot,False
rice_blast,False,data\RiceCrossYear\test\rice_blast\2026_rice_blast_blast_951.jpg,0.59289,0.010691,brown_spot,False
rice_blast,False,data\RiceCrossYear\test\rice_blast\2026_rice_blast_blast_1113.jpg,0.591484,0.316599,brown_spot,False
rice_blast,False,data\RiceCrossYear\test\rice_blast\2026_rice_blast_blast_1264.jpg,0.589475,0.1167,brown_spot,False
rice_blast,False,data\RiceCrossYear\test\rice_blast\2026_rice_blast_blast_1044.jpg,0.58814,0.23899,brown_spot,False
rice_blast,False,data\RiceCrossYear\test\rice_blast\2026_rice_blast_blast_1303.jpg,0.585427,0.157989,brown_spot,False
rice_blast,False,data\RiceCrossYear\test\rice_blast\2026_rice_blast_blast_759.jpg,0.584366,0.125211,brown_spot,False
rice_blast,False,data\RiceCrossYear\test\rice_blast\2026_rice_blast_blast_1075.jpg,0.583831,0.118497,brown_spot,False
rice_blast,False,data\RiceCrossYear\test\rice_blast\2026_rice_blast_blast_117.jpg,0.579731,0.34957,brown_spot,False
rice_blast,False,data\RiceCrossYear\test\rice_blast\2026_rice_blast_blast_1058.jpg,0.579075,0.245106,brown_spot,False
rice_blast,False,data\RiceCrossYear\test\rice_blast\2026_rice_blast_blast_110.jpg,0.574106,0.574106,rice_blast,True
rice_blast,False,data\RiceCrossYear\test\rice_blast\2026_rice_blast_blast_1322.jpg,0.573636,0.10022,brown_spot,False
rice_blast,False,data\RiceCrossYear\test\rice_blast\2026_rice_blast_blast_698.jpg,0.572204,0.006833,brown_spot,False
rice_blast,False,data\RiceCrossYear\test\rice_blast\2026_rice_blast_blast_829.jpg,0.570268,0.128054,brown_spot,False
rice_blast,False,data\RiceCrossYear\test\rice_blast\2026_rice_blast_blast_469.jpg,0.569611,0.242962,brown_spot,False
rice_blast,False,data\RiceCrossYear\test\rice_blast\2026_rice_blast_blast_233.jpg,0.56743,0.219915,brown_spot,False
rice_blast,False,data\RiceCrossYear\test\rice_blast\2026_rice_blast_blast_1135.jpg,0.563466,0.563466,rice_blast,True
rice_blast,False,data\RiceCrossYear\test\rice_blast\2026_rice_blast_blast_409.jpg,0.562331,0.303651,brown_spot,False
rice_blast,False,data\RiceCrossYear\test\rice_blast\2026_rice_blast_blast_1244.jpg,0.560308,0.560308,rice_blast,True
rice_blast,False,data\RiceCrossYear\test\rice_blast\2026_rice_blast_blast_917.jpg,0.557987,0.339595,brown_spot,False
rice_blast,False,data\RiceCrossYear\test\rice_blast\2026_rice_blast_blast_1307.jpg,0.556487,0.226729,brown_spot,False
rice_blast,False,data\RiceCrossYear\test\rice_blast\2026_rice_blast_blast_284.jpg,0.555165,0.555165,rice_blast,True
rice_blast,False,data\RiceCrossYear\test\rice_blast\2026_rice_blast_blast_370.jpg,0.55321,0.55321,rice_blast,True
rice_blast,False,data\RiceCrossYear\test\rice_blast\2026_rice_blast_blast_1088.jpg,0.550281,0.35304,brown_spot,False
rice_blast,False,data\RiceCrossYear\test\rice_blast\2026_rice_blast_blast_282.jpg,0.548752,0.17458,brown_spot,False
rice_blast,False,data\RiceCrossYear\test\rice_blast\2026_rice_blast_blast_639.jpg,0.546184,0.093031,brown_spot,False
rice_blast,False,data\RiceCrossYear\test\rice_blast\2026_rice_blast_blast_1247.jpg,0.544587,0.544587,rice_blast,True
rice_blast,False,data\RiceCrossYear\test\rice_blast\2026_rice_blast_blast_1285.jpg,0.543074,0.543074,rice_blast,True
rice_blast,False,data\RiceCrossYear\test\rice_blast\2026_rice_blast_blast_1108.jpg,0.54234,0.362159,brown_spot,False
rice_blast,False,data\RiceCrossYear\test\rice_blast\2026_rice_blast_blast_924.jpg,0.542314,0.382685,brown_spot,False
rice_blast,False,data\RiceCrossYear\test\rice_blast\2026_rice_blast_blast_877.jpg,0.539406,0.539406,rice_blast,True
rice_blast,False,data\RiceCrossYear\test\rice_blast\2026_rice_blast_blast_1057.jpg,0.535871,0.311733,brown_spot,False
rice_blast,False,data\RiceCrossYear\test\rice_blast\2026_rice_blast_blast_652.jpg,0.53555,0.359903,brown_spot,False
rice_blast,False,data\RiceCrossYear\test\rice_blast\2026_rice_blast_blast_755.jpg,0.534629,0.213363,brown_spot,False
rice_blast,False,data\RiceCrossYear\test\rice_blast\2026_rice_blast_blast_819.jpg,0.53037,0.169848,rice_tungro,False
rice_blast,False,data\RiceCrossYear\test\rice_blast\2026_rice_blast_blast_1242.jpg,0.53015,0.53015,rice_blast,True
rice_blast,False,data\RiceCrossYear\test\rice_blast\2026_rice_blast_blast_304.jpg,0.525841,0.416381,brown_spot,False
rice_blast,False,data\RiceCrossYear\test\rice_blast\2026_rice_blast_blast_629.jpg,0.521183,0.152639,rice_tungro,False
rice_blast,False,data\RiceCrossYear\test\rice_blast\2026_rice_blast_blast_542.jpg,0.517454,0.517454,rice_blast,True
rice_blast,False,data\RiceCrossYear\test\rice_blast\2026_rice_blast_blast_827.jpg,0.515446,0.515446,rice_blast,True
rice_blast,False,data\RiceCrossYear\test\rice_blast\2026_rice_blast_blast_1324.jpg,0.514235,0.514235,rice_blast,True
rice_blast,False,data\RiceCrossYear\test\rice_blast\2026_rice_blast_blast_816.jpg,0.511843,0.038762,rice_tungro,False
rice_blast,False,data\RiceCrossYear\test\rice_blast\2026_rice_blast_blast_183.jpg,0.51162,0.442338,brown_spot,False
rice_blast,False,data\RiceCrossYear\test\rice_blast\2026_rice_blast_blast_934.jpg,0.510124,0.021408,rice_tungro,False
rice_blast,False,data\RiceCrossYear\test\rice_blast\2026_rice_blast_blast_826.jpg,0.508204,0.381557,brown_spot,False
rice_blast,False,data\RiceCrossYear\test\rice_blast\2026_rice_blast_blast_172.jpg,0.507963,0.458459,brown_spot,False
rice_blast,False,data\RiceCrossYear\test\rice_blast\2026_rice_blast_blast_692.jpg,0.507334,0.320832,brown_spot,False
rice_blast,False,data\RiceCrossYear\test\rice_blast\2026_rice_blast_blast_1109.jpg,0.506481,0.506481,rice_blast,True
rice_blast,False,data\RiceCrossYear\test\rice_blast\2026_rice_blast_blast_1282.jpg,0.505704,0.180623,rice_tungro,False
rice_blast,False,data\RiceCrossYear\test\rice_blast\2026_rice_blast_blast_9.jpg,0.504819,0.504819,rice_blast,True
rice_blast,False,data\RiceCrossYear\test\rice_blast\2026_rice_blast_blast_470.jpg,0.504637,0.20851,brown_spot,False
rice_blast,False,data\RiceCrossYear\test\rice_blast\2026_rice_blast_blast_401.jpg,0.502937,0.409885,brown_spot,False
rice_blast,False,data\RiceCrossYear\test\rice_blast\2026_rice_blast_blast_32.jpg,0.499585,0.424821,brown_spot,False
rice_blast,False,data\RiceCrossYear\test\rice_blast\2026_rice_blast_blast_1305.jpg,0.487316,0.487316,rice_blast,True
rice_blast,False,data\RiceCrossYear\test\rice_blast\2026_rice_blast_blast_1110.jpg,0.479681,0.479681,rice_blast,True
rice_blast,False,data\RiceCrossYear\test\rice_blast\2026_rice_blast_blast_3.jpg,0.478866,0.478866,rice_blast,True
rice_blast,False,data\RiceCrossYear\test\rice_blast\2026_rice_blast_blast_1040.jpg,0.476718,0.476718,rice_blast,True
rice_blast,False,data\RiceCrossYear\test\rice_blast\2026_rice_blast_blast_366.jpg,0.476,0.401224,brown_spot,False
rice_blast,False,data\RiceCrossYear\test\rice_blast\2026_rice_blast_blast_1287.jpg,0.475832,0.475832,rice_blast,True
rice_blast,False,data\RiceCrossYear\test\rice_blast\2026_rice_blast_blast_940.jpg,0.471657,0.08678,rice_tungro,False
rice_blast,False,data\RiceCrossYear\test\rice_blast\2026_rice_blast_blast_224.jpg,0.466491,0.466491,rice_blast,True
rice_blast,False,data\RiceCrossYear\test\rice_blast\2026_rice_blast_blast_354.jpg,0.462832,0.462832,rice_blast,True
rice_blast,False,data\RiceCrossYear\test\rice_blast\2026_rice_blast_blast_1207.jpg,0.461588,0.300288,brown_spot,False
rice_blast,False,data\RiceCrossYear\test\rice_blast\2026_rice_blast_blast_1213.jpg,0.461435,0.461435,rice_blast,True
rice_blast,False,data\RiceCrossYear\test\rice_blast\2026_rice_blast_blast_1245.jpg,0.458608,0.332832,brown_spot,False
rice_blast,False,data\RiceCrossYear\test\rice_blast\2026_rice_blast_blast_1306.jpg,0.458531,0.458531,rice_blast,True
rice_blast,False,data\RiceCrossYear\test\rice_blast\2026_rice_blast_blast_817.jpg,0.456527,0.456527,rice_blast,True
rice_blast,False,data\RiceCrossYear\test\rice_blast\2026_rice_blast_blast_1039.jpg,0.452694,0.452694,rice_blast,True
rice_blast,False,data\RiceCrossYear\test\rice_blast\2026_rice_blast_blast_1261.jpg,0.447686,0.447686,rice_blast,True
rice_blast,False,data\RiceCrossYear\test\rice_blast\2026_rice_blast_blast_1051.jpg,0.446364,0.446364,rice_blast,True
rice_blast,False,data\RiceCrossYear\test\rice_blast\2026_rice_blast_blast_227.jpg,0.44241,0.44241,rice_blast,True
rice_blast,False,data\RiceCrossYear\test\rice_blast\2026_rice_blast_blast_635.jpg,0.440707,0.251077,rice_tungro,False
rice_blast,False,data\RiceCrossYear\test\rice_blast\2026_rice_blast_blast_1248.jpg,0.437452,0.368641,brown_spot,False
rice_blast,False,data\RiceCrossYear\test\rice_blast\2026_rice_blast_blast_49.jpg,0.433916,0.433916,rice_blast,True
rice_blast,False,data\RiceCrossYear\test\rice_blast\2026_rice_blast_blast_757.jpg,0.430329,0.430329,rice_blast,True
rice_blast,False,data\RiceCrossYear\test\rice_blast\2026_rice_blast_blast_1283.jpg,0.428934,0.19861,brown_spot,False
rice_blast,False,data\RiceCrossYear\test\rice_blast\2026_rice_blast_blast_941.jpg,0.427962,0.086819,brown_spot,False
rice_blast,False,data\RiceCrossYear\test\rice_blast\2026_rice_blast_blast_478.jpg,0.423766,0.324358,rice_tungro,False
rice_blast,False,data\RiceCrossYear\test\rice_blast\2026_rice_blast_blast_1257.jpg,0.421802,0.421802,rice_blast,True
rice_blast,False,data\RiceCrossYear\test\rice_blast\2026_rice_blast_blast_1263.jpg,0.41969,0.41969,rice_blast,True
rice_blast,False,data\RiceCrossYear\test\rice_blast\2026_rice_blast_blast_524.jpg,0.417321,0.290946,brown_spot,False
rice_blast,False,data\RiceCrossYear\test\rice_blast\2026_rice_blast_blast_1262.jpg,0.412836,0.412836,rice_blast,True
rice_blast,False,data\RiceCrossYear\test\rice_blast\2026_rice_blast_blast_679.jpg,0.405539,0.284906,brown_spot,False
rice_blast,False,data\RiceCrossYear\test\rice_blast\2026_rice_blast_blast_95.jpg,0.405255,0.405255,rice_blast,True
rice_blast,False,data\RiceCrossYear\test\rice_blast\2026_rice_blast_blast_1019.jpg,0.397814,0.396263,brown_spot,False
rice_blast,False,data\RiceCrossYear\test\rice_blast\2026_rice_blast_blast_1052.jpg,0.39699,0.33265,brown_spot,False
rice_blast,False,data\RiceCrossYear\test\rice_blast\2026_rice_blast_blast_823.jpg,0.389712,0.206773,rice_tungro,False
rice_blast,False,data\RiceCrossYear\test\rice_blast\2026_rice_blast_blast_1310.jpg,0.387648,0.35948,brown_spot,False
rice_blast,False,data\RiceCrossYear\test\rice_blast\2026_rice_blast_blast_1206.jpg,0.382094,0.382094,rice_blast,True
rice_blast,False,data\RiceCrossYear\test\rice_blast\2026_rice_blast_blast_1265.jpg,0.37911,0.300597,brown_spot,False
rice_blast,False,data\RiceCrossYear\test\rice_blast\2026_rice_blast_blast_938.jpg,0.377658,0.377289,brown_spot,False
rice_blast,False,data\RiceCrossYear\test\rice_blast\2026_rice_blast_blast_680.jpg,0.373605,0.29587,brown_spot,False
rice_blast,False,data\RiceCrossYear\test\rice_blast\2026_rice_blast_blast_828.jpg,0.346737,0.332397,brown_spot,False
rice_blast,False,data\RiceCrossYear\test\rice_blast\2026_rice_blast_blast_818.jpg,0.331046,0.331046,rice_blast,True
rice_blast,False,data\RiceCrossYear\test\rice_blast\2026_rice_blast_blast_1260.jpg,0.306464,0.199518,brown_spot,False
rice_tungro,False,data\RiceCrossYear\test\rice_tungro\2026_rice_tungro_Rice Tungro_745.jpg,0.981486,0.981486,rice_tungro,True
rice_tungro,False,data\RiceCrossYear\test\rice_tungro\2026_rice_tungro_Rice Tungro_742.jpg,0.977433,0.977433,rice_tungro,True
rice_tungro,False,data\RiceCrossYear\test\rice_tungro\2026_rice_tungro_Rice Tungro_2166.jpg,0.968635,0.01519,brown_spot,False
rice_tungro,False,data\RiceCrossYear\test\rice_tungro\2026_rice_tungro_Rice Tungro_743.jpg,0.967172,0.967172,rice_tungro,True
rice_tungro,False,data\RiceCrossYear\test\rice_tungro\2026_rice_tungro_Rice Tungro_729.jpg,0.966124,0.966124,rice_tungro,True
rice_tungro,False,data\RiceCrossYear\test\rice_tungro\2026_rice_tungro_Rice Tungro_2176.jpg,0.964483,0.012674,brown_spot,False
rice_tungro,False,data\RiceCrossYear\test\rice_tungro\2026_rice_tungro_Rice Tungro_928.jpg,0.959968,0.021085,brown_spot,False
rice_tungro,False,data\RiceCrossYear\test\rice_tungro\2026_rice_tungro_Rice Tungro_251.jpg,0.959838,0.959838,rice_tungro,True
rice_tungro,False,data\RiceCrossYear\test\rice_tungro\2026_rice_tungro_Rice Tungro_283.jpg,0.95879,0.95879,rice_tungro,True
rice_tungro,False,data\RiceCrossYear\test\rice_tungro\2026_rice_tungro_Rice Tungro_744.jpg,0.958708,0.958708,rice_tungro,True
rice_tungro,False,data\RiceCrossYear\test\rice_tungro\2026_rice_tungro_Rice Tungro_2170.jpg,0.958243,0.012753,brown_spot,False
rice_tungro,False,data\RiceCrossYear\test\rice_tungro\2026_rice_tungro_Rice Tungro_272.jpg,0.957601,0.957601,rice_tungro,True
rice_tungro,False,data\RiceCrossYear\test\rice_tungro\2026_rice_tungro_Rice Tungro_1905.jpg,0.957534,0.016718,brown_spot,False
rice_tungro,False,data\RiceCrossYear\test\rice_tungro\2026_rice_tungro_Rice Tungro_1832.jpg,0.956966,0.015758,brown_spot,False
rice_tungro,False,data\RiceCrossYear\test\rice_tungro\2026_rice_tungro_Rice Tungro_601.jpg,0.956127,0.019941,brown_spot,False
rice_tungro,False,data\RiceCrossYear\test\rice_tungro\2026_rice_tungro_Rice Tungro_875.jpg,0.956105,0.956105,rice_tungro,True
rice_tungro,False,data\RiceCrossYear\test\rice_tungro\2026_rice_tungro_Rice Tungro_907.jpg,0.95558,0.95558,rice_tungro,True
rice_tungro,False,data\RiceCrossYear\test\rice_tungro\2026_rice_tungro_Rice Tungro_922.jpg,0.954576,0.954576,rice_tungro,True
rice_tungro,False,data\RiceCrossYear\test\rice_tungro\2026_rice_tungro_Rice Tungro_1585.jpg,0.953698,0.013872,brown_spot,False
rice_tungro,False,data\RiceCrossYear\test\rice_tungro\2026_rice_tungro_Rice Tungro_1341.jpg,0.953472,0.018141,brown_spot,False
rice_tungro,False,data\RiceCrossYear\test\rice_tungro\2026_rice_tungro_Rice Tungro_234.jpg,0.952629,0.952629,rice_tungro,True
rice_tungro,False,data\RiceCrossYear\test\rice_tungro\2026_rice_tungro_Rice Tungro_634.jpg,0.952536,0.952536,rice_tungro,True
rice_tungro,False,data\RiceCrossYear\test\rice_tungro\2026_rice_tungro_Rice Tungro_146.jpg,0.952443,0.952443,rice_tungro,True
rice_tungro,False,data\RiceCrossYear\test\rice_tungro\2026_rice_tungro_Rice Tungro_2169.jpg,0.9524,0.021082,brown_spot,False
rice_tungro,False,data\RiceCrossYear\test\rice_tungro\2026_rice_tungro_Rice Tungro_1834.jpg,0.9523,0.020233,brown_spot,False
rice_tungro,False,data\RiceCrossYear\test\rice_tungro\2026_rice_tungro_Rice Tungro_1826.jpg,0.95185,0.021153,brown_spot,False
rice_tungro,False,data\RiceCrossYear\test\rice_tungro\2026_rice_tungro_Rice Tungro_271.jpg,0.951467,0.951467,rice_tungro,True
rice_tungro,False,data\RiceCrossYear\test\rice_tungro\2026_rice_tungro_Rice Tungro_192.jpg,0.950997,0.950997,rice_tungro,True
rice_tungro,False,data\RiceCrossYear\test\rice_tungro\2026_rice_tungro_Rice Tungro_1634.jpg,0.950839,0.027707,brown_spot,False
rice_tungro,False,data\RiceCrossYear\test\rice_tungro\2026_rice_tungro_Rice Tungro_150.jpg,0.949117,0.949117,rice_tungro,True
rice_tungro,False,data\RiceCrossYear\test\rice_tungro\2026_rice_tungro_Rice Tungro_2168.jpg,0.94911,0.019317,brown_spot,False
rice_tungro,False,data\RiceCrossYear\test\rice_tungro\2026_rice_tungro_Rice Tungro_2174.jpg,0.948447,0.015941,brown_spot,False
rice_tungro,False,data\RiceCrossYear\test\rice_tungro\2026_rice_tungro_Rice Tungro_712.jpg,0.948045,0.031821,brown_spot,False
rice_tungro,False,data\RiceCrossYear\test\rice_tungro\2026_rice_tungro_Rice Tungro_658.jpg,0.947038,0.947038,rice_tungro,True
rice_tungro,False,data\RiceCrossYear\test\rice_tungro\2026_rice_tungro_Rice Tungro_248.jpg,0.946813,0.946813,rice_tungro,True
rice_tungro,False,data\RiceCrossYear\test\rice_tungro\2026_rice_tungro_Rice Tungro_264.jpg,0.946448,0.946448,rice_tungro,True
rice_tungro,False,data\RiceCrossYear\test\rice_tungro\2026_rice_tungro_Rice Tungro_571.jpg,0.946177,0.019733,brown_spot,False
rice_tungro,False,data\RiceCrossYear\test\rice_tungro\2026_rice_tungro_Rice Tungro_1338.jpg,0.945996,0.021903,brown_spot,False
rice_tungro,False,data\RiceCrossYear\test\rice_tungro\2026_rice_tungro_Rice Tungro_888.jpg,0.945874,0.945874,rice_tungro,True
rice_tungro,False,data\RiceCrossYear\test\rice_tungro\2026_rice_tungro_Rice Tungro_1340.jpg,0.945834,0.022616,brown_spot,False
rice_tungro,False,data\RiceCrossYear\test\rice_tungro\2026_rice_tungro_Rice Tungro_2164.jpg,0.945269,0.033881,brown_spot,False
rice_tungro,False,data\RiceCrossYear\test\rice_tungro\2026_rice_tungro_Rice Tungro_1343.jpg,0.944884,0.01789,brown_spot,False
rice_tungro,False,data\RiceCrossYear\test\rice_tungro\2026_rice_tungro_Rice Tungro_1342.jpg,0.944704,0.020388,brown_spot,False
rice_tungro,False,data\RiceCrossYear\test\rice_tungro\2026_rice_tungro_Rice Tungro_629.jpg,0.94451,0.94451,rice_tungro,True
rice_tungro,False,data\RiceCrossYear\test\rice_tungro\2026_rice_tungro_Rice Tungro_31.jpg,0.944479,0.944479,rice_tungro,True
rice_tungro,False,data\RiceCrossYear\test\rice_tungro\2026_rice_tungro_Rice Tungro_249.jpg,0.944399,0.944399,rice_tungro,True
rice_tungro,False,data\RiceCrossYear\test\rice_tungro\2026_rice_tungro_Rice Tungro_92.jpg,0.944135,0.944135,rice_tungro,True
rice_tungro,False,data\RiceCrossYear\test\rice_tungro\2026_rice_tungro_Rice Tungro_2191.jpg,0.944128,0.016662,brown_spot,False
rice_tungro,False,data\RiceCrossYear\test\rice_tungro\2026_rice_tungro_Rice Tungro_142.jpg,0.943807,0.943807,rice_tungro,True
rice_tungro,False,data\RiceCrossYear\test\rice_tungro\2026_rice_tungro_Rice Tungro_210.jpg,0.943774,0.943774,rice_tungro,True
rice_tungro,False,data\RiceCrossYear\test\rice_tungro\2026_rice_tungro_Rice Tungro_1732.jpg,0.943022,0.020916,brown_spot,False
rice_tungro,False,data\RiceCrossYear\test\rice_tungro\2026_rice_tungro_Rice Tungro_243.jpg,0.942747,0.942747,rice_tungro,True
rice_tungro,False,data\RiceCrossYear\test\rice_tungro\2026_rice_tungro_Rice Tungro_1396.jpg,0.942553,0.031093,brown_spot,False
rice_tungro,False,data\RiceCrossYear\test\rice_tungro\2026_rice_tungro_Rice Tungro_603.jpg,0.942304,0.027033,brown_spot,False
rice_tungro,False,data\RiceCrossYear\test\rice_tungro\2026_rice_tungro_Rice Tungro_2244.jpg,0.942083,0.028338,brown_spot,False
rice_tungro,False,data\RiceCrossYear\test\rice_tungro\2026_rice_tungro_Rice Tungro_1833.jpg,0.941313,0.025331,brown_spot,False
rice_tungro,False,data\RiceCrossYear\test\rice_tungro\2026_rice_tungro_Rice Tungro_974.jpg,0.94118,0.94118,rice_tungro,True
rice_tungro,False,data\RiceCrossYear\test\rice_tungro\2026_rice_tungro_Rice Tungro_1104.jpg,0.940592,0.023709,brown_spot,False
rice_tungro,False,data\RiceCrossYear\test\rice_tungro\2026_rice_tungro_Rice Tungro_1908.jpg,0.940542,0.031117,brown_spot,False
rice_tungro,False,data\RiceCrossYear\test\rice_tungro\2026_rice_tungro_Rice Tungro_423.jpg,0.940539,0.940539,rice_tungro,True
rice_tungro,False,data\RiceCrossYear\test\rice_tungro\2026_rice_tungro_Rice Tungro_1582.jpg,0.940408,0.023314,brown_spot,False
rice_tungro,False,data\RiceCrossYear\test\rice_tungro\2026_rice_tungro_Rice Tungro_141.jpg,0.940227,0.940227,rice_tungro,True
rice_tungro,False,data\RiceCrossYear\test\rice_tungro\2026_rice_tungro_Rice Tungro_461.jpg,0.939748,0.939748,rice_tungro,True
rice_tungro,False,data\RiceCrossYear\test\rice_tungro\2026_rice_tungro_Rice Tungro_425.jpg,0.938884,0.938884,rice_tungro,True
rice_tungro,False,data\RiceCrossYear\test\rice_tungro\2026_rice_tungro_Rice Tungro_1576.jpg,0.938827,0.024439,brown_spot,False
rice_tungro,False,data\RiceCrossYear\test\rice_tungro\2026_rice_tungro_Rice Tungro_959.jpg,0.93858,0.93858,rice_tungro,True
rice_tungro,False,data\RiceCrossYear\test\rice_tungro\2026_rice_tungro_Rice Tungro_276.jpg,0.938283,0.938283,rice_tungro,True
rice_tungro,False,data\RiceCrossYear\test\rice_tungro\2026_rice_tungro_Rice Tungro_38.jpg,0.938031,0.03527,brown_spot,False
rice_tungro,False,data\RiceCrossYear\test\rice_tungro\2026_rice_tungro_Rice Tungro_39.jpg,0.937869,0.037648,brown_spot,False
rice_tungro,False,data\RiceCrossYear\test\rice_tungro\2026_rice_tungro_Rice Tungro_647.jpg,0.937823,0.937823,rice_tungro,True
rice_tungro,False,data\RiceCrossYear\test\rice_tungro\2026_rice_tungro_Rice Tungro_1579.jpg,0.937738,0.011851,brown_spot,False
rice_tungro,False,data\RiceCrossYear\test\rice_tungro\2026_rice_tungro_Rice Tungro_706.jpg,0.937217,0.937217,rice_tungro,True
rice_tungro,False,data\RiceCrossYear\test\rice_tungro\2026_rice_tungro_Rice Tungro_909.jpg,0.937018,0.937018,rice_tungro,True
rice_tungro,False,data\RiceCrossYear\test\rice_tungro\2026_rice_tungro_Rice Tungro_110.jpg,0.93689,0.031301,brown_spot,False
rice_tungro,False,data\RiceCrossYear\test\rice_tungro\2026_rice_tungro_Rice Tungro_143.jpg,0.936555,0.936555,rice_tungro,True
rice_tungro,False,data\RiceCrossYear\test\rice_tungro\2026_rice_tungro_Rice Tungro_297.jpg,0.9361,0.022253,brown_spot,False
rice_tungro,False,data\RiceCrossYear\test\rice_tungro\2026_rice_tungro_Rice Tungro_384.jpg,0.935771,0.027268,brown_spot,False
rice_tungro,False,data\RiceCrossYear\test\rice_tungro\2026_rice_tungro_Rice Tungro_313.jpg,0.935065,0.026358,brown_spot,False
rice_tungro,False,data\RiceCrossYear\test\rice_tungro\2026_rice_tungro_Rice Tungro_1578.jpg,0.935052,0.013978,brown_spot,False
rice_tungro,False,data\RiceCrossYear\test\rice_tungro\2026_rice_tungro_Rice Tungro_1842.jpg,0.934673,0.024189,brown_spot,False
rice_tungro,False,data\RiceCrossYear\test\rice_tungro\2026_rice_tungro_Rice Tungro_656.jpg,0.934361,0.934361,rice_tungro,True
rice_tungro,False,data\RiceCrossYear\test\rice_tungro\2026_rice_tungro_Rice Tungro_424.jpg,0.934196,0.934196,rice_tungro,True
rice_tungro,False,data\RiceCrossYear\test\rice_tungro\2026_rice_tungro_Rice Tungro_1071.jpg,0.934188,0.021842,brown_spot,False
rice_tungro,False,data\RiceCrossYear\test\rice_tungro\2026_rice_tungro_Rice Tungro_138.jpg,0.934004,0.934004,rice_tungro,True
rice_tungro,False,data\RiceCrossYear\test\rice_tungro\2026_rice_tungro_Rice Tungro_383.jpg,0.933586,0.933586,rice_tungro,True
rice_tungro,False,data\RiceCrossYear\test\rice_tungro\2026_rice_tungro_Rice Tungro_472.jpg,0.933224,0.933224,rice_tungro,True
rice_tungro,False,data\RiceCrossYear\test\rice_tungro\2026_rice_tungro_Rice Tungro_1653.jpg,0.93299,0.040456,brown_spot,False
rice_tungro,False,data\RiceCrossYear\test\rice_tungro\2026_rice_tungro_Rice Tungro_1831.jpg,0.932822,0.022088,brown_spot,False
rice_tungro,False,data\RiceCrossYear\test\rice_tungro\2026_rice_tungro_Rice Tungro_1777.jpg,0.931958,0.931958,rice_tungro,True
rice_tungro,False,data\RiceCrossYear\test\rice_tungro\2026_rice_tungro_Rice Tungro_239.jpg,0.931914,0.030968,brown_spot,False
rice_tungro,False,data\RiceCrossYear\test\rice_tungro\2026_rice_tungro_Rice Tungro_224.jpg,0.931613,0.931613,rice_tungro,True
rice_tungro,False,data\RiceCrossYear\test\rice_tungro\2026_rice_tungro_Rice Tungro_711.jpg,0.931433,0.030937,brown_spot,False
rice_tungro,False,data\RiceCrossYear\test\rice_tungro\2026_rice_tungro_Rice Tungro_10.jpg,0.930976,0.930976,rice_tungro,True
rice_tungro,False,data\RiceCrossYear\test\rice_tungro\2026_rice_tungro_Rice Tungro_1907.jpg,0.930933,0.030679,brown_spot,False
rice_tungro,False,data\RiceCrossYear\test\rice_tungro\2026_rice_tungro_Rice Tungro_827.jpg,0.930418,0.034491,brown_spot,False
rice_tungro,False,data\RiceCrossYear\test\rice_tungro\2026_rice_tungro_Rice Tungro_471.jpg,0.929742,0.031168,brown_spot,False
rice_tungro,False,data\RiceCrossYear\test\rice_tungro\2026_rice_tungro_Rice Tungro_786.jpg,0.928962,0.928962,rice_tungro,True
rice_tungro,False,data\RiceCrossYear\test\rice_tungro\2026_rice_tungro_Rice Tungro_230.jpg,0.928874,0.928874,rice_tungro,True
rice_tungro,False,data\RiceCrossYear\test\rice_tungro\2026_rice_tungro_Rice Tungro_373.jpg,0.92885,0.92885,rice_tungro,True
rice_tungro,False,data\RiceCrossYear\test\rice_tungro\2026_rice_tungro_Rice Tungro_2046.jpg,0.928528,0.042401,brown_spot,False
rice_tungro,False,data\RiceCrossYear\test\rice_tungro\2026_rice_tungro_Rice Tungro_487.jpg,0.928235,0.928235,rice_tungro,True
rice_tungro,False,data\RiceCrossYear\test\rice_tungro\2026_rice_tungro_Rice Tungro_64.jpg,0.928123,0.032401,brown_spot,False
rice_tungro,False,data\RiceCrossYear\test\rice_tungro\2026_rice_tungro_Rice Tungro_1840.jpg,0.927702,0.0215,brown_spot,False
rice_tungro,False,data\RiceCrossYear\test\rice_tungro\2026_rice_tungro_Rice Tungro_167.jpg,0.927562,0.927562,rice_tungro,True
rice_tungro,False,data\RiceCrossYear\test\rice_tungro\2026_rice_tungro_Rice Tungro_929.jpg,0.927301,0.033876,brown_spot,False
rice_tungro,False,data\RiceCrossYear\test\rice_tungro\2026_rice_tungro_Rice Tungro_1728.jpg,0.926874,0.035295,brown_spot,False
rice_tungro,False,data\RiceCrossYear\test\rice_tungro\2026_rice_tungro_Rice Tungro_365.jpg,0.926733,0.038251,brown_spot,False
rice_tungro,False,data\RiceCrossYear\test\rice_tungro\2026_rice_tungro_Rice Tungro_1261.jpg,0.926071,0.031365,brown_spot,False
rice_tungro,False,data\RiceCrossYear\test\rice_tungro\2026_rice_tungro_Rice Tungro_28.jpg,0.925472,0.925472,rice_tungro,True
rice_tungro,False,data\RiceCrossYear\test\rice_tungro\2026_rice_tungro_Rice Tungro_427.jpg,0.92461,0.027934,brown_spot,False
rice_tungro,False,data\RiceCrossYear\test\rice_tungro\2026_rice_tungro_Rice Tungro_446.jpg,0.924576,0.035745,brown_spot,False
rice_tungro,False,data\RiceCrossYear\test\rice_tungro\2026_rice_tungro_Rice Tungro_71.jpg,0.923992,0.039676,brown_spot,False
rice_tungro,False,data\RiceCrossYear\test\rice_tungro\2026_rice_tungro_Rice Tungro_2175.jpg,0.923241,0.019105,brown_spot,False
rice_tungro,False,data\RiceCrossYear\test\rice_tungro\2026_rice_tungro_Rice Tungro_452.jpg,0.92323,0.92323,rice_tungro,True
rice_tungro,False,data\RiceCrossYear\test\rice_tungro\2026_rice_tungro_Rice Tungro_53.jpg,0.923225,0.923225,rice_tungro,True
rice_tungro,False,data\RiceCrossYear\test\rice_tungro\2026_rice_tungro_Rice Tungro_921.jpg,0.923189,0.050839,brown_spot,False
rice_tungro,False,data\RiceCrossYear\test\rice_tungro\2026_rice_tungro_Rice Tungro_1385.jpg,0.922928,0.023332,brown_spot,False
rice_tungro,False,data\RiceCrossYear\test\rice_tungro\2026_rice_tungro_Rice Tungro_1729.jpg,0.922534,0.035182,brown_spot,False
rice_tungro,False,data\RiceCrossYear\test\rice_tungro\2026_rice_tungro_Rice Tungro_1335.jpg,0.922274,0.041564,brown_spot,False
rice_tungro,False,data\RiceCrossYear\test\rice_tungro\2026_rice_tungro_Rice Tungro_432.jpg,0.922127,0.922127,rice_tungro,True
rice_tungro,False,data\RiceCrossYear\test\rice_tungro\2026_rice_tungro_Rice Tungro_908.jpg,0.921909,0.921909,rice_tungro,True
rice_tungro,False,data\RiceCrossYear\test\rice_tungro\2026_rice_tungro_Rice Tungro_183.jpg,0.921348,0.027045,brown_spot,False
rice_tungro,False,data\RiceCrossYear\test\rice_tungro\2026_rice_tungro_Rice Tungro_1108.jpg,0.921209,0.029874,brown_spot,False
rice_tungro,False,data\RiceCrossYear\test\rice_tungro\2026_rice_tungro_Rice Tungro_878.jpg,0.921193,0.921193,rice_tungro,True
rice_tungro,False,data\RiceCrossYear\test\rice_tungro\2026_rice_tungro_Rice Tungro_463.jpg,0.920853,0.920853,rice_tungro,True
rice_tungro,False,data\RiceCrossYear\test\rice_tungro\2026_rice_tungro_Rice Tungro_481.jpg,0.920539,0.026603,brown_spot,False
rice_tungro,False,data\RiceCrossYear\test\rice_tungro\2026_rice_tungro_Rice Tungro_837.jpg,0.920353,0.920353,rice_tungro,True
rice_tungro,False,data\RiceCrossYear\test\rice_tungro\2026_rice_tungro_Rice Tungro_853.jpg,0.920334,0.054493,brown_spot,False
rice_tungro,False,data\RiceCrossYear\test\rice_tungro\2026_rice_tungro_Rice Tungro_1910.jpg,0.92013,0.048433,brown_spot,False
rice_tungro,False,data\RiceCrossYear\test\rice_tungro\2026_rice_tungro_Rice Tungro_1075.jpg,0.919577,0.043347,brown_spot,False
rice_tungro,False,data\RiceCrossYear\test\rice_tungro\2026_rice_tungro_Rice Tungro_1425.jpg,0.919414,0.050941,brown_spot,False
rice_tungro,False,data\RiceCrossYear\test\rice_tungro\2026_rice_tungro_Rice Tungro_370.jpg,0.91886,0.042871,brown_spot,False
rice_tungro,False,data\RiceCrossYear\test\rice_tungro\2026_rice_tungro_Rice Tungro_94.jpg,0.91883,0.034598,brown_spot,False
rice_tungro,False,data\RiceCrossYear\test\rice_tungro\2026_rice_tungro_Rice Tungro_1079.jpg,0.918594,0.042587,brown_spot,False
rice_tungro,False,data\RiceCrossYear\test\rice_tungro\2026_rice_tungro_Rice Tungro_566.jpg,0.918445,0.918445,rice_tungro,True
rice_tungro,False,data\RiceCrossYear\test\rice_tungro\2026_rice_tungro_Rice Tungro_790.jpg,0.918289,0.918289,rice_tungro,True
rice_tungro,False,data\RiceCrossYear\test\rice_tungro\2026_rice_tungro_Rice Tungro_889.jpg,0.917683,0.917683,rice_tungro,True
rice_tungro,False,data\RiceCrossYear\test\rice_tungro\2026_rice_tungro_Rice Tungro_579.jpg,0.917206,0.034035,brown_spot,False
rice_tungro,False,data\RiceCrossYear\test\rice_tungro\2026_rice_tungro_Rice Tungro_482.jpg,0.916987,0.916987,rice_tungro,True
rice_tungro,False,data\RiceCrossYear\test\rice_tungro\2026_rice_tungro_Rice Tungro_1817.jpg,0.916883,0.035569,brown_spot,False
rice_tungro,False,data\RiceCrossYear\test\rice_tungro\2026_rice_tungro_Rice Tungro_884.jpg,0.916867,0.038741,brown_spot,False
rice_tungro,False,data\RiceCrossYear\test\rice_tungro\2026_rice_tungro_Rice Tungro_1913.jpg,0.916715,0.045618,brown_spot,False
rice_tungro,False,data\RiceCrossYear\test\rice_tungro\2026_rice_tungro_Rice Tungro_484.jpg,0.916582,0.034514,brown_spot,False
rice_tungro,False,data\RiceCrossYear\test\rice_tungro\2026_rice_tungro_Rice Tungro_172.jpg,0.916526,0.916526,rice_tungro,True
rice_tungro,False,data\RiceCrossYear\test\rice_tungro\2026_rice_tungro_Rice Tungro_530.jpg,0.91544,0.066965,rice_blast,False
rice_tungro,False,data\RiceCrossYear\test\rice_tungro\2026_rice_tungro_Rice Tungro_258.jpg,0.915284,0.044994,brown_spot,False
rice_tungro,False,data\RiceCrossYear\test\rice_tungro\2026_rice_tungro_Rice Tungro_630.jpg,0.915153,0.915153,rice_tungro,True
rice_tungro,False,data\RiceCrossYear\test\rice_tungro\2026_rice_tungro_Rice Tungro_46.jpg,0.915142,0.915142,rice_tungro,True
rice_tungro,False,data\RiceCrossYear\test\rice_tungro\2026_rice_tungro_Rice Tungro_442.jpg,0.915069,0.915069,rice_tungro,True
rice_tungro,False,data\RiceCrossYear\test\rice_tungro\2026_rice_tungro_Rice Tungro_814.jpg,0.915043,0.034088,brown_spot,False
rice_tungro,False,data\RiceCrossYear\test\rice_tungro\2026_rice_tungro_Rice Tungro_1938.jpg,0.914961,0.050104,rice_blast,False
rice_tungro,False,data\RiceCrossYear\test\rice_tungro\2026_rice_tungro_Rice Tungro_231.jpg,0.914715,0.914715,rice_tungro,True
rice_tungro,False,data\RiceCrossYear\test\rice_tungro\2026_rice_tungro_Rice Tungro_132.jpg,0.914301,0.914301,rice_tungro,True
rice_tungro,False,data\RiceCrossYear\test\rice_tungro\2026_rice_tungro_Rice Tungro_1638.jpg,0.914163,0.062377,brown_spot,False
rice_tungro,False,data\RiceCrossYear\test\rice_tungro\2026_rice_tungro_Rice Tungro_445.jpg,0.914078,0.031141,brown_spot,False
rice_tungro,False,data\RiceCrossYear\test\rice_tungro\2026_rice_tungro_Rice Tungro_354.jpg,0.914028,0.035337,brown_spot,False
rice_tungro,False,data\RiceCrossYear\test\rice_tungro\2026_rice_tungro_Rice Tungro_791.jpg,0.913796,0.913796,rice_tungro,True
rice_tungro,False,data\RiceCrossYear\test\rice_tungro\2026_rice_tungro_Rice Tungro_920.jpg,0.913714,0.053172,brown_spot,False
rice_tungro,False,data\RiceCrossYear\test\rice_tungro\2026_rice_tungro_Rice Tungro_81.jpg,0.913477,0.913477,rice_tungro,True
rice_tungro,False,data\RiceCrossYear\test\rice_tungro\2026_rice_tungro_Rice Tungro_199.jpg,0.91314,0.91314,rice_tungro,True
rice_tungro,False,data\RiceCrossYear\test\rice_tungro\2026_rice_tungro_Rice Tungro_1306.jpg,0.913128,0.043085,brown_spot,False
rice_tungro,False,data\RiceCrossYear\test\rice_tungro\2026_rice_tungro_Rice Tungro_576.jpg,0.91311,0.052223,brown_spot,False
rice_tungro,False,data\RiceCrossYear\test\rice_tungro\2026_rice_tungro_Rice Tungro_458.jpg,0.911982,0.034057,brown_spot,False
rice_tungro,False,data\RiceCrossYear\test\rice_tungro\2026_rice_tungro_Rice Tungro_518.jpg,0.91173,0.041391,brown_spot,False
rice_tungro,False,data\RiceCrossYear\test\rice_tungro\2026_rice_tungro_Rice Tungro_1308.jpg,0.911134,0.046529,brown_spot,False
rice_tungro,False,data\RiceCrossYear\test\rice_tungro\2026_rice_tungro_Rice Tungro_930.jpg,0.910863,0.033033,brown_spot,False
rice_tungro,False,data\RiceCrossYear\test\rice_tungro\2026_rice_tungro_Rice Tungro_1731.jpg,0.91056,0.044697,brown_spot,False
rice_tungro,False,data\RiceCrossYear\test\rice_tungro\2026_rice_tungro_Rice Tungro_308.jpg,0.910403,0.910403,rice_tungro,True
rice_tungro,False,data\RiceCrossYear\test\rice_tungro\2026_rice_tungro_Rice Tungro_1445.jpg,0.909881,0.909881,rice_tungro,True
rice_tungro,False,data\RiceCrossYear\test\rice_tungro\2026_rice_tungro_Rice Tungro_1389.jpg,0.909347,0.045473,brown_spot,False
rice_tungro,False,data\RiceCrossYear\test\rice_tungro\2026_rice_tungro_Rice Tungro_962.jpg,0.909284,0.909284,rice_tungro,True
rice_tungro,False,data\RiceCrossYear\test\rice_tungro\2026_rice_tungro_Rice Tungro_11.jpg,0.909221,0.028411,rice_blast,False
rice_tungro,False,data\RiceCrossYear\test\rice_tungro\2026_rice_tungro_Rice Tungro_412.jpg,0.909114,0.909114,rice_tungro,True
rice_tungro,False,data\RiceCrossYear\test\rice_tungro\2026_rice_tungro_Rice Tungro_396.jpg,0.90865,0.90865,rice_tungro,True
rice_tungro,False,data\RiceCrossYear\test\rice_tungro\2026_rice_tungro_Rice Tungro_740.jpg,0.908375,0.051523,brown_spot,False
rice_tungro,False,data\RiceCrossYear\test\rice_tungro\2026_rice_tungro_Rice Tungro_694.jpg,0.90808,0.90808,rice_tungro,True
rice_tungro,False,data\RiceCrossYear\test\rice_tungro\2026_rice_tungro_Rice Tungro_926.jpg,0.907903,0.040262,brown_spot,False
rice_tungro,False,data\RiceCrossYear\test\rice_tungro\2026_rice_tungro_Rice Tungro_586.jpg,0.907844,0.051631,brown_spot,False
rice_tungro,False,data\RiceCrossYear\test\rice_tungro\2026_rice_tungro_Rice Tungro_952.jpg,0.907807,0.049907,brown_spot,False
rice_tungro,False,data\RiceCrossYear\test\rice_tungro\2026_rice_tungro_Rice Tungro_1589.jpg,0.907213,0.036417,brown_spot,False
rice_tungro,False,data\RiceCrossYear\test\rice_tungro\2026_rice_tungro_Rice Tungro_2004.jpg,0.9072,0.038276,brown_spot,False
rice_tungro,False,data\RiceCrossYear\test\rice_tungro\2026_rice_tungro_Rice Tungro_1947.jpg,0.906924,0.038321,brown_spot,False
rice_tungro,False,data\RiceCrossYear\test\rice_tungro\2026_rice_tungro_Rice Tungro_447.jpg,0.906888,0.036529,brown_spot,False
rice_tungro,False,data\RiceCrossYear\test\rice_tungro\2026_rice_tungro_Rice Tungro_309.jpg,0.906886,0.906886,rice_tungro,True
rice_tungro,False,data\RiceCrossYear\test\rice_tungro\2026_rice_tungro_Rice Tungro_338.jpg,0.906648,0.031145,brown_spot,False
rice_tungro,False,data\RiceCrossYear\test\rice_tungro\2026_rice_tungro_Rice Tungro_1645.jpg,0.906583,0.066593,brown_spot,False
rice_tungro,False,data\RiceCrossYear\test\rice_tungro\2026_rice_tungro_Rice Tungro_528.jpg,0.906221,0.02985,brown_spot,False
rice_tungro,False,data\RiceCrossYear\test\rice_tungro\2026_rice_tungro_Rice Tungro_1158.jpg,0.905813,0.054186,brown_spot,False
rice_tungro,False,data\RiceCrossYear\test\rice_tungro\2026_rice_tungro_Rice Tungro_433.jpg,0.905607,0.064893,brown_spot,False
rice_tungro,False,data\RiceCrossYear\test\rice_tungro\2026_rice_tungro_Rice Tungro_2031.jpg,0.904309,0.061784,brown_spot,False
rice_tungro,False,data\RiceCrossYear\test\rice_tungro\2026_rice_tungro_Rice Tungro_1137.jpg,0.903763,0.036085,brown_spot,False
rice_tungro,False,data\RiceCrossYear\test\rice_tungro\2026_rice_tungro_Rice Tungro_1109.jpg,0.903242,0.037118,brown_spot,False
rice_tungro,False,data\RiceCrossYear\test\rice_tungro\2026_rice_tungro_Rice Tungro_1227.jpg,0.903155,0.051604,brown_spot,False
rice_tungro,False,data\RiceCrossYear\test\rice_tungro\2026_rice_tungro_Rice Tungro_1837.jpg,0.902738,0.051492,brown_spot,False
rice_tungro,False,data\RiceCrossYear\test\rice_tungro\2026_rice_tungro_Rice Tungro_1394.jpg,0.902627,0.045893,brown_spot,False
rice_tungro,False,data\RiceCrossYear\test\rice_tungro\2026_rice_tungro_Rice Tungro_184.jpg,0.902389,0.05884,brown_spot,False
rice_tungro,False,data\RiceCrossYear\test\rice_tungro\2026_rice_tungro_Rice Tungro_2044.jpg,0.90164,0.048823,brown_spot,False
rice_tungro,False,data\RiceCrossYear\test\rice_tungro\2026_rice_tungro_Rice Tungro_1953.jpg,0.901595,0.023793,brown_spot,False
rice_tungro,False,data\RiceCrossYear\test\rice_tungro\2026_rice_tungro_Rice Tungro_1956.jpg,0.900507,0.024092,brown_spot,False
rice_tungro,False,data\RiceCrossYear\test\rice_tungro\2026_rice_tungro_Rice Tungro_1231.jpg,0.899981,0.039465,brown_spot,False
rice_tungro,False,data\RiceCrossYear\test\rice_tungro\2026_rice_tungro_Rice Tungro_1852.jpg,0.899818,0.04546,brown_spot,False
rice_tungro,False,data\RiceCrossYear\test\rice_tungro\2026_rice_tungro_Rice Tungro_2234.jpg,0.899723,0.051988,brown_spot,False
rice_tungro,False,data\RiceCrossYear\test\rice_tungro\2026_rice_tungro_Rice Tungro_1828.jpg,0.899643,0.068156,brown_spot,False
rice_tungro,False,data\RiceCrossYear\test\rice_tungro\2026_rice_tungro_Rice Tungro_1854.jpg,0.899563,0.040186,brown_spot,False
rice_tungro,False,data\RiceCrossYear\test\rice_tungro\2026_rice_tungro_Rice Tungro_582.jpg,0.899545,0.042444,brown_spot,False
rice_tungro,False,data\RiceCrossYear\test\rice_tungro\2026_rice_tungro_Rice Tungro_342.jpg,0.899526,0.06564,brown_spot,False
rice_tungro,False,data\RiceCrossYear\test\rice_tungro\2026_rice_tungro_Rice Tungro_121.jpg,0.898615,0.898615,rice_tungro,True
rice_tungro,False,data\RiceCrossYear\test\rice_tungro\2026_rice_tungro_Rice Tungro_927.jpg,0.898515,0.037505,brown_spot,False
rice_tungro,False,data\RiceCrossYear\test\rice_tungro\2026_rice_tungro_Rice Tungro_2042.jpg,0.898248,0.042383,brown_spot,False
rice_tungro,False,data\RiceCrossYear\test\rice_tungro\2026_rice_tungro_Rice Tungro_347.jpg,0.897784,0.030571,brown_spot,False
rice_tungro,False,data\RiceCrossYear\test\rice_tungro\2026_rice_tungro_Rice Tungro_1400.jpg,0.897703,0.052304,brown_spot,False
rice_tungro,False,data\RiceCrossYear\test\rice_tungro\2026_rice_tungro_Rice Tungro_1811.jpg,0.897434,0.037515,brown_spot,False
rice_tungro,False,data\RiceCrossYear\test\rice_tungro\2026_rice_tungro_Rice Tungro_851.jpg,0.897138,0.068124,brown_spot,False
rice_tungro,False,data\RiceCrossYear\test\rice_tungro\2026_rice_tungro_Rice Tungro_326.jpg,0.896932,0.054129,brown_spot,False
rice_tungro,False,data\RiceCrossYear\test\rice_tungro\2026_rice_tungro_Rice Tungro_976.jpg,0.896538,0.896538,rice_tungro,True
rice_tungro,False,data\RiceCrossYear\test\rice_tungro\2026_rice_tungro_Rice Tungro_520.jpg,0.896362,0.065818,brown_spot,False
rice_tungro,False,data\RiceCrossYear\test\rice_tungro\2026_rice_tungro_Rice Tungro_569.jpg,0.896192,0.039511,brown_spot,False
rice_tungro,False,data\RiceCrossYear\test\rice_tungro\2026_rice_tungro_Rice Tungro_2196.jpg,0.896022,0.896022,rice_tungro,True
rice_tungro,False,data\RiceCrossYear\test\rice_tungro\2026_rice_tungro_Rice Tungro_2049.jpg,0.895742,0.048197,brown_spot,False
rice_tungro,False,data\RiceCrossYear\test\rice_tungro\2026_rice_tungro_Rice Tungro_749.jpg,0.895702,0.054532,brown_spot,False
rice_tungro,False,data\RiceCrossYear\test\rice_tungro\2026_rice_tungro_Rice Tungro_1381.jpg,0.895582,0.039196,brown_spot,False
rice_tungro,False,data\RiceCrossYear\test\rice_tungro\2026_rice_tungro_Rice Tungro_559.jpg,0.895556,0.046386,brown_spot,False
rice_tungro,False,data\RiceCrossYear\test\rice_tungro\2026_rice_tungro_Rice Tungro_1099.jpg,0.895451,0.035198,brown_spot,False
rice_tungro,False,data\RiceCrossYear\test\rice_tungro\2026_rice_tungro_Rice Tungro_550.jpg,0.895407,0.895407,rice_tungro,True
rice_tungro,False,data\RiceCrossYear\test\rice_tungro\2026_rice_tungro_Rice Tungro_2086.jpg,0.895387,0.04865,brown_spot,False
rice_tungro,False,data\RiceCrossYear\test\rice_tungro\2026_rice_tungro_Rice Tungro_581.jpg,0.893856,0.043791,brown_spot,False
rice_tungro,False,data\RiceCrossYear\test\rice_tungro\2026_rice_tungro_Rice Tungro_578.jpg,0.893824,0.043449,brown_spot,False
rice_tungro,False,data\RiceCrossYear\test\rice_tungro\2026_rice_tungro_Rice Tungro_474.jpg,0.893543,0.893543,rice_tungro,True
rice_tungro,False,data\RiceCrossYear\test\rice_tungro\2026_rice_tungro_Rice Tungro_125.jpg,0.892199,0.023294,brown_spot,False
rice_tungro,False,data\RiceCrossYear\test\rice_tungro\2026_rice_tungro_Rice Tungro_382.jpg,0.892112,0.892112,rice_tungro,True
rice_tungro,False,data\RiceCrossYear\test\rice_tungro\2026_rice_tungro_Rice Tungro_1392.jpg,0.891711,0.048027,brown_spot,False
rice_tungro,False,data\RiceCrossYear\test\rice_tungro\2026_rice_tungro_Rice Tungro_453.jpg,0.891469,0.891469,rice_tungro,True
rice_tungro,False,data\RiceCrossYear\test\rice_tungro\2026_rice_tungro_Rice Tungro_1375.jpg,0.890979,0.041631,brown_spot,False
rice_tungro,False,data\RiceCrossYear\test\rice_tungro\2026_rice_tungro_Rice Tungro_864.jpg,0.890817,0.890817,rice_tungro,True
rice_tungro,False,data\RiceCrossYear\test\rice_tungro\2026_rice_tungro_Rice Tungro_1672.jpg,0.890684,0.051971,brown_spot,False
rice_tungro,False,data\RiceCrossYear\test\rice_tungro\2026_rice_tungro_Rice Tungro_1174.jpg,0.890664,0.059337,brown_spot,False
rice_tungro,False,data\RiceCrossYear\test\rice_tungro\2026_rice_tungro_Rice Tungro_1930.jpg,0.89055,0.051257,rice_blast,False
rice_tungro,False,data\RiceCrossYear\test\rice_tungro\2026_rice_tungro_Rice Tungro_1399.jpg,0.890527,0.057939,brown_spot,False
rice_tungro,False,data\RiceCrossYear\test\rice_tungro\2026_rice_tungro_Rice Tungro_1305.jpg,0.890464,0.063242,brown_spot,False
rice_tungro,False,data\RiceCrossYear\test\rice_tungro\2026_rice_tungro_Rice Tungro_779.jpg,0.889866,0.091551,brown_spot,False
rice_tungro,False,data\RiceCrossYear\test\rice_tungro\2026_rice_tungro_Rice Tungro_1737.jpg,0.889814,0.889814,rice_tungro,True
rice_tungro,False,data\RiceCrossYear\test\rice_tungro\2026_rice_tungro_Rice Tungro_1107.jpg,0.889684,0.047313,brown_spot,False
rice_tungro,False,data\RiceCrossYear\test\rice_tungro\2026_rice_tungro_Rice Tungro_47.jpg,0.889488,0.06513,brown_spot,False
rice_tungro,False,data\RiceCrossYear\test\rice_tungro\2026_rice_tungro_Rice Tungro_1683.jpg,0.889455,0.04675,brown_spot,False
rice_tungro,False,data\RiceCrossYear\test\rice_tungro\2026_rice_tungro_Rice Tungro_731.jpg,0.889282,0.889282,rice_tungro,True
rice_tungro,False,data\RiceCrossYear\test\rice_tungro\2026_rice_tungro_Rice Tungro_2005.jpg,0.889175,0.054612,brown_spot,False
rice_tungro,False,data\RiceCrossYear\test\rice_tungro\2026_rice_tungro_Rice Tungro_1955.jpg,0.889041,0.023234,brown_spot,False
rice_tungro,False,data\RiceCrossYear\test\rice_tungro\2026_rice_tungro_Rice Tungro_95.jpg,0.888969,0.888969,rice_tungro,True
rice_tungro,False,data\RiceCrossYear\test\rice_tungro\2026_rice_tungro_Rice Tungro_1204.jpg,0.888757,0.034765,brown_spot,False
rice_tungro,False,data\RiceCrossYear\test\rice_tungro\2026_rice_tungro_Rice Tungro_2033.jpg,0.888561,0.055596,brown_spot,False
rice_tungro,False,data\RiceCrossYear\test\rice_tungro\2026_rice_tungro_Rice Tungro_1846.jpg,0.888019,0.034365,brown_spot,False
rice_tungro,False,data\RiceCrossYear\test\rice_tungro\2026_rice_tungro_Rice Tungro_1393.jpg,0.887503,0.045367,brown_spot,False
rice_tungro,False,data\RiceCrossYear\test\rice_tungro\2026_rice_tungro_Rice Tungro_253.jpg,0.886688,0.068334,brown_spot,False
rice_tungro,False,data\RiceCrossYear\test\rice_tungro\2026_rice_tungro_Rice Tungro_140.jpg,0.886165,0.886165,rice_tungro,True
rice_tungro,False,data\RiceCrossYear\test\rice_tungro\2026_rice_tungro_Rice Tungro_718.jpg,0.885796,0.885796,rice_tungro,True
rice_tungro,False,data\RiceCrossYear\test\rice_tungro\2026_rice_tungro_Rice Tungro_1957.jpg,0.885674,0.026589,brown_spot,False
rice_tungro,False,data\RiceCrossYear\test\rice_tungro\2026_rice_tungro_Rice Tungro_635.jpg,0.885639,0.066711,brown_spot,False
rice_tungro,False,data\RiceCrossYear\test\rice_tungro\2026_rice_tungro_Rice Tungro_580.jpg,0.885383,0.045769,brown_spot,False
rice_tungro,False,data\RiceCrossYear\test\rice_tungro\2026_rice_tungro_Rice Tungro_1225.jpg,0.883396,0.051244,brown_spot,False
rice_tungro,False,data\RiceCrossYear\test\rice_tungro\2026_rice_tungro_Rice Tungro_265.jpg,0.88326,0.88326,rice_tungro,True
rice_tungro,False,data\RiceCrossYear\test\rice_tungro\2026_rice_tungro_Rice Tungro_1725.jpg,0.882714,0.052215,brown_spot,False
rice_tungro,False,data\RiceCrossYear\test\rice_tungro\2026_rice_tungro_Rice Tungro_841.jpg,0.88268,0.054906,brown_spot,False
rice_tungro,False,data\RiceCrossYear\test\rice_tungro\2026_rice_tungro_Rice Tungro_2051.jpg,0.882008,0.039478,brown_spot,False
rice_tungro,False,data\RiceCrossYear\test\rice_tungro\2026_rice_tungro_Rice Tungro_657.jpg,0.881927,0.881927,rice_tungro,True
rice_tungro,False,data\RiceCrossYear\test\rice_tungro\2026_rice_tungro_Rice Tungro_1924.jpg,0.881673,0.070592,brown_spot,False
rice_tungro,False,data\RiceCrossYear\test\rice_tungro\2026_rice_tungro_Rice Tungro_502.jpg,0.881638,0.881638,rice_tungro,True
rice_tungro,False,data\RiceCrossYear\test\rice_tungro\2026_rice_tungro_Rice Tungro_613.jpg,0.881626,0.060555,brown_spot,False
rice_tungro,False,data\RiceCrossYear\test\rice_tungro\2026_rice_tungro_Rice Tungro_1391.jpg,0.881274,0.056641,brown_spot,False
rice_tungro,False,data\RiceCrossYear\test\rice_tungro\2026_rice_tungro_Rice Tungro_1253.jpg,0.881094,0.881094,rice_tungro,True
rice_tungro,False,data\RiceCrossYear\test\rice_tungro\2026_rice_tungro_Rice Tungro_1219.jpg,0.880708,0.036493,brown_spot,False
rice_tungro,False,data\RiceCrossYear\test\rice_tungro\2026_rice_tungro_Rice Tungro_1429.jpg,0.880661,0.08148,brown_spot,False
rice_tungro,False,data\RiceCrossYear\test\rice_tungro\2026_rice_tungro_Rice Tungro_89.jpg,0.880626,0.059388,brown_spot,False
rice_tungro,False,data\RiceCrossYear\test\rice_tungro\2026_rice_tungro_Rice Tungro_431.jpg,0.880146,0.880146,rice_tungro,True
rice_tungro,False,data\RiceCrossYear\test\rice_tungro\2026_rice_tungro_Rice Tungro_995.jpg,0.879658,0.086381,healthy,False
rice_tungro,False,data\RiceCrossYear\test\rice_tungro\2026_rice_tungro_Rice Tungro_994.jpg,0.879543,0.071846,healthy,False
rice_tungro,False,data\RiceCrossYear\test\rice_tungro\2026_rice_tungro_Rice Tungro_2237.jpg,0.879289,0.070677,brown_spot,False
rice_tungro,False,data\RiceCrossYear\test\rice_tungro\2026_rice_tungro_Rice Tungro_901.jpg,0.878985,0.0448,brown_spot,False
rice_tungro,False,data\RiceCrossYear\test\rice_tungro\2026_rice_tungro_Rice Tungro_1843.jpg,0.878883,0.027276,brown_spot,False
rice_tungro,False,data\RiceCrossYear\test\rice_tungro\2026_rice_tungro_Rice Tungro_126.jpg,0.878811,0.044813,brown_spot,False
rice_tungro,False,data\RiceCrossYear\test\rice_tungro\2026_rice_tungro_Rice Tungro_1493.jpg,0.878805,0.059818,brown_spot,False
rice_tungro,False,data\RiceCrossYear\test\rice_tungro\2026_rice_tungro_Rice Tungro_590.jpg,0.87865,0.06038,brown_spot,False
rice_tungro,False,data\RiceCrossYear\test\rice_tungro\2026_rice_tungro_Rice Tungro_1878.jpg,0.877447,0.074876,brown_spot,False
rice_tungro,False,data\RiceCrossYear\test\rice_tungro\2026_rice_tungro_Rice Tungro_2204.jpg,0.877418,0.877418,rice_tungro,True
rice_tungro,False,data\RiceCrossYear\test\rice_tungro\2026_rice_tungro_Rice Tungro_1469.jpg,0.877349,0.062113,brown_spot,False
rice_tungro,False,data\RiceCrossYear\test\rice_tungro\2026_rice_tungro_Rice Tungro_612.jpg,0.87733,0.036176,brown_spot,False
rice_tungro,False,data\RiceCrossYear\test\rice_tungro\2026_rice_tungro_Rice Tungro_1587.jpg,0.877223,0.026207,brown_spot,False
rice_tungro,False,data\RiceCrossYear\test\rice_tungro\2026_rice_tungro_Rice Tungro_1616.jpg,0.877198,0.022547,brown_spot,False
rice_tungro,False,data\RiceCrossYear\test\rice_tungro\2026_rice_tungro_Rice Tungro_1647.jpg,0.87671,0.090027,brown_spot,False
rice_tungro,False,data\RiceCrossYear\test\rice_tungro\2026_rice_tungro_Rice Tungro_1371.jpg,0.876695,0.041812,brown_spot,False
rice_tungro,False,data\RiceCrossYear\test\rice_tungro\2026_rice_tungro_Rice Tungro_494.jpg,0.876523,0.05092,brown_spot,False
rice_tungro,False,data\RiceCrossYear\test\rice_tungro\2026_rice_tungro_Rice Tungro_900.jpg,0.876378,0.876378,rice_tungro,True
rice_tungro,False,data\RiceCrossYear\test\rice_tungro\2026_rice_tungro_Rice Tungro_135.jpg,0.87621,0.87621,rice_tungro,True
rice_tungro,False,data\RiceCrossYear\test\rice_tungro\2026_rice_tungro_Rice Tungro_2006.jpg,0.876167,0.077613,brown_spot,False
rice_tungro,False,data\RiceCrossYear\test\rice_tungro\2026_rice_tungro_Rice Tungro_289.jpg,0.87593,0.1011,brown_spot,False
rice_tungro,False,data\RiceCrossYear\test\rice_tungro\2026_rice_tungro_Rice Tungro_1592.jpg,0.875926,0.076762,brown_spot,False
rice_tungro,False,data\RiceCrossYear\test\rice_tungro\2026_rice_tungro_Rice Tungro_2108.jpg,0.875306,0.031697,brown_spot,False
rice_tungro,False,data\RiceCrossYear\test\rice_tungro\2026_rice_tungro_Rice Tungro_1646.jpg,0.875265,0.084315,brown_spot,False
rice_tungro,False,data\RiceCrossYear\test\rice_tungro\2026_rice_tungro_Rice Tungro_362.jpg,0.875105,0.875105,rice_tungro,True
rice_tungro,False,data\RiceCrossYear\test\rice_tungro\2026_rice_tungro_Rice Tungro_1372.jpg,0.875083,0.04631,brown_spot,False
rice_tungro,False,data\RiceCrossYear\test\rice_tungro\2026_rice_tungro_Rice Tungro_794.jpg,0.874806,0.874806,rice_tungro,True
rice_tungro,False,data\RiceCrossYear\test\rice_tungro\2026_rice_tungro_Rice Tungro_128.jpg,0.87466,0.87466,rice_tungro,True
rice_tungro,False,data\RiceCrossYear\test\rice_tungro\2026_rice_tungro_Rice Tungro_1205.jpg,0.874635,0.044774,brown_spot,False
rice_tungro,False,data\RiceCrossYear\test\rice_tungro\2026_rice_tungro_Rice Tungro_1631.jpg,0.874553,0.065876,brown_spot,False
rice_tungro,False,data\RiceCrossYear\test\rice_tungro\2026_rice_tungro_Rice Tungro_1442.jpg,0.874477,0.874477,rice_tungro,True
rice_tungro,False,data\RiceCrossYear\test\rice_tungro\2026_rice_tungro_Rice Tungro_1570.jpg,0.87357,0.031789,brown_spot,False
rice_tungro,False,data\RiceCrossYear\test\rice_tungro\2026_rice_tungro_Rice Tungro_2036.jpg,0.873095,0.069922,brown_spot,False
rice_tungro,False,data\RiceCrossYear\test\rice_tungro\2026_rice_tungro_Rice Tungro_219.jpg,0.872918,0.872918,rice_tungro,True
rice_tungro,False,data\RiceCrossYear\test\rice_tungro\2026_rice_tungro_Rice Tungro_456.jpg,0.872768,0.872768,rice_tungro,True
rice_tungro,False,data\RiceCrossYear\test\rice_tungro\2026_rice_tungro_Rice Tungro_1304.jpg,0.872736,0.062729,brown_spot,False
rice_tungro,False,data\RiceCrossYear\test\rice_tungro\2026_rice_tungro_Rice Tungro_1673.jpg,0.8725,0.06423,brown_spot,False
rice_tungro,False,data\RiceCrossYear\test\rice_tungro\2026_rice_tungro_Rice Tungro_343.jpg,0.872192,0.085613,brown_spot,False
rice_tungro,False,data\RiceCrossYear\test\rice_tungro\2026_rice_tungro_Rice Tungro_117.jpg,0.87192,0.87192,rice_tungro,True
rice_tungro,False,data\RiceCrossYear\test\rice_tungro\2026_rice_tungro_Rice Tungro_496.jpg,0.871801,0.077879,brown_spot,False
rice_tungro,False,data\RiceCrossYear\test\rice_tungro\2026_rice_tungro_Rice Tungro_483.jpg,0.871798,0.871798,rice_tungro,True
rice_tungro,False,data\RiceCrossYear\test\rice_tungro\2026_rice_tungro_Rice Tungro_1722.jpg,0.871798,0.046181,brown_spot,False
rice_tungro,False,data\RiceCrossYear\test\rice_tungro\2026_rice_tungro_Rice Tungro_526.jpg,0.871206,0.050587,brown_spot,False
rice_tungro,False,data\RiceCrossYear\test\rice_tungro\2026_rice_tungro_Rice Tungro_2201.jpg,0.87096,0.87096,rice_tungro,True
rice_tungro,False,data\RiceCrossYear\test\rice_tungro\2026_rice_tungro_Rice Tungro_1464.jpg,0.870803,0.049344,brown_spot,False
rice_tungro,False,data\RiceCrossYear\test\rice_tungro\2026_rice_tungro_Rice Tungro_1941.jpg,0.870793,0.048318,brown_spot,False
rice_tungro,False,data\RiceCrossYear\test\rice_tungro\2026_rice_tungro_Rice Tungro_2118.jpg,0.870489,0.055054,brown_spot,False
rice_tungro,False,data\RiceCrossYear\test\rice_tungro\2026_rice_tungro_Rice Tungro_544.jpg,0.870438,0.870438,rice_tungro,True
rice_tungro,False,data\RiceCrossYear\test\rice_tungro\2026_rice_tungro_Rice Tungro_244.jpg,0.870186,0.095292,brown_spot,False
rice_tungro,False,data\RiceCrossYear\test\rice_tungro\2026_rice_tungro_Rice Tungro_1614.jpg,0.869948,0.027639,brown_spot,False
rice_tungro,False,data\RiceCrossYear\test\rice_tungro\2026_rice_tungro_Rice Tungro_1373.jpg,0.869752,0.040087,brown_spot,False
rice_tungro,False,data\RiceCrossYear\test\rice_tungro\2026_rice_tungro_Rice Tungro_950.jpg,0.869514,0.065273,brown_spot,False
rice_tungro,False,data\RiceCrossYear\test\rice_tungro\2026_rice_tungro_Rice Tungro_1444.jpg,0.869431,0.869431,rice_tungro,True
rice_tungro,False,data\RiceCrossYear\test\rice_tungro\2026_rice_tungro_Rice Tungro_866.jpg,0.868793,0.095642,brown_spot,False
rice_tungro,False,data\RiceCrossYear\test\rice_tungro\2026_rice_tungro_Rice Tungro_684.jpg,0.868467,0.074837,brown_spot,False
rice_tungro,False,data\RiceCrossYear\test\rice_tungro\2026_rice_tungro_Rice Tungro_278.jpg,0.868252,0.070699,brown_spot,False
rice_tungro,False,data\RiceCrossYear\test\rice_tungro\2026_rice_tungro_Rice Tungro_389.jpg,0.868135,0.084521,brown_spot,False
rice_tungro,False,data\RiceCrossYear\test\rice_tungro\2026_rice_tungro_Rice Tungro_527.jpg,0.868109,0.070205,brown_spot,False
rice_tungro,False,data\RiceCrossYear\test\rice_tungro\2026_rice_tungro_Rice Tungro_693.jpg,0.867766,0.867766,rice_tungro,True
rice_tungro,False,data\RiceCrossYear\test\rice_tungro\2026_rice_tungro_Rice Tungro_2080.jpg,0.867396,0.06099,brown_spot,False
rice_tungro,False,data\RiceCrossYear\test\rice_tungro\2026_rice_tungro_Rice Tungro_1980.jpg,0.867374,0.060632,brown_spot,False
rice_tungro,False,data\RiceCrossYear\test\rice_tungro\2026_rice_tungro_Rice Tungro_2055.jpg,0.866965,0.059402,brown_spot,False
rice_tungro,False,data\RiceCrossYear\test\rice_tungro\2026_rice_tungro_Rice Tungro_394.jpg,0.866708,0.866708,rice_tungro,True
rice_tungro,False,data\RiceCrossYear\test\rice_tungro\2026_rice_tungro_Rice Tungro_797.jpg,0.866594,0.866594,rice_tungro,True
rice_tungro,False,data\RiceCrossYear\test\rice_tungro\2026_rice_tungro_Rice Tungro_1220.jpg,0.866541,0.060191,brown_spot,False
rice_tungro,False,data\RiceCrossYear\test\rice_tungro\2026_rice_tungro_Rice Tungro_316.jpg,0.866191,0.080195,brown_spot,False
rice_tungro,False,data\RiceCrossYear\test\rice_tungro\2026_rice_tungro_Rice Tungro_1206.jpg,0.866068,0.036595,brown_spot,False
rice_tungro,False,data\RiceCrossYear\test\rice_tungro\2026_rice_tungro_Rice Tungro_169.jpg,0.866033,0.059862,brown_spot,False
rice_tungro,False,data\RiceCrossYear\test\rice_tungro\2026_rice_tungro_Rice Tungro_593.jpg,0.865298,0.073193,brown_spot,False
rice_tungro,False,data\RiceCrossYear\test\rice_tungro\2026_rice_tungro_Rice Tungro_405.jpg,0.864674,0.082889,brown_spot,False
rice_tungro,False,data\RiceCrossYear\test\rice_tungro\2026_rice_tungro_Rice Tungro_161.jpg,0.864627,0.864627,rice_tungro,True
rice_tungro,False,data\RiceCrossYear\test\rice_tungro\2026_rice_tungro_Rice Tungro_1551.jpg,0.864516,0.076711,brown_spot,False
rice_tungro,False,data\RiceCrossYear\test\rice_tungro\2026_rice_tungro_Rice Tungro_497.jpg,0.864112,0.864112,rice_tungro,True
rice_tungro,False,data\RiceCrossYear\test\rice_tungro\2026_rice_tungro_Rice Tungro_475.jpg,0.864088,0.06098,brown_spot,False
rice_tungro,False,data\RiceCrossYear\test\rice_tungro\2026_rice_tungro_Rice Tungro_972.jpg,0.86326,0.073012,healthy,False
rice_tungro,False,data\RiceCrossYear\test\rice_tungro\2026_rice_tungro_Rice Tungro_1152.jpg,0.863081,0.045121,brown_spot,False
rice_tungro,False,data\RiceCrossYear\test\rice_tungro\2026_rice_tungro_Rice Tungro_1940.jpg,0.862348,0.037229,brown_spot,False
rice_tungro,False,data\RiceCrossYear\test\rice_tungro\2026_rice_tungro_Rice Tungro_1491.jpg,0.86198,0.059874,brown_spot,False
rice_tungro,False,data\RiceCrossYear\test\rice_tungro\2026_rice_tungro_Rice Tungro_476.jpg,0.861426,0.059602,brown_spot,False
rice_tungro,False,data\RiceCrossYear\test\rice_tungro\2026_rice_tungro_Rice Tungro_1684.jpg,0.86089,0.05474,brown_spot,False
rice_tungro,False,data\RiceCrossYear\test\rice_tungro\2026_rice_tungro_Rice Tungro_1911.jpg,0.860834,0.074379,brown_spot,False
rice_tungro,False,data\RiceCrossYear\test\rice_tungro\2026_rice_tungro_Rice Tungro_1218.jpg,0.860832,0.039329,brown_spot,False
rice_tungro,False,data\RiceCrossYear\test\rice_tungro\2026_rice_tungro_Rice Tungro_1095.jpg,0.859996,0.04154,rice_blast,False
rice_tungro,False,data\RiceCrossYear\test\rice_tungro\2026_rice_tungro_Rice Tungro_1368.jpg,0.859616,0.054686,brown_spot,False
rice_tungro,False,data\RiceCrossYear\test\rice_tungro\2026_rice_tungro_Rice Tungro_2120.jpg,0.859557,0.075512,brown_spot,False
rice_tungro,False,data\RiceCrossYear\test\rice_tungro\2026_rice_tungro_Rice Tungro_788.jpg,0.858586,0.858586,rice_tungro,True
rice_tungro,False,data\RiceCrossYear\test\rice_tungro\2026_rice_tungro_Rice Tungro_1623.jpg,0.858253,0.042939,brown_spot,False
rice_tungro,False,data\RiceCrossYear\test\rice_tungro\2026_rice_tungro_Rice Tungro_1080.jpg,0.858049,0.095498,brown_spot,False
rice_tungro,False,data\RiceCrossYear\test\rice_tungro\2026_rice_tungro_Rice Tungro_7.jpg,0.85798,0.85798,rice_tungro,True
rice_tungro,False,data\RiceCrossYear\test\rice_tungro\2026_rice_tungro_Rice Tungro_1637.jpg,0.857783,0.089564,brown_spot,False
rice_tungro,False,data\RiceCrossYear\test\rice_tungro\2026_rice_tungro_Rice Tungro_947.jpg,0.857577,0.857577,rice_tungro,True
rice_tungro,False,data\RiceCrossYear\test\rice_tungro\2026_rice_tungro_Rice Tungro_1208.jpg,0.857423,0.04522,brown_spot,False
rice_tungro,False,data\RiceCrossYear\test\rice_tungro\2026_rice_tungro_Rice Tungro_454.jpg,0.857235,0.857235,rice_tungro,True
rice_tungro,False,data\RiceCrossYear\test\rice_tungro\2026_rice_tungro_Rice Tungro_970.jpg,0.856451,0.856451,rice_tungro,True
rice_tungro,False,data\RiceCrossYear\test\rice_tungro\2026_rice_tungro_Rice Tungro_787.jpg,0.856222,0.856222,rice_tungro,True
rice_tungro,False,data\RiceCrossYear\test\rice_tungro\2026_rice_tungro_Rice Tungro_15.jpg,0.855784,0.855784,rice_tungro,True
rice_tungro,False,data\RiceCrossYear\test\rice_tungro\2026_rice_tungro_Rice Tungro_2197.jpg,0.855758,0.855758,rice_tungro,True
rice_tungro,False,data\RiceCrossYear\test\rice_tungro\2026_rice_tungro_Rice Tungro_1977.jpg,0.855444,0.048544,brown_spot,False
rice_tungro,False,data\RiceCrossYear\test\rice_tungro\2026_rice_tungro_Rice Tungro_997.jpg,0.854937,0.118346,rice_blast,False
rice_tungro,False,data\RiceCrossYear\test\rice_tungro\2026_rice_tungro_Rice Tungro_1754.jpg,0.85397,0.073552,brown_spot,False
rice_tungro,False,data\RiceCrossYear\test\rice_tungro\2026_rice_tungro_Rice Tungro_556.jpg,0.853712,0.042691,brown_spot,False
rice_tungro,False,data\RiceCrossYear\test\rice_tungro\2026_rice_tungro_Rice Tungro_148.jpg,0.85354,0.072216,brown_spot,False
rice_tungro,False,data\RiceCrossYear\test\rice_tungro\2026_rice_tungro_Rice Tungro_1456.jpg,0.852926,0.852926,rice_tungro,True
rice_tungro,False,data\RiceCrossYear\test\rice_tungro\2026_rice_tungro_Rice Tungro_2202.jpg,0.852818,0.852818,rice_tungro,True
rice_tungro,False,data\RiceCrossYear\test\rice_tungro\2026_rice_tungro_Rice Tungro_969.jpg,0.852755,0.852755,rice_tungro,True
rice_tungro,False,data\RiceCrossYear\test\rice_tungro\2026_rice_tungro_Rice Tungro_817.jpg,0.852589,0.107315,brown_spot,False
rice_tungro,False,data\RiceCrossYear\test\rice_tungro\2026_rice_tungro_Rice Tungro_1492.jpg,0.85182,0.064101,brown_spot,False
rice_tungro,False,data\RiceCrossYear\test\rice_tungro\2026_rice_tungro_Rice Tungro_1675.jpg,0.851763,0.048977,brown_spot,False
rice_tungro,False,data\RiceCrossYear\test\rice_tungro\2026_rice_tungro_Rice Tungro_1058.jpg,0.851664,0.851664,rice_tungro,True
rice_tungro,False,data\RiceCrossYear\test\rice_tungro\2026_rice_tungro_Rice Tungro_180.jpg,0.851542,0.851542,rice_tungro,True
rice_tungro,False,data\RiceCrossYear\test\rice_tungro\2026_rice_tungro_Rice Tungro_127.jpg,0.850205,0.078754,brown_spot,False
rice_tungro,False,data\RiceCrossYear\test\rice_tungro\2026_rice_tungro_Rice Tungro_1378.jpg,0.850083,0.058731,brown_spot,False
rice_tungro,False,data\RiceCrossYear\test\rice_tungro\2026_rice_tungro_Rice Tungro_1841.jpg,0.849962,0.044154,brown_spot,False
rice_tungro,False,data\RiceCrossYear\test\rice_tungro\2026_rice_tungro_Rice Tungro_12.jpg,0.849934,0.849934,rice_tungro,True
rice_tungro,False,data\RiceCrossYear\test\rice_tungro\2026_rice_tungro_Rice Tungro_208.jpg,0.849469,0.849469,rice_tungro,True
rice_tungro,False,data\RiceCrossYear\test\rice_tungro\2026_rice_tungro_Rice Tungro_355.jpg,0.849259,0.05836,brown_spot,False
rice_tungro,False,data\RiceCrossYear\test\rice_tungro\2026_rice_tungro_Rice Tungro_1694.jpg,0.849251,0.0617,brown_spot,False
rice_tungro,False,data\RiceCrossYear\test\rice_tungro\2026_rice_tungro_Rice Tungro_642.jpg,0.84881,0.108297,brown_spot,False
rice_tungro,False,data\RiceCrossYear\test\rice_tungro\2026_rice_tungro_Rice Tungro_1377.jpg,0.848111,0.072003,brown_spot,False
rice_tungro,False,data\RiceCrossYear\test\rice_tungro\2026_rice_tungro_Rice Tungro_2010.jpg,0.846979,0.079516,brown_spot,False
rice_tungro,False,data\RiceCrossYear\test\rice_tungro\2026_rice_tungro_Rice Tungro_1547.jpg,0.846698,0.086834,brown_spot,False
rice_tungro,False,data\RiceCrossYear\test\rice_tungro\2026_rice_tungro_Rice Tungro_119.jpg,0.846555,0.079826,brown_spot,False
rice_tungro,False,data\RiceCrossYear\test\rice_tungro\2026_rice_tungro_Rice Tungro_1083.jpg,0.846411,0.097027,brown_spot,False
rice_tungro,False,data\RiceCrossYear\test\rice_tungro\2026_rice_tungro_Rice Tungro_993.jpg,0.846097,0.099942,healthy,False
rice_tungro,False,data\RiceCrossYear\test\rice_tungro\2026_rice_tungro_Rice Tungro_885.jpg,0.845852,0.060176,brown_spot,False
rice_tungro,False,data\RiceCrossYear\test\rice_tungro\2026_rice_tungro_Rice Tungro_911.jpg,0.845791,0.845791,rice_tungro,True
rice_tungro,False,data\RiceCrossYear\test\rice_tungro\2026_rice_tungro_Rice Tungro_845.jpg,0.844673,0.844673,rice_tungro,True
rice_tungro,False,data\RiceCrossYear\test\rice_tungro\2026_rice_tungro_Rice Tungro_196.jpg,0.844177,0.094523,brown_spot,False
rice_tungro,False,data\RiceCrossYear\test\rice_tungro\2026_rice_tungro_Rice Tungro_1214.jpg,0.843854,0.073519,brown_spot,False
rice_tungro,False,data\RiceCrossYear\test\rice_tungro\2026_rice_tungro_Rice Tungro_1282.jpg,0.843808,0.110171,brown_spot,False
rice_tungro,False,data\RiceCrossYear\test\rice_tungro\2026_rice_tungro_Rice Tungro_151.jpg,0.843225,0.115133,rice_blast,False
rice_tungro,False,data\RiceCrossYear\test\rice_tungro\2026_rice_tungro_Rice Tungro_335.jpg,0.84285,0.103518,brown_spot,False
rice_tungro,False,data\RiceCrossYear\test\rice_tungro\2026_rice_tungro_Rice Tungro_1487.jpg,0.842728,0.062039,brown_spot,False
rice_tungro,False,data\RiceCrossYear\test\rice_tungro\2026_rice_tungro_Rice Tungro_537.jpg,0.842688,0.842688,rice_tungro,True
rice_tungro,False,data\RiceCrossYear\test\rice_tungro\2026_rice_tungro_Rice Tungro_847.jpg,0.8424,0.088216,brown_spot,False
rice_tungro,False,data\RiceCrossYear\test\rice_tungro\2026_rice_tungro_Rice Tungro_381.jpg,0.842362,0.842362,rice_tungro,True
rice_tungro,False,data\RiceCrossYear\test\rice_tungro\2026_rice_tungro_Rice Tungro_174.jpg,0.841924,0.841924,rice_tungro,True
rice_tungro,False,data\RiceCrossYear\test\rice_tungro\2026_rice_tungro_Rice Tungro_750.jpg,0.841294,0.112109,brown_spot,False
rice_tungro,False,data\RiceCrossYear\test\rice_tungro\2026_rice_tungro_Rice Tungro_437.jpg,0.840858,0.840858,rice_tungro,True
rice_tungro,False,data\RiceCrossYear\test\rice_tungro\2026_rice_tungro_Rice Tungro_1676.jpg,0.840808,0.050965,brown_spot,False
rice_tungro,False,data\RiceCrossYear\test\rice_tungro\2026_rice_tungro_Rice Tungro_752.jpg,0.840516,0.840516,rice_tungro,True
rice_tungro,False,data\RiceCrossYear\test\rice_tungro\2026_rice_tungro_Rice Tungro_1692.jpg,0.840386,0.062626,brown_spot,False
rice_tungro,False,data\RiceCrossYear\test\rice_tungro\2026_rice_tungro_Rice Tungro_685.jpg,0.83986,0.103554,rice_blast,False
rice_tungro,False,data\RiceCrossYear\test\rice_tungro\2026_rice_tungro_Rice Tungro_675.jpg,0.839524,0.839524,rice_tungro,True
rice_tungro,False,data\RiceCrossYear\test\rice_tungro\2026_rice_tungro_Rice Tungro_324.jpg,0.839507,0.101844,brown_spot,False
rice_tungro,False,data\RiceCrossYear\test\rice_tungro\2026_rice_tungro_Rice Tungro_979.jpg,0.839434,0.839434,rice_tungro,True
rice_tungro,False,data\RiceCrossYear\test\rice_tungro\2026_rice_tungro_Rice Tungro_1719.jpg,0.83939,0.035537,brown_spot,False
rice_tungro,False,data\RiceCrossYear\test\rice_tungro\2026_rice_tungro_Rice Tungro_466.jpg,0.838868,0.067957,brown_spot,False
rice_tungro,False,data\RiceCrossYear\test\rice_tungro\2026_rice_tungro_Rice Tungro_2098.jpg,0.838747,0.058717,brown_spot,False
rice_tungro,False,data\RiceCrossYear\test\rice_tungro\2026_rice_tungro_Rice Tungro_1796.jpg,0.838376,0.04816,brown_spot,False
rice_tungro,False,data\RiceCrossYear\test\rice_tungro\2026_rice_tungro_Rice Tungro_449.jpg,0.838371,0.838371,rice_tungro,True
rice_tungro,False,data\RiceCrossYear\test\rice_tungro\2026_rice_tungro_Rice Tungro_1303.jpg,0.838252,0.108078,brown_spot,False
rice_tungro,False,data\RiceCrossYear\test\rice_tungro\2026_rice_tungro_Rice Tungro_833.jpg,0.838006,0.112634,brown_spot,False
rice_tungro,False,data\RiceCrossYear\test\rice_tungro\2026_rice_tungro_Rice Tungro_1555.jpg,0.837116,0.085517,brown_spot,False
rice_tungro,False,data\RiceCrossYear\test\rice_tungro\2026_rice_tungro_Rice Tungro_257.jpg,0.837005,0.837005,rice_tungro,True
rice_tungro,False,data\RiceCrossYear\test\rice_tungro\2026_rice_tungro_Rice Tungro_1690.jpg,0.836893,0.071016,brown_spot,False
rice_tungro,False,data\RiceCrossYear\test\rice_tungro\2026_rice_tungro_Rice Tungro_1677.jpg,0.836638,0.047873,brown_spot,False
rice_tungro,False,data\RiceCrossYear\test\rice_tungro\2026_rice_tungro_Rice Tungro_738.jpg,0.836295,0.836295,rice_tungro,True
rice_tungro,False,data\RiceCrossYear\test\rice_tungro\2026_rice_tungro_Rice Tungro_867.jpg,0.835787,0.136605,brown_spot,False
rice_tungro,False,data\RiceCrossYear\test\rice_tungro\2026_rice_tungro_Rice Tungro_1679.jpg,0.835497,0.06696,brown_spot,False
rice_tungro,False,data\RiceCrossYear\test\rice_tungro\2026_rice_tungro_Rice Tungro_536.jpg,0.835327,0.110846,brown_spot,False
rice_tungro,False,data\RiceCrossYear\test\rice_tungro\2026_rice_tungro_Rice Tungro_1932.jpg,0.834775,0.09546,rice_blast,False
rice_tungro,False,data\RiceCrossYear\test\rice_tungro\2026_rice_tungro_Rice Tungro_618.jpg,0.834152,0.834152,rice_tungro,True
rice_tungro,False,data\RiceCrossYear\test\rice_tungro\2026_rice_tungro_Rice Tungro_584.jpg,0.833659,0.833659,rice_tungro,True
rice_tungro,False,data\RiceCrossYear\test\rice_tungro\2026_rice_tungro_Rice Tungro_553.jpg,0.833264,0.833264,rice_tungro,True
rice_tungro,False,data\RiceCrossYear\test\rice_tungro\2026_rice_tungro_Rice Tungro_2076.jpg,0.833137,0.091121,brown_spot,False
rice_tungro,False,data\RiceCrossYear\test\rice_tungro\2026_rice_tungro_Rice Tungro_1678.jpg,0.831331,0.049828,brown_spot,False
rice_tungro,False,data\RiceCrossYear\test\rice_tungro\2026_rice_tungro_Rice Tungro_1122.jpg,0.831289,0.831289,rice_tungro,True
rice_tungro,False,data\RiceCrossYear\test\rice_tungro\2026_rice_tungro_Rice Tungro_305.jpg,0.831262,0.048338,rice_blast,False
rice_tungro,False,data\RiceCrossYear\test\rice_tungro\2026_rice_tungro_Rice Tungro_439.jpg,0.831047,0.099777,brown_spot,False
rice_tungro,False,data\RiceCrossYear\test\rice_tungro\2026_rice_tungro_Rice Tungro_1806.jpg,0.830895,0.076087,brown_spot,False
rice_tungro,False,data\RiceCrossYear\test\rice_tungro\2026_rice_tungro_Rice Tungro_1455.jpg,0.830259,0.830259,rice_tungro,True
rice_tungro,False,data\RiceCrossYear\test\rice_tungro\2026_rice_tungro_Rice Tungro_940.jpg,0.829967,0.11829,brown_spot,False
rice_tungro,False,data\RiceCrossYear\test\rice_tungro\2026_rice_tungro_Rice Tungro_1428.jpg,0.829749,0.110036,brown_spot,False
rice_tungro,False,data\RiceCrossYear\test\rice_tungro\2026_rice_tungro_Rice Tungro_1121.jpg,0.829697,0.829697,rice_tungro,True
rice_tungro,False,data\RiceCrossYear\test\rice_tungro\2026_rice_tungro_Rice Tungro_285.jpg,0.82945,0.111768,brown_spot,False
rice_tungro,False,data\RiceCrossYear\test\rice_tungro\2026_rice_tungro_Rice Tungro_652.jpg,0.829154,0.053946,brown_spot,False
rice_tungro,False,data\RiceCrossYear\test\rice_tungro\2026_rice_tungro_Rice Tungro_2093.jpg,0.828987,0.058034,brown_spot,False
rice_tungro,False,data\RiceCrossYear\test\rice_tungro\2026_rice_tungro_Rice Tungro_633.jpg,0.828443,0.828443,rice_tungro,True
rice_tungro,False,data\RiceCrossYear\test\rice_tungro\2026_rice_tungro_Rice Tungro_1520.jpg,0.828017,0.101287,brown_spot,False
rice_tungro,False,data\RiceCrossYear\test\rice_tungro\2026_rice_tungro_Rice Tungro_1215.jpg,0.827232,0.098126,brown_spot,False
rice_tungro,False,data\RiceCrossYear\test\rice_tungro\2026_rice_tungro_Rice Tungro_2087.jpg,0.827006,0.066832,brown_spot,False
rice_tungro,False,data\RiceCrossYear\test\rice_tungro\2026_rice_tungro_Rice Tungro_204.jpg,0.826873,0.826873,rice_tungro,True
rice_tungro,False,data\RiceCrossYear\test\rice_tungro\2026_rice_tungro_Rice Tungro_1888.jpg,0.826567,0.050519,brown_spot,False
rice_tungro,False,data\RiceCrossYear\test\rice_tungro\2026_rice_tungro_Rice Tungro_636.jpg,0.826096,0.826096,rice_tungro,True
rice_tungro,False,data\RiceCrossYear\test\rice_tungro\2026_rice_tungro_Rice Tungro_2194.jpg,0.82607,0.031472,brown_spot,False
rice_tungro,False,data\RiceCrossYear\test\rice_tungro\2026_rice_tungro_Rice Tungro_1972.jpg,0.825996,0.040211,brown_spot,False
rice_tungro,False,data\RiceCrossYear\test\rice_tungro\2026_rice_tungro_Rice Tungro_129.jpg,0.825762,0.060081,brown_spot,False
rice_tungro,False,data\RiceCrossYear\test\rice_tungro\2026_rice_tungro_Rice Tungro_1790.jpg,0.825688,0.046446,brown_spot,False
rice_tungro,False,data\RiceCrossYear\test\rice_tungro\2026_rice_tungro_Rice Tungro_1353.jpg,0.825546,0.122295,brown_spot,False
rice_tungro,False,data\RiceCrossYear\test\rice_tungro\2026_rice_tungro_Rice Tungro_1686.jpg,0.825138,0.06843,brown_spot,False
rice_tungro,False,data\RiceCrossYear\test\rice_tungro\2026_rice_tungro_Rice Tungro_402.jpg,0.824701,0.824701,rice_tungro,True
rice_tungro,False,data\RiceCrossYear\test\rice_tungro\2026_rice_tungro_Rice Tungro_1705.jpg,0.824566,0.08789,brown_spot,False
rice_tungro,False,data\RiceCrossYear\test\rice_tungro\2026_rice_tungro_Rice Tungro_739.jpg,0.824408,0.056376,brown_spot,False
rice_tungro,False,data\RiceCrossYear\test\rice_tungro\2026_rice_tungro_Rice Tungro_1251.jpg,0.823208,0.116054,brown_spot,False
rice_tungro,False,data\RiceCrossYear\test\rice_tungro\2026_rice_tungro_Rice Tungro_1362.jpg,0.822932,0.822932,rice_tungro,True
rice_tungro,False,data\RiceCrossYear\test\rice_tungro\2026_rice_tungro_Rice Tungro_2146.jpg,0.822093,0.072574,brown_spot,False
rice_tungro,False,data\RiceCrossYear\test\rice_tungro\2026_rice_tungro_Rice Tungro_1565.jpg,0.820835,0.055424,brown_spot,False
rice_tungro,False,data\RiceCrossYear\test\rice_tungro\2026_rice_tungro_Rice Tungro_1047.jpg,0.820582,0.048968,brown_spot,False
rice_tungro,False,data\RiceCrossYear\test\rice_tungro\2026_rice_tungro_Rice Tungro_1661.jpg,0.81976,0.81976,rice_tungro,True
rice_tungro,False,data\RiceCrossYear\test\rice_tungro\2026_rice_tungro_Rice Tungro_307.jpg,0.819487,0.111571,brown_spot,False
rice_tungro,False,data\RiceCrossYear\test\rice_tungro\2026_rice_tungro_Rice Tungro_830.jpg,0.819422,0.819422,rice_tungro,True
rice_tungro,False,data\RiceCrossYear\test\rice_tungro\2026_rice_tungro_Rice Tungro_1640.jpg,0.819292,0.07215,brown_spot,False
rice_tungro,False,data\RiceCrossYear\test\rice_tungro\2026_rice_tungro_Rice Tungro_1889.jpg,0.818335,0.054478,brown_spot,False
rice_tungro,False,data\RiceCrossYear\test\rice_tungro\2026_rice_tungro_Rice Tungro_2053.jpg,0.817902,0.073592,brown_spot,False
rice_tungro,False,data\RiceCrossYear\test\rice_tungro\2026_rice_tungro_Rice Tungro_848.jpg,0.817613,0.148173,brown_spot,False
rice_tungro,False,data\RiceCrossYear\test\rice_tungro\2026_rice_tungro_Rice Tungro_1554.jpg,0.81746,0.104068,brown_spot,False
rice_tungro,False,data\RiceCrossYear\test\rice_tungro\2026_rice_tungro_Rice Tungro_1454.jpg,0.817223,0.817223,rice_tungro,True
rice_tungro,False,data\RiceCrossYear\test\rice_tungro\2026_rice_tungro_Rice Tungro_1745.jpg,0.816946,0.111919,brown_spot,False
rice_tungro,False,data\RiceCrossYear\test\rice_tungro\2026_rice_tungro_Rice Tungro_1877.jpg,0.816717,0.085788,brown_spot,False
rice_tungro,False,data\RiceCrossYear\test\rice_tungro\2026_rice_tungro_Rice Tungro_2190.jpg,0.81649,0.046995,brown_spot,False
rice_tungro,False,data\RiceCrossYear\test\rice_tungro\2026_rice_tungro_Rice Tungro_1259.jpg,0.816065,0.816065,rice_tungro,True
rice_tungro,False,data\RiceCrossYear\test\rice_tungro\2026_rice_tungro_Rice Tungro_2155.jpg,0.813907,0.068897,brown_spot,False
rice_tungro,False,data\RiceCrossYear\test\rice_tungro\2026_rice_tungro_Rice Tungro_949.jpg,0.813906,0.111109,brown_spot,False
rice_tungro,False,data\RiceCrossYear\test\rice_tungro\2026_rice_tungro_Rice Tungro_401.jpg,0.81364,0.81364,rice_tungro,True
rice_tungro,False,data\RiceCrossYear\test\rice_tungro\2026_rice_tungro_Rice Tungro_1721.jpg,0.813035,0.06459,brown_spot,False
rice_tungro,False,data\RiceCrossYear\test\rice_tungro\2026_rice_tungro_Rice Tungro_521.jpg,0.812389,0.072174,brown_spot,False
rice_tungro,False,data\RiceCrossYear\test\rice_tungro\2026_rice_tungro_Rice Tungro_1971.jpg,0.81078,0.047843,brown_spot,False
rice_tungro,False,data\RiceCrossYear\test\rice_tungro\2026_rice_tungro_Rice Tungro_51.jpg,0.810367,0.142881,brown_spot,False
rice_tungro,False,data\RiceCrossYear\test\rice_tungro\2026_rice_tungro_Rice Tungro_554.jpg,0.810142,0.810142,rice_tungro,True
rice_tungro,False,data\RiceCrossYear\test\rice_tungro\2026_rice_tungro_Rice Tungro_1620.jpg,0.809528,0.036199,brown_spot,False
rice_tungro,False,data\RiceCrossYear\test\rice_tungro\2026_rice_tungro_Rice Tungro_2085.jpg,0.809167,0.144492,brown_spot,False
rice_tungro,False,data\RiceCrossYear\test\rice_tungro\2026_rice_tungro_Rice Tungro_1314.jpg,0.80866,0.138295,brown_spot,False
rice_tungro,False,data\RiceCrossYear\test\rice_tungro\2026_rice_tungro_Rice Tungro_1720.jpg,0.807375,0.046766,brown_spot,False
rice_tungro,False,data\RiceCrossYear\test\rice_tungro\2026_rice_tungro_Rice Tungro_171.jpg,0.807339,0.085468,rice_blast,False
rice_tungro,False,data\RiceCrossYear\test\rice_tungro\2026_rice_tungro_Rice Tungro_268.jpg,0.807141,0.807141,rice_tungro,True
rice_tungro,False,data\RiceCrossYear\test\rice_tungro\2026_rice_tungro_Rice Tungro_325.jpg,0.807107,0.807107,rice_tungro,True
rice_tungro,False,data\RiceCrossYear\test\rice_tungro\2026_rice_tungro_Rice Tungro_1687.jpg,0.807077,0.081289,brown_spot,False
rice_tungro,False,data\RiceCrossYear\test\rice_tungro\2026_rice_tungro_Rice Tungro_1885.jpg,0.80694,0.051687,brown_spot,False
rice_tungro,False,data\RiceCrossYear\test\rice_tungro\2026_rice_tungro_Rice Tungro_673.jpg,0.806427,0.125709,brown_spot,False
rice_tungro,False,data\RiceCrossYear\test\rice_tungro\2026_rice_tungro_Rice Tungro_2037.jpg,0.805726,0.061919,brown_spot,False
rice_tungro,False,data\RiceCrossYear\test\rice_tungro\2026_rice_tungro_Rice Tungro_852.jpg,0.805449,0.805449,rice_tungro,True
rice_tungro,False,data\RiceCrossYear\test\rice_tungro\2026_rice_tungro_Rice Tungro_1159.jpg,0.804601,0.157702,brown_spot,False
rice_tungro,False,data\RiceCrossYear\test\rice_tungro\2026_rice_tungro_Rice Tungro_1504.jpg,0.804599,0.055806,brown_spot,False
rice_tungro,False,data\RiceCrossYear\test\rice_tungro\2026_rice_tungro_Rice Tungro_1358.jpg,0.804296,0.804296,rice_tungro,True
rice_tungro,False,data\RiceCrossYear\test\rice_tungro\2026_rice_tungro_Rice Tungro_1764.jpg,0.804062,0.059802,rice_blast,False
rice_tungro,False,data\RiceCrossYear\test\rice_tungro\2026_rice_tungro_Rice Tungro_1819.jpg,0.803771,0.096396,brown_spot,False
rice_tungro,False,data\RiceCrossYear\test\rice_tungro\2026_rice_tungro_Rice Tungro_1143.jpg,0.803358,0.04834,brown_spot,False
rice_tungro,False,data\RiceCrossYear\test\rice_tungro\2026_rice_tungro_Rice Tungro_1748.jpg,0.803339,0.121116,brown_spot,False
rice_tungro,False,data\RiceCrossYear\test\rice_tungro\2026_rice_tungro_Rice Tungro_464.jpg,0.803032,0.104924,brown_spot,False
rice_tungro,False,data\RiceCrossYear\test\rice_tungro\2026_rice_tungro_Rice Tungro_237.jpg,0.802922,0.802922,rice_tungro,True
rice_tungro,False,data\RiceCrossYear\test\rice_tungro\2026_rice_tungro_Rice Tungro_1856.jpg,0.802797,0.068156,brown_spot,False
rice_tungro,False,data\RiceCrossYear\test\rice_tungro\2026_rice_tungro_Rice Tungro_1569.jpg,0.802273,0.035839,brown_spot,False
rice_tungro,False,data\RiceCrossYear\test\rice_tungro\2026_rice_tungro_Rice Tungro_2184.jpg,0.801768,0.801768,rice_tungro,True
rice_tungro,False,data\RiceCrossYear\test\rice_tungro\2026_rice_tungro_Rice Tungro_1193.jpg,0.801408,0.115454,brown_spot,False
rice_tungro,False,data\RiceCrossYear\test\rice_tungro\2026_rice_tungro_Rice Tungro_1758.jpg,0.801283,0.098738,brown_spot,False
rice_tungro,False,data\RiceCrossYear\test\rice_tungro\2026_rice_tungro_Rice Tungro_130.jpg,0.800759,0.800759,rice_tungro,True
rice_tungro,False,data\RiceCrossYear\test\rice_tungro\2026_rice_tungro_Rice Tungro_1882.jpg,0.800593,0.160363,brown_spot,False
rice_tungro,False,data\RiceCrossYear\test\rice_tungro\2026_rice_tungro_Rice Tungro_1838.jpg,0.800515,0.071887,brown_spot,False
rice_tungro,False,data\RiceCrossYear\test\rice_tungro\2026_rice_tungro_Rice Tungro_69.jpg,0.798949,0.159371,brown_spot,False
rice_tungro,False,data\RiceCrossYear\test\rice_tungro\2026_rice_tungro_Rice Tungro_1704.jpg,0.798912,0.077877,brown_spot,False
rice_tungro,False,data\RiceCrossYear\test\rice_tungro\2026_rice_tungro_Rice Tungro_1714.jpg,0.798726,0.073823,rice_blast,False
rice_tungro,False,data\RiceCrossYear\test\rice_tungro\2026_rice_tungro_Rice Tungro_967.jpg,0.798699,0.798699,rice_tungro,True
rice_tungro,False,data\RiceCrossYear\test\rice_tungro\2026_rice_tungro_Rice Tungro_203.jpg,0.796927,0.075569,rice_blast,False
rice_tungro,False,data\RiceCrossYear\test\rice_tungro\2026_rice_tungro_Rice Tungro_1178.jpg,0.796798,0.04256,brown_spot,False
rice_tungro,False,data\RiceCrossYear\test\rice_tungro\2026_rice_tungro_Rice Tungro_1181.jpg,0.796677,0.082829,brown_spot,False
rice_tungro,False,data\RiceCrossYear\test\rice_tungro\2026_rice_tungro_Rice Tungro_2227.jpg,0.7962,0.7962,rice_tungro,True
rice_tungro,False,data\RiceCrossYear\test\rice_tungro\2026_rice_tungro_Rice Tungro_832.jpg,0.794597,0.154228,brown_spot,False
rice_tungro,False,data\RiceCrossYear\test\rice_tungro\2026_rice_tungro_Rice Tungro_1752.jpg,0.794181,0.107284,brown_spot,False
rice_tungro,False,data\RiceCrossYear\test\rice_tungro\2026_rice_tungro_Rice Tungro_2193.jpg,0.792858,0.792858,rice_tungro,True
rice_tungro,False,data\RiceCrossYear\test\rice_tungro\2026_rice_tungro_Rice Tungro_1779.jpg,0.792612,0.792612,rice_tungro,True
rice_tungro,False,data\RiceCrossYear\test\rice_tungro\2026_rice_tungro_Rice Tungro_734.jpg,0.792261,0.792261,rice_tungro,True
rice_tungro,False,data\RiceCrossYear\test\rice_tungro\2026_rice_tungro_Rice Tungro_19.jpg,0.791367,0.15248,brown_spot,False
rice_tungro,False,data\RiceCrossYear\test\rice_tungro\2026_rice_tungro_Rice Tungro_1571.jpg,0.791302,0.022601,brown_spot,False
rice_tungro,False,data\RiceCrossYear\test\rice_tungro\2026_rice_tungro_Rice Tungro_240.jpg,0.791073,0.124437,brown_spot,False
rice_tungro,False,data\RiceCrossYear\test\rice_tungro\2026_rice_tungro_Rice Tungro_823.jpg,0.790496,0.790496,rice_tungro,True
rice_tungro,False,data\RiceCrossYear\test\rice_tungro\2026_rice_tungro_Rice Tungro_1162.jpg,0.789728,0.114677,rice_blast,False
rice_tungro,False,data\RiceCrossYear\test\rice_tungro\2026_rice_tungro_Rice Tungro_1788.jpg,0.789548,0.072336,brown_spot,False
rice_tungro,False,data\RiceCrossYear\test\rice_tungro\2026_rice_tungro_Rice Tungro_1922.jpg,0.788363,0.082809,brown_spot,False
rice_tungro,False,data\RiceCrossYear\test\rice_tungro\2026_rice_tungro_Rice Tungro_905.jpg,0.787048,0.787048,rice_tungro,True
rice_tungro,False,data\RiceCrossYear\test\rice_tungro\2026_rice_tungro_Rice Tungro_862.jpg,0.786739,0.786739,rice_tungro,True
rice_tungro,False,data\RiceCrossYear\test\rice_tungro\2026_rice_tungro_Rice Tungro_440.jpg,0.786646,0.143023,brown_spot,False
rice_tungro,False,data\RiceCrossYear\test\rice_tungro\2026_rice_tungro_Rice Tungro_1685.jpg,0.784964,0.083669,brown_spot,False
rice_tungro,False,data\RiceCrossYear\test\rice_tungro\2026_rice_tungro_Rice Tungro_2082.jpg,0.784611,0.110483,brown_spot,False
rice_tungro,False,data\RiceCrossYear\test\rice_tungro\2026_rice_tungro_Rice Tungro_1976.jpg,0.7834,0.042462,brown_spot,False
rice_tungro,False,data\RiceCrossYear\test\rice_tungro\2026_rice_tungro_Rice Tungro_1250.jpg,0.783159,0.148795,brown_spot,False
rice_tungro,False,data\RiceCrossYear\test\rice_tungro\2026_rice_tungro_Rice Tungro_1173.jpg,0.781468,0.138131,brown_spot,False
rice_tungro,False,data\RiceCrossYear\test\rice_tungro\2026_rice_tungro_Rice Tungro_1561.jpg,0.78113,0.029356,brown_spot,False
rice_tungro,False,data\RiceCrossYear\test\rice_tungro\2026_rice_tungro_Rice Tungro_503.jpg,0.780041,0.780041,rice_tungro,True
rice_tungro,False,data\RiceCrossYear\test\rice_tungro\2026_rice_tungro_Rice Tungro_1850.jpg,0.779863,0.086775,brown_spot,False
rice_tungro,False,data\RiceCrossYear\test\rice_tungro\2026_rice_tungro_Rice Tungro_1359.jpg,0.779626,0.779626,rice_tungro,True
rice_tungro,False,data\RiceCrossYear\test\rice_tungro\2026_rice_tungro_Rice Tungro_87.jpg,0.779018,0.779018,rice_tungro,True
rice_tungro,False,data\RiceCrossYear\test\rice_tungro\2026_rice_tungro_Rice Tungro_1448.jpg,0.778173,0.120758,brown_spot,False
rice_tungro,False,data\RiceCrossYear\test\rice_tungro\2026_rice_tungro_Rice Tungro_336.jpg,0.777254,0.777254,rice_tungro,True
rice_tungro,False,data\RiceCrossYear\test\rice_tungro\2026_rice_tungro_Rice Tungro_1792.jpg,0.777155,0.052603,brown_spot,False
rice_tungro,False,data\RiceCrossYear\test\rice_tungro\2026_rice_tungro_Rice Tungro_16.jpg,0.777045,0.050655,brown_spot,False
rice_tungro,False,data\RiceCrossYear\test\rice_tungro\2026_rice_tungro_Rice Tungro_805.jpg,0.776878,0.776878,rice_tungro,True
rice_tungro,False,data\RiceCrossYear\test\rice_tungro\2026_rice_tungro_Rice Tungro_1438.jpg,0.776783,0.132843,brown_spot,False
rice_tungro,False,data\RiceCrossYear\test\rice_tungro\2026_rice_tungro_Rice Tungro_1483.jpg,0.776696,0.776696,rice_tungro,True
rice_tungro,False,data\RiceCrossYear\test\rice_tungro\2026_rice_tungro_Rice Tungro_366.jpg,0.776179,0.123977,brown_spot,False
rice_tungro,False,data\RiceCrossYear\test\rice_tungro\2026_rice_tungro_Rice Tungro_1404.jpg,0.775657,0.108916,brown_spot,False
rice_tungro,False,data\RiceCrossYear\test\rice_tungro\2026_rice_tungro_Rice Tungro_1098.jpg,0.774875,0.048294,brown_spot,False
rice_tungro,False,data\RiceCrossYear\test\rice_tungro\2026_rice_tungro_Rice Tungro_1519.jpg,0.7744,0.132549,brown_spot,False
rice_tungro,False,data\RiceCrossYear\test\rice_tungro\2026_rice_tungro_Rice Tungro_1346.jpg,0.774297,0.045069,brown_spot,False
rice_tungro,False,data\RiceCrossYear\test\rice_tungro\2026_rice_tungro_Rice Tungro_1097.jpg,0.774105,0.045634,brown_spot,False
rice_tungro,False,data\RiceCrossYear\test\rice_tungro\2026_rice_tungro_Rice Tungro_61.jpg,0.773063,0.156732,brown_spot,False
rice_tungro,False,data\RiceCrossYear\test\rice_tungro\2026_rice_tungro_Rice Tungro_795.jpg,0.772806,0.772806,rice_tungro,True
rice_tungro,False,data\RiceCrossYear\test\rice_tungro\2026_rice_tungro_Rice Tungro_83.jpg,0.772586,0.772586,rice_tungro,True
rice_tungro,False,data\RiceCrossYear\test\rice_tungro\2026_rice_tungro_Rice Tungro_1757.jpg,0.772225,0.117403,brown_spot,False
rice_tungro,False,data\RiceCrossYear\test\rice_tungro\2026_rice_tungro_Rice Tungro_1043.jpg,0.771746,0.033908,brown_spot,False
rice_tungro,False,data\RiceCrossYear\test\rice_tungro\2026_rice_tungro_Rice Tungro_2059.jpg,0.771576,0.0993,brown_spot,False
rice_tungro,False,data\RiceCrossYear\test\rice_tungro\2026_rice_tungro_Rice Tungro_348.jpg,0.77116,0.77116,rice_tungro,True
rice_tungro,False,data\RiceCrossYear\test\rice_tungro\2026_rice_tungro_Rice Tungro_1567.jpg,0.770801,0.051239,brown_spot,False
rice_tungro,False,data\RiceCrossYear\test\rice_tungro\2026_rice_tungro_Rice Tungro_1066.jpg,0.770626,0.155026,brown_spot,False
rice_tungro,False,data\RiceCrossYear\test\rice_tungro\2026_rice_tungro_Rice Tungro_821.jpg,0.770551,0.154978,brown_spot,False
rice_tungro,False,data\RiceCrossYear\test\rice_tungro\2026_rice_tungro_Rice Tungro_1963.jpg,0.769906,0.023091,brown_spot,False
rice_tungro,False,data\RiceCrossYear\test\rice_tungro\2026_rice_tungro_Rice Tungro_1418.jpg,0.768104,0.768104,rice_tungro,True
rice_tungro,False,data\RiceCrossYear\test\rice_tungro\2026_rice_tungro_Rice Tungro_441.jpg,0.768096,0.768096,rice_tungro,True
rice_tungro,False,data\RiceCrossYear\test\rice_tungro\2026_rice_tungro_Rice Tungro_1289.jpg,0.767943,0.147489,brown_spot,False
rice_tungro,False,data\RiceCrossYear\test\rice_tungro\2026_rice_tungro_Rice Tungro_570.jpg,0.767813,0.067584,brown_spot,False
rice_tungro,False,data\RiceCrossYear\test\rice_tungro\2026_rice_tungro_Rice Tungro_699.jpg,0.766377,0.080894,brown_spot,False
rice_tungro,False,data\RiceCrossYear\test\rice_tungro\2026_rice_tungro_Rice Tungro_820.jpg,0.765041,0.159045,brown_spot,False
rice_tungro,False,data\RiceCrossYear\test\rice_tungro\2026_rice_tungro_Rice Tungro_1762.jpg,0.764994,0.076525,rice_blast,False
rice_tungro,False,data\RiceCrossYear\test\rice_tungro\2026_rice_tungro_Rice Tungro_676.jpg,0.764726,0.764726,rice_tungro,True
rice_tungro,False,data\RiceCrossYear\test\rice_tungro\2026_rice_tungro_Rice Tungro_1476.jpg,0.764364,0.211842,brown_spot,False
rice_tungro,False,data\RiceCrossYear\test\rice_tungro\2026_rice_tungro_Rice Tungro_761.jpg,0.764138,0.764138,rice_tungro,True
rice_tungro,False,data\RiceCrossYear\test\rice_tungro\2026_rice_tungro_Rice Tungro_886.jpg,0.763549,0.126702,brown_spot,False
rice_tungro,False,data\RiceCrossYear\test\rice_tungro\2026_rice_tungro_Rice Tungro_1419.jpg,0.763103,0.172742,brown_spot,False
rice_tungro,False,data\RiceCrossYear\test\rice_tungro\2026_rice_tungro_Rice Tungro_1459.jpg,0.762578,0.075469,brown_spot,False
rice_tungro,False,data\RiceCrossYear\test\rice_tungro\2026_rice_tungro_Rice Tungro_736.jpg,0.762261,0.762261,rice_tungro,True
rice_tungro,False,data\RiceCrossYear\test\rice_tungro\2026_rice_tungro_Rice Tungro_1523.jpg,0.761041,0.761041,rice_tungro,True
rice_tungro,False,data\RiceCrossYear\test\rice_tungro\2026_rice_tungro_Rice Tungro_1735.jpg,0.760728,0.760728,rice_tungro,True
rice_tungro,False,data\RiceCrossYear\test\rice_tungro\2026_rice_tungro_Rice Tungro_1213.jpg,0.759533,0.081235,brown_spot,False
rice_tungro,False,data\RiceCrossYear\test\rice_tungro\2026_rice_tungro_Rice Tungro_1211.jpg,0.758299,0.0985,brown_spot,False
rice_tungro,False,data\RiceCrossYear\test\rice_tungro\2026_rice_tungro_Rice Tungro_902.jpg,0.756934,0.145312,brown_spot,False
rice_tungro,False,data\RiceCrossYear\test\rice_tungro\2026_rice_tungro_Rice Tungro_2158.jpg,0.755587,0.755587,rice_tungro,True
rice_tungro,False,data\RiceCrossYear\test\rice_tungro\2026_rice_tungro_Rice Tungro_1288.jpg,0.755438,0.129683,brown_spot,False
rice_tungro,False,data\RiceCrossYear\test\rice_tungro\2026_rice_tungro_Rice Tungro_598.jpg,0.754915,0.102441,brown_spot,False
rice_tungro,False,data\RiceCrossYear\test\rice_tungro\2026_rice_tungro_Rice Tungro_1134.jpg,0.753988,0.124111,brown_spot,False
rice_tungro,False,data\RiceCrossYear\test\rice_tungro\2026_rice_tungro_Rice Tungro_2102.jpg,0.753823,0.055521,brown_spot,False
rice_tungro,False,data\RiceCrossYear\test\rice_tungro\2026_rice_tungro_Rice Tungro_1689.jpg,0.753784,0.087984,brown_spot,False
rice_tungro,False,data\RiceCrossYear\test\rice_tungro\2026_rice_tungro_Rice Tungro_942.jpg,0.752652,0.126613,brown_spot,False
rice_tungro,False,data\RiceCrossYear\test\rice_tungro\2026_rice_tungro_Rice Tungro_1239.jpg,0.752338,0.752338,rice_tungro,True
rice_tungro,False,data\RiceCrossYear\test\rice_tungro\2026_rice_tungro_Rice Tungro_260.jpg,0.751845,0.751845,rice_tungro,True
rice_tungro,False,data\RiceCrossYear\test\rice_tungro\2026_rice_tungro_Rice Tungro_1150.jpg,0.75144,0.032791,brown_spot,False
rice_tungro,False,data\RiceCrossYear\test\rice_tungro\2026_rice_tungro_Rice Tungro_2070.jpg,0.751418,0.063112,brown_spot,False
rice_tungro,False,data\RiceCrossYear\test\rice_tungro\2026_rice_tungro_Rice Tungro_1317.jpg,0.750345,0.14603,brown_spot,False
rice_tungro,False,data\RiceCrossYear\test\rice_tungro\2026_rice_tungro_Rice Tungro_653.jpg,0.750054,0.176638,brown_spot,False
rice_tungro,False,data\RiceCrossYear\test\rice_tungro\2026_rice_tungro_Rice Tungro_414.jpg,0.749149,0.166872,brown_spot,False
rice_tungro,False,data\RiceCrossYear\test\rice_tungro\2026_rice_tungro_Rice Tungro_1785.jpg,0.747734,0.747734,rice_tungro,True
rice_tungro,False,data\RiceCrossYear\test\rice_tungro\2026_rice_tungro_Rice Tungro_1196.jpg,0.747321,0.169598,brown_spot,False
rice_tungro,False,data\RiceCrossYear\test\rice_tungro\2026_rice_tungro_Rice Tungro_280.jpg,0.745073,0.745073,rice_tungro,True
rice_tungro,False,data\RiceCrossYear\test\rice_tungro\2026_rice_tungro_Rice Tungro_1002.jpg,0.744683,0.080194,healthy,False
rice_tungro,False,data\RiceCrossYear\test\rice_tungro\2026_rice_tungro_Rice Tungro_681.jpg,0.744447,0.744447,rice_tungro,True
rice_tungro,False,data\RiceCrossYear\test\rice_tungro\2026_rice_tungro_Rice Tungro_194.jpg,0.743885,0.743885,rice_tungro,True
rice_tungro,False,data\RiceCrossYear\test\rice_tungro\2026_rice_tungro_Rice Tungro_1088.jpg,0.74282,0.160039,brown_spot,False
rice_tungro,False,data\RiceCrossYear\test\rice_tungro\2026_rice_tungro_Rice Tungro_413.jpg,0.742432,0.105248,brown_spot,False
rice_tungro,False,data\RiceCrossYear\test\rice_tungro\2026_rice_tungro_Rice Tungro_1703.jpg,0.741374,0.117589,brown_spot,False
rice_tungro,False,data\RiceCrossYear\test\rice_tungro\2026_rice_tungro_Rice Tungro_1113.jpg,0.740702,0.740702,rice_tungro,True
rice_tungro,False,data\RiceCrossYear\test\rice_tungro\2026_rice_tungro_Rice Tungro_1715.jpg,0.740374,0.135856,rice_blast,False
rice_tungro,False,data\RiceCrossYear\test\rice_tungro\2026_rice_tungro_Rice Tungro_495.jpg,0.740163,0.085096,brown_spot,False
rice_tungro,False,data\RiceCrossYear\test\rice_tungro\2026_rice_tungro_Rice Tungro_100.jpg,0.739688,0.065555,brown_spot,False
rice_tungro,False,data\RiceCrossYear\test\rice_tungro\2026_rice_tungro_Rice Tungro_2152.jpg,0.738523,0.179112,brown_spot,False
rice_tungro,False,data\RiceCrossYear\test\rice_tungro\2026_rice_tungro_Rice Tungro_1804.jpg,0.737575,0.09609,brown_spot,False
rice_tungro,False,data\RiceCrossYear\test\rice_tungro\2026_rice_tungro_Rice Tungro_1061.jpg,0.737183,0.737183,rice_tungro,True
rice_tungro,False,data\RiceCrossYear\test\rice_tungro\2026_rice_tungro_Rice Tungro_2058.jpg,0.736993,0.081805,brown_spot,False
rice_tungro,False,data\RiceCrossYear\test\rice_tungro\2026_rice_tungro_Rice Tungro_660.jpg,0.736876,0.209783,brown_spot,False
rice_tungro,False,data\RiceCrossYear\test\rice_tungro\2026_rice_tungro_Rice Tungro_1499.jpg,0.73606,0.151247,brown_spot,False
rice_tungro,False,data\RiceCrossYear\test\rice_tungro\2026_rice_tungro_Rice Tungro_221.jpg,0.735997,0.735997,rice_tungro,True
rice_tungro,False,data\RiceCrossYear\test\rice_tungro\2026_rice_tungro_Rice Tungro_759.jpg,0.735506,0.735506,rice_tungro,True
rice_tungro,False,data\RiceCrossYear\test\rice_tungro\2026_rice_tungro_Rice Tungro_2056.jpg,0.734784,0.09179,brown_spot,False
rice_tungro,False,data\RiceCrossYear\test\rice_tungro\2026_rice_tungro_Rice Tungro_1481.jpg,0.733889,0.114374,brown_spot,False
rice_tungro,False,data\RiceCrossYear\test\rice_tungro\2026_rice_tungro_Rice Tungro_1896.jpg,0.733746,0.140822,rice_blast,False
rice_tungro,False,data\RiceCrossYear\test\rice_tungro\2026_rice_tungro_Rice Tungro_408.jpg,0.733609,0.145146,brown_spot,False
rice_tungro,False,data\RiceCrossYear\test\rice_tungro\2026_rice_tungro_Rice Tungro_1494.jpg,0.733112,0.172321,brown_spot,False
rice_tungro,False,data\RiceCrossYear\test\rice_tungro\2026_rice_tungro_Rice Tungro_290.jpg,0.732556,0.192715,brown_spot,False
rice_tungro,False,data\RiceCrossYear\test\rice_tungro\2026_rice_tungro_Rice Tungro_2018.jpg,0.732036,0.732036,rice_tungro,True
rice_tungro,False,data\RiceCrossYear\test\rice_tungro\2026_rice_tungro_Rice Tungro_369.jpg,0.731978,0.236481,brown_spot,False
rice_tungro,False,data\RiceCrossYear\test\rice_tungro\2026_rice_tungro_Rice Tungro_1156.jpg,0.731436,0.213432,brown_spot,False
rice_tungro,False,data\RiceCrossYear\test\rice_tungro\2026_rice_tungro_Rice Tungro_1285.jpg,0.731229,0.187789,brown_spot,False
rice_tungro,False,data\RiceCrossYear\test\rice_tungro\2026_rice_tungro_Rice Tungro_1536.jpg,0.730497,0.730497,rice_tungro,True
rice_tungro,False,data\RiceCrossYear\test\rice_tungro\2026_rice_tungro_Rice Tungro_954.jpg,0.730086,0.046446,rice_blast,False
rice_tungro,False,data\RiceCrossYear\test\rice_tungro\2026_rice_tungro_Rice Tungro_1329.jpg,0.729525,0.110843,brown_spot,False
rice_tungro,False,data\RiceCrossYear\test\rice_tungro\2026_rice_tungro_Rice Tungro_2116.jpg,0.729451,0.146131,brown_spot,False
rice_tungro,False,data\RiceCrossYear\test\rice_tungro\2026_rice_tungro_Rice Tungro_1869.jpg,0.729082,0.190018,rice_blast,False
rice_tungro,False,data\RiceCrossYear\test\rice_tungro\2026_rice_tungro_Rice Tungro_1766.jpg,0.72704,0.095577,rice_blast,False
rice_tungro,False,data\RiceCrossYear\test\rice_tungro\2026_rice_tungro_Rice Tungro_421.jpg,0.726335,0.084388,brown_spot,False
rice_tungro,False,data\RiceCrossYear\test\rice_tungro\2026_rice_tungro_Rice Tungro_1328.jpg,0.726277,0.065796,brown_spot,False
rice_tungro,False,data\RiceCrossYear\test\rice_tungro\2026_rice_tungro_Rice Tungro_1893.jpg,0.725925,0.111596,rice_blast,False
rice_tungro,False,data\RiceCrossYear\test\rice_tungro\2026_rice_tungro_Rice Tungro_1949.jpg,0.725684,0.055904,brown_spot,False
rice_tungro,False,data\RiceCrossYear\test\rice_tungro\2026_rice_tungro_Rice Tungro_1434.jpg,0.725416,0.177836,brown_spot,False
rice_tungro,False,data\RiceCrossYear\test\rice_tungro\2026_rice_tungro_Rice Tungro_1361.jpg,0.725415,0.725415,rice_tungro,True
rice_tungro,False,data\RiceCrossYear\test\rice_tungro\2026_rice_tungro_Rice Tungro_754.jpg,0.725407,0.725407,rice_tungro,True
rice_tungro,False,data\RiceCrossYear\test\rice_tungro\2026_rice_tungro_Rice Tungro_778.jpg,0.72389,0.72389,rice_tungro,True
rice_tungro,False,data\RiceCrossYear\test\rice_tungro\2026_rice_tungro_Rice Tungro_1531.jpg,0.721657,0.188301,brown_spot,False
rice_tungro,False,data\RiceCrossYear\test\rice_tungro\2026_rice_tungro_Rice Tungro_1022.jpg,0.720677,0.060265,rice_blast,False
rice_tungro,False,data\RiceCrossYear\test\rice_tungro\2026_rice_tungro_Rice Tungro_1170.jpg,0.71928,0.209783,brown_spot,False
rice_tungro,False,data\RiceCrossYear\test\rice_tungro\2026_rice_tungro_Rice Tungro_2068.jpg,0.719178,0.140204,brown_spot,False
rice_tungro,False,data\RiceCrossYear\test\rice_tungro\2026_rice_tungro_Rice Tungro_2074.jpg,0.718976,0.148261,brown_spot,False
rice_tungro,False,data\RiceCrossYear\test\rice_tungro\2026_rice_tungro_Rice Tungro_1543.jpg,0.718724,0.082793,rice_blast,False
rice_tungro,False,data\RiceCrossYear\test\rice_tungro\2026_rice_tungro_Rice Tungro_2069.jpg,0.718479,0.172239,brown_spot,False
rice_tungro,False,data\RiceCrossYear\test\rice_tungro\2026_rice_tungro_Rice Tungro_1154.jpg,0.716995,0.133671,brown_spot,False
rice_tungro,False,data\RiceCrossYear\test\rice_tungro\2026_rice_tungro_Rice Tungro_2210.jpg,0.716808,0.716808,rice_tungro,True
rice_tungro,False,data\RiceCrossYear\test\rice_tungro\2026_rice_tungro_Rice Tungro_2100.jpg,0.716722,0.08763,brown_spot,False
rice_tungro,False,data\RiceCrossYear\test\rice_tungro\2026_rice_tungro_Rice Tungro_1279.jpg,0.716341,0.06831,brown_spot,False
rice_tungro,False,data\RiceCrossYear\test\rice_tungro\2026_rice_tungro_Rice Tungro_2071.jpg,0.716218,0.154572,brown_spot,False
rice_tungro,False,data\RiceCrossYear\test\rice_tungro\2026_rice_tungro_Rice Tungro_1132.jpg,0.714816,0.227578,rice_blast,False
rice_tungro,False,data\RiceCrossYear\test\rice_tungro\2026_rice_tungro_Rice Tungro_1814.jpg,0.713437,0.105681,brown_spot,False
rice_tungro,False,data\RiceCrossYear\test\rice_tungro\2026_rice_tungro_Rice Tungro_20.jpg,0.712133,0.208054,brown_spot,False
rice_tungro,False,data\RiceCrossYear\test\rice_tungro\2026_rice_tungro_Rice Tungro_212.jpg,0.712051,0.712051,rice_tungro,True
rice_tungro,False,data\RiceCrossYear\test\rice_tungro\2026_rice_tungro_Rice Tungro_2157.jpg,0.711184,0.711184,rice_tungro,True
rice_tungro,False,data\RiceCrossYear\test\rice_tungro\2026_rice_tungro_Rice Tungro_1559.jpg,0.70967,0.077362,brown_spot,False
rice_tungro,False,data\RiceCrossYear\test\rice_tungro\2026_rice_tungro_Rice Tungro_770.jpg,0.709502,0.709502,rice_tungro,True
rice_tungro,False,data\RiceCrossYear\test\rice_tungro\2026_rice_tungro_Rice Tungro_671.jpg,0.709211,0.204961,brown_spot,False
rice_tungro,False,data\RiceCrossYear\test\rice_tungro\2026_rice_tungro_Rice Tungro_1013.jpg,0.707773,0.18478,brown_spot,False
rice_tungro,False,data\RiceCrossYear\test\rice_tungro\2026_rice_tungro_Rice Tungro_1257.jpg,0.706908,0.706908,rice_tungro,True
rice_tungro,False,data\RiceCrossYear\test\rice_tungro\2026_rice_tungro_Rice Tungro_2200.jpg,0.70635,0.70635,rice_tungro,True
rice_tungro,False,data\RiceCrossYear\test\rice_tungro\2026_rice_tungro_Rice Tungro_877.jpg,0.706031,0.173359,brown_spot,False
rice_tungro,False,data\RiceCrossYear\test\rice_tungro\2026_rice_tungro_Rice Tungro_1999.jpg,0.705148,0.705148,rice_tungro,True
rice_tungro,False,data\RiceCrossYear\test\rice_tungro\2026_rice_tungro_Rice Tungro_359.jpg,0.705129,0.705129,rice_tungro,True
rice_tungro,False,data\RiceCrossYear\test\rice_tungro\2026_rice_tungro_Rice Tungro_353.jpg,0.703292,0.147634,brown_spot,False
rice_tungro,False,data\RiceCrossYear\test\rice_tungro\2026_rice_tungro_Rice Tungro_91.jpg,0.702589,0.702589,rice_tungro,True
rice_tungro,False,data\RiceCrossYear\test\rice_tungro\2026_rice_tungro_Rice Tungro_1302.jpg,0.700772,0.188878,brown_spot,False
rice_tungro,False,data\RiceCrossYear\test\rice_tungro\2026_rice_tungro_Rice Tungro_1573.jpg,0.700423,0.030774,brown_spot,False
rice_tungro,False,data\RiceCrossYear\test\rice_tungro\2026_rice_tungro_Rice Tungro_1664.jpg,0.699289,0.699289,rice_tungro,True
rice_tungro,False,data\RiceCrossYear\test\rice_tungro\2026_rice_tungro_Rice Tungro_2223.jpg,0.699278,0.154278,brown_spot,False
rice_tungro,False,data\RiceCrossYear\test\rice_tungro\2026_rice_tungro_Rice Tungro_508.jpg,0.698737,0.698737,rice_tungro,True
rice_tungro,False,data\RiceCrossYear\test\rice_tungro\2026_rice_tungro_Rice Tungro_1255.jpg,0.697221,0.243556,brown_spot,False
rice_tungro,False,data\RiceCrossYear\test\rice_tungro\2026_rice_tungro_Rice Tungro_1765.jpg,0.697203,0.086586,rice_blast,False
rice_tungro,False,data\RiceCrossYear\test\rice_tungro\2026_rice_tungro_Rice Tungro_1293.jpg,0.696935,0.125565,brown_spot,False
rice_tungro,False,data\RiceCrossYear\test\rice_tungro\2026_rice_tungro_Rice Tungro_1630.jpg,0.69645,0.090688,rice_blast,False
rice_tungro,False,data\RiceCrossYear\test\rice_tungro\2026_rice_tungro_Rice Tungro_361.jpg,0.694206,0.694206,rice_tungro,True
rice_tungro,False,data\RiceCrossYear\test\rice_tungro\2026_rice_tungro_Rice Tungro_1028.jpg,0.693309,0.080492,rice_blast,False
rice_tungro,False,data\RiceCrossYear\test\rice_tungro\2026_rice_tungro_Rice Tungro_806.jpg,0.692979,0.692979,rice_tungro,True
rice_tungro,False,data\RiceCrossYear\test\rice_tungro\2026_rice_tungro_Rice Tungro_2072.jpg,0.691083,0.215609,brown_spot,False
rice_tungro,False,data\RiceCrossYear\test\rice_tungro\2026_rice_tungro_Rice Tungro_966.jpg,0.687646,0.687646,rice_tungro,True
rice_tungro,False,data\RiceCrossYear\test\rice_tungro\2026_rice_tungro_Rice Tungro_479.jpg,0.686632,0.212086,rice_blast,False
rice_tungro,False,data\RiceCrossYear\test\rice_tungro\2026_rice_tungro_Rice Tungro_209.jpg,0.685583,0.230203,brown_spot,False
rice_tungro,False,data\RiceCrossYear\test\rice_tungro\2026_rice_tungro_Rice Tungro_1249.jpg,0.684554,0.197148,brown_spot,False
rice_tungro,False,data\RiceCrossYear\test\rice_tungro\2026_rice_tungro_Rice Tungro_1894.jpg,0.68404,0.147483,rice_blast,False
rice_tungro,False,data\RiceCrossYear\test\rice_tungro\2026_rice_tungro_Rice Tungro_596.jpg,0.683171,0.209503,brown_spot,False
rice_tungro,False,data\RiceCrossYear\test\rice_tungro\2026_rice_tungro_Rice Tungro_435.jpg,0.680446,0.680446,rice_tungro,True
rice_tungro,False,data\RiceCrossYear\test\rice_tungro\2026_rice_tungro_Rice Tungro_2226.jpg,0.679513,0.153979,brown_spot,False
rice_tungro,False,data\RiceCrossYear\test\rice_tungro\2026_rice_tungro_Rice Tungro_1608.jpg,0.67943,0.052546,brown_spot,False
rice_tungro,False,data\RiceCrossYear\test\rice_tungro\2026_rice_tungro_Rice Tungro_2105.jpg,0.677807,0.144578,brown_spot,False
rice_tungro,False,data\RiceCrossYear\test\rice_tungro\2026_rice_tungro_Rice Tungro_97.jpg,0.67778,0.67778,rice_tungro,True
rice_tungro,False,data\RiceCrossYear\test\rice_tungro\2026_rice_tungro_Rice Tungro_1952.jpg,0.676075,0.028206,brown_spot,False
rice_tungro,False,data\RiceCrossYear\test\rice_tungro\2026_rice_tungro_Rice Tungro_1296.jpg,0.675687,0.675687,rice_tungro,True
rice_tungro,False,data\RiceCrossYear\test\rice_tungro\2026_rice_tungro_Rice Tungro_1041.jpg,0.673641,0.103812,brown_spot,False
rice_tungro,False,data\RiceCrossYear\test\rice_tungro\2026_rice_tungro_Rice Tungro_1900.jpg,0.673327,0.141603,rice_blast,False
rice_tungro,False,data\RiceCrossYear\test\rice_tungro\2026_rice_tungro_Rice Tungro_646.jpg,0.67326,0.245931,brown_spot,False
rice_tungro,False,data\RiceCrossYear\test\rice_tungro\2026_rice_tungro_Rice Tungro_1276.jpg,0.672037,0.0616,brown_spot,False
rice_tungro,False,data\RiceCrossYear\test\rice_tungro\2026_rice_tungro_Rice Tungro_733.jpg,0.671204,0.284483,brown_spot,False
rice_tungro,False,data\RiceCrossYear\test\rice_tungro\2026_rice_tungro_Rice Tungro_524.jpg,0.670952,0.205079,brown_spot,False
rice_tungro,False,data\RiceCrossYear\test\rice_tungro\2026_rice_tungro_Rice Tungro_1516.jpg,0.670366,0.123824,brown_spot,False
rice_tungro,False,data\RiceCrossYear\test\rice_tungro\2026_rice_tungro_Rice Tungro_182.jpg,0.669107,0.669107,rice_tungro,True
rice_tungro,False,data\RiceCrossYear\test\rice_tungro\2026_rice_tungro_Rice Tungro_1511.jpg,0.669088,0.080302,rice_blast,False
rice_tungro,False,data\RiceCrossYear\test\rice_tungro\2026_rice_tungro_Rice Tungro_2212.jpg,0.666951,0.666951,rice_tungro,True
rice_tungro,False,data\RiceCrossYear\test\rice_tungro\2026_rice_tungro_Rice Tungro_490.jpg,0.665059,0.148069,brown_spot,False
rice_tungro,False,data\RiceCrossYear\test\rice_tungro\2026_rice_tungro_Rice Tungro_1601.jpg,0.664726,0.094693,brown_spot,False
rice_tungro,False,data\RiceCrossYear\test\rice_tungro\2026_rice_tungro_Rice Tungro_163.jpg,0.664656,0.664656,rice_tungro,True
rice_tungro,False,data\RiceCrossYear\test\rice_tungro\2026_rice_tungro_Rice Tungro_1321.jpg,0.664068,0.664068,rice_tungro,True
rice_tungro,False,data\RiceCrossYear\test\rice_tungro\2026_rice_tungro_Rice Tungro_1998.jpg,0.664033,0.664033,rice_tungro,True
rice_tungro,False,data\RiceCrossYear\test\rice_tungro\2026_rice_tungro_Rice Tungro_213.jpg,0.663133,0.663133,rice_tungro,True
rice_tungro,False,data\RiceCrossYear\test\rice_tungro\2026_rice_tungro_Rice Tungro_614.jpg,0.662366,0.114821,brown_spot,False
rice_tungro,False,data\RiceCrossYear\test\rice_tungro\2026_rice_tungro_Rice Tungro_1475.jpg,0.662016,0.267087,brown_spot,False
rice_tungro,False,data\RiceCrossYear\test\rice_tungro\2026_rice_tungro_Rice Tungro_2130.jpg,0.661089,0.25326,brown_spot,False
rice_tungro,False,data\RiceCrossYear\test\rice_tungro\2026_rice_tungro_Rice Tungro_164.jpg,0.659708,0.076703,rice_blast,False
rice_tungro,False,data\RiceCrossYear\test\rice_tungro\2026_rice_tungro_Rice Tungro_2083.jpg,0.658009,0.177718,brown_spot,False
rice_tungro,False,data\RiceCrossYear\test\rice_tungro\2026_rice_tungro_Rice Tungro_2103.jpg,0.656053,0.094007,brown_spot,False
rice_tungro,False,data\RiceCrossYear\test\rice_tungro\2026_rice_tungro_Rice Tungro_1136.jpg,0.655571,0.093298,brown_spot,False
rice_tungro,False,data\RiceCrossYear\test\rice_tungro\2026_rice_tungro_Rice Tungro_1660.jpg,0.654362,0.654362,rice_tungro,True
rice_tungro,False,data\RiceCrossYear\test\rice_tungro\2026_rice_tungro_Rice Tungro_1990.jpg,0.653684,0.131449,rice_blast,False
rice_tungro,False,data\RiceCrossYear\test\rice_tungro\2026_rice_tungro_Rice Tungro_2062.jpg,0.653038,0.152594,brown_spot,False
rice_tungro,False,data\RiceCrossYear\test\rice_tungro\2026_rice_tungro_Rice Tungro_2232.jpg,0.652172,0.652172,rice_tungro,True
rice_tungro,False,data\RiceCrossYear\test\rice_tungro\2026_rice_tungro_Rice Tungro_1920.jpg,0.652007,0.142321,brown_spot,False
rice_tungro,False,data\RiceCrossYear\test\rice_tungro\2026_rice_tungro_Rice Tungro_987.jpg,0.651978,0.228978,healthy,False
rice_tungro,False,data\RiceCrossYear\test\rice_tungro\2026_rice_tungro_Rice Tungro_1029.jpg,0.651474,0.047889,rice_blast,False
rice_tungro,False,data\RiceCrossYear\test\rice_tungro\2026_rice_tungro_Rice Tungro_595.jpg,0.650233,0.270528,brown_spot,False
rice_tungro,False,data\RiceCrossYear\test\rice_tungro\2026_rice_tungro_Rice Tungro_2060.jpg,0.648111,0.153977,brown_spot,False
rice_tungro,False,data\RiceCrossYear\test\rice_tungro\2026_rice_tungro_Rice Tungro_2099.jpg,0.647567,0.071668,brown_spot,False
rice_tungro,False,data\RiceCrossYear\test\rice_tungro\2026_rice_tungro_Rice Tungro_1989.jpg,0.647381,0.115222,rice_blast,False
rice_tungro,False,data\RiceCrossYear\test\rice_tungro\2026_rice_tungro_Rice Tungro_1899.jpg,0.647263,0.239514,rice_blast,False
rice_tungro,False,data\RiceCrossYear\test\rice_tungro\2026_rice_tungro_Rice Tungro_906.jpg,0.647062,0.647062,rice_tungro,True
rice_tungro,False,data\RiceCrossYear\test\rice_tungro\2026_rice_tungro_Rice Tungro_2020.jpg,0.645598,0.135921,rice_blast,False
rice_tungro,False,data\RiceCrossYear\test\rice_tungro\2026_rice_tungro_Rice Tungro_29.jpg,0.644807,0.644807,rice_tungro,True
rice_tungro,False,data\RiceCrossYear\test\rice_tungro\2026_rice_tungro_Rice Tungro_542.jpg,0.644602,0.644602,rice_tungro,True
rice_tungro,False,data\RiceCrossYear\test\rice_tungro\2026_rice_tungro_Rice Tungro_115.jpg,0.643165,0.643165,rice_tungro,True
rice_tungro,False,data\RiceCrossYear\test\rice_tungro\2026_rice_tungro_Rice Tungro_79.jpg,0.639862,0.639862,rice_tungro,True
rice_tungro,False,data\RiceCrossYear\test\rice_tungro\2026_rice_tungro_Rice Tungro_1808.jpg,0.639485,0.159453,brown_spot,False
rice_tungro,False,data\RiceCrossYear\test\rice_tungro\2026_rice_tungro_Rice Tungro_214.jpg,0.639058,0.112278,brown_spot,False
rice_tungro,False,data\RiceCrossYear\test\rice_tungro\2026_rice_tungro_Rice Tungro_2026.jpg,0.637761,0.107942,brown_spot,False
rice_tungro,False,data\RiceCrossYear\test\rice_tungro\2026_rice_tungro_Rice Tungro_2206.jpg,0.636314,0.286529,brown_spot,False
rice_tungro,False,data\RiceCrossYear\test\rice_tungro\2026_rice_tungro_Rice Tungro_1291.jpg,0.635838,0.192481,brown_spot,False
rice_tungro,False,data\RiceCrossYear\test\rice_tungro\2026_rice_tungro_Rice Tungro_953.jpg,0.635701,0.047465,brown_spot,False
rice_tungro,False,data\RiceCrossYear\test\rice_tungro\2026_rice_tungro_Rice Tungro_1926.jpg,0.631119,0.024929,brown_spot,False
rice_tungro,False,data\RiceCrossYear\test\rice_tungro\2026_rice_tungro_Rice Tungro_859.jpg,0.630912,0.630912,rice_tungro,True
rice_tungro,False,data\RiceCrossYear\test\rice_tungro\2026_rice_tungro_Rice Tungro_1437.jpg,0.630679,0.252773,brown_spot,False
rice_tungro,False,data\RiceCrossYear\test\rice_tungro\2026_rice_tungro_Rice Tungro_2211.jpg,0.630497,0.630497,rice_tungro,True
rice_tungro,False,data\RiceCrossYear\test\rice_tungro\2026_rice_tungro_Rice Tungro_1115.jpg,0.630357,0.194041,rice_blast,False
rice_tungro,False,data\RiceCrossYear\test\rice_tungro\2026_rice_tungro_Rice Tungro_1929.jpg,0.628272,0.026599,brown_spot,False
rice_tungro,False,data\RiceCrossYear\test\rice_tungro\2026_rice_tungro_Rice Tungro_1892.jpg,0.627473,0.172045,rice_blast,False
rice_tungro,False,data\RiceCrossYear\test\rice_tungro\2026_rice_tungro_Rice Tungro_1157.jpg,0.627425,0.188571,brown_spot,False
rice_tungro,False,data\RiceCrossYear\test\rice_tungro\2026_rice_tungro_Rice Tungro_839.jpg,0.627398,0.627398,rice_tungro,True
rice_tungro,False,data\RiceCrossYear\test\rice_tungro\2026_rice_tungro_Rice Tungro_881.jpg,0.627036,0.086196,brown_spot,False
rice_tungro,False,data\RiceCrossYear\test\rice_tungro\2026_rice_tungro_Rice Tungro_1094.jpg,0.626817,0.057568,rice_blast,False
rice_tungro,False,data\RiceCrossYear\test\rice_tungro\2026_rice_tungro_Rice Tungro_259.jpg,0.626564,0.626564,rice_tungro,True
rice_tungro,False,data\RiceCrossYear\test\rice_tungro\2026_rice_tungro_Rice Tungro_835.jpg,0.625951,0.304469,brown_spot,False
rice_tungro,False,data\RiceCrossYear\test\rice_tungro\2026_rice_tungro_Rice Tungro_1663.jpg,0.625325,0.625325,rice_tungro,True
rice_tungro,False,data\RiceCrossYear\test\rice_tungro\2026_rice_tungro_Rice Tungro_1056.jpg,0.625319,0.625319,rice_tungro,True
rice_tungro,False,data\RiceCrossYear\test\rice_tungro\2026_rice_tungro_Rice Tungro_131.jpg,0.623148,0.26418,rice_blast,False
rice_tungro,False,data\RiceCrossYear\test\rice_tungro\2026_rice_tungro_Rice Tungro_874.jpg,0.622613,0.337025,brown_spot,False
rice_tungro,False,data\RiceCrossYear\test\rice_tungro\2026_rice_tungro_Rice Tungro_1498.jpg,0.622458,0.160584,brown_spot,False
rice_tungro,False,data\RiceCrossYear\test\rice_tungro\2026_rice_tungro_Rice Tungro_1023.jpg,0.620755,0.18269,rice_blast,False
rice_tungro,False,data\RiceCrossYear\test\rice_tungro\2026_rice_tungro_Rice Tungro_233.jpg,0.620003,0.620003,rice_tungro,True
rice_tungro,False,data\RiceCrossYear\test\rice_tungro\2026_rice_tungro_Rice Tungro_1155.jpg,0.619779,0.236047,brown_spot,False
rice_tungro,False,data\RiceCrossYear\test\rice_tungro\2026_rice_tungro_Rice Tungro_1252.jpg,0.6187,0.6187,rice_tungro,True
rice_tungro,False,data\RiceCrossYear\test\rice_tungro\2026_rice_tungro_Rice Tungro_1992.jpg,0.618283,0.144826,rice_blast,False
rice_tungro,False,data\RiceCrossYear\test\rice_tungro\2026_rice_tungro_Rice Tungro_2015.jpg,0.617778,0.617778,rice_tungro,True
rice_tungro,False,data\RiceCrossYear\test\rice_tungro\2026_rice_tungro_Rice Tungro_785.jpg,0.616319,0.616319,rice_tungro,True
rice_tungro,False,data\RiceCrossYear\test\rice_tungro\2026_rice_tungro_Rice Tungro_18.jpg,0.615782,0.615782,rice_tungro,True
rice_tungro,False,data\RiceCrossYear\test\rice_tungro\2026_rice_tungro_Rice Tungro_2017.jpg,0.615747,0.615747,rice_tungro,True
rice_tungro,False,data\RiceCrossYear\test\rice_tungro\2026_rice_tungro_Rice Tungro_1141.jpg,0.614634,0.068357,brown_spot,False
rice_tungro,False,data\RiceCrossYear\test\rice_tungro\2026_rice_tungro_Rice Tungro_1774.jpg,0.613961,0.258575,brown_spot,False
rice_tungro,False,data\RiceCrossYear\test\rice_tungro\2026_rice_tungro_Rice Tungro_200.jpg,0.612452,0.612452,rice_tungro,True
rice_tungro,False,data\RiceCrossYear\test\rice_tungro\2026_rice_tungro_Rice Tungro_1538.jpg,0.609096,0.261553,brown_spot,False
rice_tungro,False,data\RiceCrossYear\test\rice_tungro\2026_rice_tungro_Rice Tungro_792.jpg,0.607782,0.349873,brown_spot,False
rice_tungro,False,data\RiceCrossYear\test\rice_tungro\2026_rice_tungro_Rice Tungro_1858.jpg,0.607298,0.167267,brown_spot,False
rice_tungro,False,data\RiceCrossYear\test\rice_tungro\2026_rice_tungro_Rice Tungro_399.jpg,0.606886,0.606886,rice_tungro,True
rice_tungro,False,data\RiceCrossYear\test\rice_tungro\2026_rice_tungro_Rice Tungro_181.jpg,0.605313,0.605313,rice_tungro,True
rice_tungro,False,data\RiceCrossYear\test\rice_tungro\2026_rice_tungro_Rice Tungro_667.jpg,0.604581,0.604581,rice_tungro,True
rice_tungro,False,data\RiceCrossYear\test\rice_tungro\2026_rice_tungro_Rice Tungro_896.jpg,0.604553,0.289502,brown_spot,False
rice_tungro,False,data\RiceCrossYear\test\rice_tungro\2026_rice_tungro_Rice Tungro_1187.jpg,0.603972,0.185283,brown_spot,False
rice_tungro,False,data\RiceCrossYear\test\rice_tungro\2026_rice_tungro_Rice Tungro_680.jpg,0.603544,0.328783,brown_spot,False
rice_tungro,False,data\RiceCrossYear\test\rice_tungro\2026_rice_tungro_Rice Tungro_1778.jpg,0.599984,0.330051,brown_spot,False
rice_tungro,False,data\RiceCrossYear\test\rice_tungro\2026_rice_tungro_Rice Tungro_469.jpg,0.598882,0.172549,brown_spot,False
rice_tungro,False,data\RiceCrossYear\test\rice_tungro\2026_rice_tungro_Rice Tungro_288.jpg,0.598823,0.32877,brown_spot,False
rice_tungro,False,data\RiceCrossYear\test\rice_tungro\2026_rice_tungro_Rice Tungro_1241.jpg,0.59759,0.307763,rice_blast,False
rice_tungro,False,data\RiceCrossYear\test\rice_tungro\2026_rice_tungro_Rice Tungro_1244.jpg,0.596946,0.596946,rice_tungro,True
rice_tungro,False,data\RiceCrossYear\test\rice_tungro\2026_rice_tungro_Rice Tungro_2180.jpg,0.595921,0.261804,rice_blast,False
rice_tungro,False,data\RiceCrossYear\test\rice_tungro\2026_rice_tungro_Rice Tungro_1256.jpg,0.595339,0.26972,brown_spot,False
rice_tungro,False,data\RiceCrossYear\test\rice_tungro\2026_rice_tungro_Rice Tungro_2219.jpg,0.594061,0.594061,rice_tungro,True
rice_tungro,False,data\RiceCrossYear\test\rice_tungro\2026_rice_tungro_Rice Tungro_998.jpg,0.593811,0.286099,healthy,False
rice_tungro,False,data\RiceCrossYear\test\rice_tungro\2026_rice_tungro_Rice Tungro_2222.jpg,0.593801,0.285048,brown_spot,False
rice_tungro,False,data\RiceCrossYear\test\rice_tungro\2026_rice_tungro_Rice Tungro_82.jpg,0.592436,0.108525,brown_spot,False
rice_tungro,False,data\RiceCrossYear\test\rice_tungro\2026_rice_tungro_Rice Tungro_1598.jpg,0.592123,0.127525,brown_spot,False
rice_tungro,False,data\RiceCrossYear\test\rice_tungro\2026_rice_tungro_Rice Tungro_1526.jpg,0.591598,0.591598,rice_tungro,True
rice_tungro,False,data\RiceCrossYear\test\rice_tungro\2026_rice_tungro_Rice Tungro_606.jpg,0.59142,0.59142,rice_tungro,True
rice_tungro,False,data\RiceCrossYear\test\rice_tungro\2026_rice_tungro_Rice Tungro_377.jpg,0.589774,0.589774,rice_tungro,True
rice_tungro,False,data\RiceCrossYear\test\rice_tungro\2026_rice_tungro_Rice Tungro_1449.jpg,0.589078,0.589078,rice_tungro,True
rice_tungro,False,data\RiceCrossYear\test\rice_tungro\2026_rice_tungro_Rice Tungro_2187.jpg,0.58838,0.58838,rice_tungro,True
rice_tungro,False,data\RiceCrossYear\test\rice_tungro\2026_rice_tungro_Rice Tungro_1937.jpg,0.587331,0.089369,rice_blast,False
rice_tungro,False,data\RiceCrossYear\test\rice_tungro\2026_rice_tungro_Rice Tungro_760.jpg,0.586194,0.586194,rice_tungro,True
rice_tungro,False,data\RiceCrossYear\test\rice_tungro\2026_rice_tungro_Rice Tungro_2159.jpg,0.586185,0.338679,brown_spot,False
rice_tungro,False,data\RiceCrossYear\test\rice_tungro\2026_rice_tungro_Rice Tungro_363.jpg,0.579334,0.163369,brown_spot,False
rice_tungro,False,data\RiceCrossYear\test\rice_tungro\2026_rice_tungro_Rice Tungro_122.jpg,0.579128,0.032355,brown_spot,False
rice_tungro,False,data\RiceCrossYear\test\rice_tungro\2026_rice_tungro_Rice Tungro_1594.jpg,0.577705,0.199345,brown_spot,False
rice_tungro,False,data\RiceCrossYear\test\rice_tungro\2026_rice_tungro_Rice Tungro_1051.jpg,0.576526,0.135938,brown_spot,False
rice_tungro,False,data\RiceCrossYear\test\rice_tungro\2026_rice_tungro_Rice Tungro_1964.jpg,0.576504,0.024719,brown_spot,False
rice_tungro,False,data\RiceCrossYear\test\rice_tungro\2026_rice_tungro_Rice Tungro_546.jpg,0.576473,0.576473,rice_tungro,True
rice_tungro,False,data\RiceCrossYear\test\rice_tungro\2026_rice_tungro_Rice Tungro_473.jpg,0.576424,0.044536,rice_blast,False
rice_tungro,False,data\RiceCrossYear\test\rice_tungro\2026_rice_tungro_Rice Tungro_2156.jpg,0.574871,0.139645,brown_spot,False
rice_tungro,False,data\RiceCrossYear\test\rice_tungro\2026_rice_tungro_Rice Tungro_247.jpg,0.574631,0.31983,brown_spot,False
rice_tungro,False,data\RiceCrossYear\test\rice_tungro\2026_rice_tungro_Rice Tungro_1189.jpg,0.574564,0.574564,rice_tungro,True
rice_tungro,False,data\RiceCrossYear\test\rice_tungro\2026_rice_tungro_Rice Tungro_1662.jpg,0.574099,0.574099,rice_tungro,True
rice_tungro,False,data\RiceCrossYear\test\rice_tungro\2026_rice_tungro_Rice Tungro_226.jpg,0.57214,0.57214,rice_tungro,True
rice_tungro,False,data\RiceCrossYear\test\rice_tungro\2026_rice_tungro_Rice Tungro_98.jpg,0.571622,0.571622,rice_tungro,True
rice_tungro,False,data\RiceCrossYear\test\rice_tungro\2026_rice_tungro_Rice Tungro_904.jpg,0.571391,0.395791,brown_spot,False
rice_tungro,False,data\RiceCrossYear\test\rice_tungro\2026_rice_tungro_Rice Tungro_1242.jpg,0.570451,0.570451,rice_tungro,True
rice_tungro,False,data\RiceCrossYear\test\rice_tungro\2026_rice_tungro_Rice Tungro_176.jpg,0.567584,0.264531,rice_blast,False
rice_tungro,False,data\RiceCrossYear\test\rice_tungro\2026_rice_tungro_Rice Tungro_160.jpg,0.566627,0.062497,rice_blast,False
rice_tungro,False,data\RiceCrossYear\test\rice_tungro\2026_rice_tungro_Rice Tungro_1166.jpg,0.566215,0.106493,brown_spot,False
rice_tungro,False,data\RiceCrossYear\test\rice_tungro\2026_rice_tungro_Rice Tungro_417.jpg,0.565952,0.367194,rice_blast,False
rice_tungro,False,data\RiceCrossYear\test\rice_tungro\2026_rice_tungro_Rice Tungro_2041.jpg,0.565952,0.114812,brown_spot,False
rice_tungro,False,data\RiceCrossYear\test\rice_tungro\2026_rice_tungro_Rice Tungro_2124.jpg,0.564013,0.564013,rice_tungro,True
rice_tungro,False,data\RiceCrossYear\test\rice_tungro\2026_rice_tungro_Rice Tungro_2220.jpg,0.563662,0.563662,rice_tungro,True
rice_tungro,False,data\RiceCrossYear\test\rice_tungro\2026_rice_tungro_Rice Tungro_118.jpg,0.561461,0.561461,rice_tungro,True
rice_tungro,False,data\RiceCrossYear\test\rice_tungro\2026_rice_tungro_Rice Tungro_450.jpg,0.560599,0.327794,rice_blast,False
rice_tungro,False,data\RiceCrossYear\test\rice_tungro\2026_rice_tungro_Rice Tungro_153.jpg,0.559155,0.29871,rice_blast,False
rice_tungro,False,data\RiceCrossYear\test\rice_tungro\2026_rice_tungro_Rice Tungro_883.jpg,0.558418,0.41135,brown_spot,False
rice_tungro,False,data\RiceCrossYear\test\rice_tungro\2026_rice_tungro_Rice Tungro_846.jpg,0.557415,0.301144,brown_spot,False
rice_tungro,False,data\RiceCrossYear\test\rice_tungro\2026_rice_tungro_Rice Tungro_155.jpg,0.557127,0.153617,brown_spot,False
rice_tungro,False,data\RiceCrossYear\test\rice_tungro\2026_rice_tungro_Rice Tungro_1300.jpg,0.556984,0.556984,rice_tungro,True
rice_tungro,False,data\RiceCrossYear\test\rice_tungro\2026_rice_tungro_Rice Tungro_838.jpg,0.556523,0.239913,brown_spot,False
rice_tungro,False,data\RiceCrossYear\test\rice_tungro\2026_rice_tungro_Rice Tungro_990.jpg,0.555762,0.230671,healthy,False
rice_tungro,False,data\RiceCrossYear\test\rice_tungro\2026_rice_tungro_Rice Tungro_713.jpg,0.555328,0.555328,rice_tungro,True
rice_tungro,False,data\RiceCrossYear\test\rice_tungro\2026_rice_tungro_Rice Tungro_1987.jpg,0.55492,0.182102,brown_spot,False
rice_tungro,False,data\RiceCrossYear\test\rice_tungro\2026_rice_tungro_Rice Tungro_303.jpg,0.554339,0.059696,rice_blast,False
rice_tungro,False,data\RiceCrossYear\test\rice_tungro\2026_rice_tungro_Rice Tungro_2063.jpg,0.551427,0.209145,brown_spot,False
rice_tungro,False,data\RiceCrossYear\test\rice_tungro\2026_rice_tungro_Rice Tungro_2126.jpg,0.550578,0.338539,brown_spot,False
rice_tungro,False,data\RiceCrossYear\test\rice_tungro\2026_rice_tungro_Rice Tungro_665.jpg,0.550223,0.226225,brown_spot,False
rice_tungro,False,data\RiceCrossYear\test\rice_tungro\2026_rice_tungro_Rice Tungro_2089.jpg,0.549829,0.256961,brown_spot,False
rice_tungro,False,data\RiceCrossYear\test\rice_tungro\2026_rice_tungro_Rice Tungro_863.jpg,0.549443,0.549443,rice_tungro,True
rice_tungro,False,data\RiceCrossYear\test\rice_tungro\2026_rice_tungro_Rice Tungro_390.jpg,0.54927,0.54927,rice_tungro,True
rice_tungro,False,data\RiceCrossYear\test\rice_tungro\2026_rice_tungro_Rice Tungro_262.jpg,0.548269,0.353298,brown_spot,False
rice_tungro,False,data\RiceCrossYear\test\rice_tungro\2026_rice_tungro_Rice Tungro_1988.jpg,0.544808,0.109877,rice_blast,False
rice_tungro,False,data\RiceCrossYear\test\rice_tungro\2026_rice_tungro_Rice Tungro_1124.jpg,0.54349,0.54349,rice_tungro,True
rice_tungro,False,data\RiceCrossYear\test\rice_tungro\2026_rice_tungro_Rice Tungro_1260.jpg,0.542642,0.542642,rice_tungro,True
rice_tungro,False,data\RiceCrossYear\test\rice_tungro\2026_rice_tungro_Rice Tungro_22.jpg,0.541525,0.354275,brown_spot,False
rice_tungro,False,data\RiceCrossYear\test\rice_tungro\2026_rice_tungro_Rice Tungro_177.jpg,0.541341,0.340421,rice_blast,False
rice_tungro,False,data\RiceCrossYear\test\rice_tungro\2026_rice_tungro_Rice Tungro_144.jpg,0.541179,0.541179,rice_tungro,True
rice_tungro,False,data\RiceCrossYear\test\rice_tungro\2026_rice_tungro_Rice Tungro_1272.jpg,0.540433,0.088482,brown_spot,False
rice_tungro,False,data\RiceCrossYear\test\rice_tungro\2026_rice_tungro_Rice Tungro_498.jpg,0.540232,0.540232,rice_tungro,True
rice_tungro,False,data\RiceCrossYear\test\rice_tungro\2026_rice_tungro_Rice Tungro_914.jpg,0.539909,0.376733,brown_spot,False
rice_tungro,False,data\RiceCrossYear\test\rice_tungro\2026_rice_tungro_Rice Tungro_1135.jpg,0.539432,0.069153,brown_spot,False
rice_tungro,False,data\RiceCrossYear\test\rice_tungro\2026_rice_tungro_Rice Tungro_895.jpg,0.539219,0.389714,brown_spot,False
rice_tungro,False,data\RiceCrossYear\test\rice_tungro\2026_rice_tungro_Rice Tungro_2127.jpg,0.538322,0.39423,brown_spot,False
rice_tungro,False,data\RiceCrossYear\test\rice_tungro\2026_rice_tungro_Rice Tungro_1509.jpg,0.538171,0.037272,brown_spot,False
rice_tungro,False,data\RiceCrossYear\test\rice_tungro\2026_rice_tungro_Rice Tungro_1450.jpg,0.535577,0.535577,rice_tungro,True
rice_tungro,False,data\RiceCrossYear\test\rice_tungro\2026_rice_tungro_Rice Tungro_1112.jpg,0.535565,0.313462,brown_spot,False
rice_tungro,False,data\RiceCrossYear\test\rice_tungro\2026_rice_tungro_Rice Tungro_112.jpg,0.535043,0.535043,rice_tungro,True
rice_tungro,False,data\RiceCrossYear\test\rice_tungro\2026_rice_tungro_Rice Tungro_2151.jpg,0.534552,0.375921,brown_spot,False
rice_tungro,False,data\RiceCrossYear\test\rice_tungro\2026_rice_tungro_Rice Tungro_2207.jpg,0.534524,0.340927,brown_spot,False
rice_tungro,False,data\RiceCrossYear\test\rice_tungro\2026_rice_tungro_Rice Tungro_2188.jpg,0.534378,0.534378,rice_tungro,True
rice_tungro,False,data\RiceCrossYear\test\rice_tungro\2026_rice_tungro_Rice Tungro_872.jpg,0.533601,0.533601,rice_tungro,True
rice_tungro,False,data\RiceCrossYear\test\rice_tungro\2026_rice_tungro_Rice Tungro_1114.jpg,0.532593,0.532593,rice_tungro,True
rice_tungro,False,data\RiceCrossYear\test\rice_tungro\2026_rice_tungro_Rice Tungro_1993.jpg,0.531119,0.165904,rice_blast,False
rice_tungro,False,data\RiceCrossYear\test\rice_tungro\2026_rice_tungro_Rice Tungro_868.jpg,0.52952,0.52952,rice_tungro,True
rice_tungro,False,data\RiceCrossYear\test\rice_tungro\2026_rice_tungro_Rice Tungro_1435.jpg,0.527371,0.363875,brown_spot,False
rice_tungro,False,data\RiceCrossYear\test\rice_tungro\2026_rice_tungro_Rice Tungro_217.jpg,0.527197,0.148739,rice_blast,False
rice_tungro,False,data\RiceCrossYear\test\rice_tungro\2026_rice_tungro_Rice Tungro_80.jpg,0.525855,0.390401,rice_blast,False
rice_tungro,False,data\RiceCrossYear\test\rice_tungro\2026_rice_tungro_Rice Tungro_1019.jpg,0.525046,0.101884,rice_blast,False
rice_tungro,False,data\RiceCrossYear\test\rice_tungro\2026_rice_tungro_Rice Tungro_568.jpg,0.524875,0.104777,rice_blast,False
rice_tungro,False,data\RiceCrossYear\test\rice_tungro\2026_rice_tungro_Rice Tungro_78.jpg,0.524837,0.044449,rice_blast,False
rice_tungro,False,data\RiceCrossYear\test\rice_tungro\2026_rice_tungro_Rice Tungro_2179.jpg,0.52383,0.52383,rice_tungro,True
rice_tungro,False,data\RiceCrossYear\test\rice_tungro\2026_rice_tungro_Rice Tungro_443.jpg,0.522459,0.522459,rice_tungro,True
rice_tungro,False,data\RiceCrossYear\test\rice_tungro\2026_rice_tungro_Rice Tungro_1063.jpg,0.521295,0.521295,rice_tungro,True
rice_tungro,False,data\RiceCrossYear\test\rice_tungro\2026_rice_tungro_Rice Tungro_958.jpg,0.520557,0.072686,rice_blast,False
rice_tungro,False,data\RiceCrossYear\test\rice_tungro\2026_rice_tungro_Rice Tungro_246.jpg,0.520249,0.36622,brown_spot,False
rice_tungro,False,data\RiceCrossYear\test\rice_tungro\2026_rice_tungro_Rice Tungro_870.jpg,0.51987,0.409448,brown_spot,False
rice_tungro,False,data\RiceCrossYear\test\rice_tungro\2026_rice_tungro_Rice Tungro_1827.jpg,0.5197,0.354924,brown_spot,False
rice_tungro,False,data\RiceCrossYear\test\rice_tungro\2026_rice_tungro_Rice Tungro_1407.jpg,0.517294,0.393152,brown_spot,False
rice_tungro,False,data\RiceCrossYear\test\rice_tungro\2026_rice_tungro_Rice Tungro_1415.jpg,0.516754,0.295158,brown_spot,False
rice_tungro,False,data\RiceCrossYear\test\rice_tungro\2026_rice_tungro_Rice Tungro_1316.jpg,0.516644,0.516644,rice_tungro,True
rice_tungro,False,data\RiceCrossYear\test\rice_tungro\2026_rice_tungro_Rice Tungro_1129.jpg,0.516221,0.367668,rice_blast,False
rice_tungro,False,data\RiceCrossYear\test\rice_tungro\2026_rice_tungro_Rice Tungro_189.jpg,0.515986,0.3962,brown_spot,False
rice_tungro,False,data\RiceCrossYear\test\rice_tungro\2026_rice_tungro_Rice Tungro_2122.jpg,0.515589,0.365429,brown_spot,False
rice_tungro,False,data\RiceCrossYear\test\rice_tungro\2026_rice_tungro_Rice Tungro_769.jpg,0.51556,0.51556,rice_tungro,True
rice_tungro,False,data\RiceCrossYear\test\rice_tungro\2026_rice_tungro_Rice Tungro_1771.jpg,0.515485,0.287191,brown_spot,False
rice_tungro,False,data\RiceCrossYear\test\rice_tungro\2026_rice_tungro_Rice Tungro_984.jpg,0.513075,0.265969,healthy,False
rice_tungro,False,data\RiceCrossYear\test\rice_tungro\2026_rice_tungro_Rice Tungro_1245.jpg,0.512266,0.512266,rice_tungro,True
rice_tungro,False,data\RiceCrossYear\test\rice_tungro\2026_rice_tungro_Rice Tungro_825.jpg,0.510105,0.20904,rice_blast,False
rice_tungro,False,data\RiceCrossYear\test\rice_tungro\2026_rice_tungro_Rice Tungro_1153.jpg,0.509227,0.509227,rice_tungro,True
rice_tungro,False,data\RiceCrossYear\test\rice_tungro\2026_rice_tungro_Rice Tungro_1772.jpg,0.507638,0.304237,brown_spot,False
rice_tungro,False,data\RiceCrossYear\test\rice_tungro\2026_rice_tungro_Rice Tungro_842.jpg,0.50698,0.50698,rice_tungro,True
rice_tungro,False,data\RiceCrossYear\test\rice_tungro\2026_rice_tungro_Rice Tungro_991.jpg,0.505732,0.378961,healthy,False
rice_tungro,False,data\RiceCrossYear\test\rice_tungro\2026_rice_tungro_Rice Tungro_195.jpg,0.503734,0.188677,rice_blast,False
rice_tungro,False,data\RiceCrossYear\test\rice_tungro\2026_rice_tungro_Rice Tungro_583.jpg,0.500636,0.500636,rice_tungro,True
rice_tungro,False,data\RiceCrossYear\test\rice_tungro\2026_rice_tungro_Rice Tungro_1984.jpg,0.500207,0.14109,brown_spot,False
rice_tungro,False,data\RiceCrossYear\test\rice_tungro\2026_rice_tungro_Rice Tungro_1510.jpg,0.499576,0.035316,brown_spot,False
rice_tungro,False,data\RiceCrossYear\test\rice_tungro\2026_rice_tungro_Rice Tungro_510.jpg,0.499015,0.061371,rice_blast,False
rice_tungro,False,data\RiceCrossYear\test\rice_tungro\2026_rice_tungro_Rice Tungro_158.jpg,0.498213,0.32364,rice_blast,False
rice_tungro,False,data\RiceCrossYear\test\rice_tungro\2026_rice_tungro_Rice Tungro_919.jpg,0.497537,0.497537,rice_tungro,True
rice_tungro,False,data\RiceCrossYear\test\rice_tungro\2026_rice_tungro_Rice Tungro_2136.jpg,0.497461,0.350349,brown_spot,False
rice_tungro,False,data\RiceCrossYear\test\rice_tungro\2026_rice_tungro_Rice Tungro_637.jpg,0.496369,0.291729,brown_spot,False
rice_tungro,False,data\RiceCrossYear\test\rice_tungro\2026_rice_tungro_Rice Tungro_880.jpg,0.493806,0.493806,rice_tungro,True
rice_tungro,False,data\RiceCrossYear\test\rice_tungro\2026_rice_tungro_Rice Tungro_106.jpg,0.490458,0.414218,rice_blast,False
rice_tungro,False,data\RiceCrossYear\test\rice_tungro\2026_rice_tungro_Rice Tungro_1600.jpg,0.489838,0.073451,brown_spot,False
rice_tungro,False,data\RiceCrossYear\test\rice_tungro\2026_rice_tungro_Rice Tungro_2092.jpg,0.489461,0.489461,rice_tungro,True
rice_tungro,False,data\RiceCrossYear\test\rice_tungro\2026_rice_tungro_Rice Tungro_1012.jpg,0.488231,0.170301,brown_spot,False
rice_tungro,False,data\RiceCrossYear\test\rice_tungro\2026_rice_tungro_Rice Tungro_893.jpg,0.487617,0.474928,brown_spot,False
rice_tungro,False,data\RiceCrossYear\test\rice_tungro\2026_rice_tungro_Rice Tungro_188.jpg,0.486117,0.486117,rice_tungro,True
rice_tungro,False,data\RiceCrossYear\test\rice_tungro\2026_rice_tungro_Rice Tungro_178.jpg,0.482126,0.449172,rice_blast,False
rice_tungro,False,data\RiceCrossYear\test\rice_tungro\2026_rice_tungro_Rice Tungro_460.jpg,0.481184,0.481184,rice_tungro,True
rice_tungro,False,data\RiceCrossYear\test\rice_tungro\2026_rice_tungro_Rice Tungro_1055.jpg,0.481101,0.481101,rice_tungro,True
rice_tungro,False,data\RiceCrossYear\test\rice_tungro\2026_rice_tungro_Rice Tungro_1243.jpg,0.479911,0.479911,rice_tungro,True
rice_tungro,False,data\RiceCrossYear\test\rice_tungro\2026_rice_tungro_Rice Tungro_360.jpg,0.479882,0.479882,rice_tungro,True
rice_tungro,False,data\RiceCrossYear\test\rice_tungro\2026_rice_tungro_Rice Tungro_1782.jpg,0.479754,0.479754,rice_tungro,True
rice_tungro,False,data\RiceCrossYear\test\rice_tungro\2026_rice_tungro_Rice Tungro_102.jpg,0.479392,0.067727,brown_spot,False
rice_tungro,False,data\RiceCrossYear\test\rice_tungro\2026_rice_tungro_Rice Tungro_1867.jpg,0.479025,0.28134,rice_blast,False
rice_tungro,False,data\RiceCrossYear\test\rice_tungro\2026_rice_tungro_Rice Tungro_2134.jpg,0.476892,0.476892,rice_tungro,True
rice_tungro,False,data\RiceCrossYear\test\rice_tungro\2026_rice_tungro_Rice Tungro_227.jpg,0.476834,0.476834,rice_tungro,True
rice_tungro,False,data\RiceCrossYear\test\rice_tungro\2026_rice_tungro_Rice Tungro_236.jpg,0.476392,0.476392,rice_tungro,True
rice_tungro,False,data\RiceCrossYear\test\rice_tungro\2026_rice_tungro_Rice Tungro_1268.jpg,0.475692,0.161649,rice_blast,False
rice_tungro,False,data\RiceCrossYear\test\rice_tungro\2026_rice_tungro_Rice Tungro_764.jpg,0.474715,0.474715,rice_tungro,True
rice_tungro,False,data\RiceCrossYear\test\rice_tungro\2026_rice_tungro_Rice Tungro_1188.jpg,0.474382,0.295136,brown_spot,False
rice_tungro,False,data\RiceCrossYear\test\rice_tungro\2026_rice_tungro_Rice Tungro_114.jpg,0.474049,0.474049,rice_tungro,True
rice_tungro,False,data\RiceCrossYear\test\rice_tungro\2026_rice_tungro_Rice Tungro_1738.jpg,0.470176,0.470176,rice_tungro,True
rice_tungro,False,data\RiceCrossYear\test\rice_tungro\2026_rice_tungro_Rice Tungro_686.jpg,0.469457,0.469457,rice_tungro,True
rice_tungro,False,data\RiceCrossYear\test\rice_tungro\2026_rice_tungro_Rice Tungro_1210.jpg,0.466942,0.466942,rice_tungro,True
rice_tungro,False,data\RiceCrossYear\test\rice_tungro\2026_rice_tungro_Rice Tungro_753.jpg,0.465874,0.465874,rice_tungro,True
rice_tungro,False,data\RiceCrossYear\test\rice_tungro\2026_rice_tungro_Rice Tungro_2133.jpg,0.464782,0.464782,rice_tungro,True
rice_tungro,False,data\RiceCrossYear\test\rice_tungro\2026_rice_tungro_Rice Tungro_104.jpg,0.463979,0.229706,brown_spot,False
rice_tungro,False,data\RiceCrossYear\test\rice_tungro\2026_rice_tungro_Rice Tungro_1032.jpg,0.461396,0.352471,healthy,False
rice_tungro,False,data\RiceCrossYear\test\rice_tungro\2026_rice_tungro_Rice Tungro_1275.jpg,0.461187,0.111756,brown_spot,False
rice_tungro,False,data\RiceCrossYear\test\rice_tungro\2026_rice_tungro_Rice Tungro_1125.jpg,0.460775,0.460775,rice_tungro,True
rice_tungro,False,data\RiceCrossYear\test\rice_tungro\2026_rice_tungro_Rice Tungro_329.jpg,0.460093,0.185045,brown_spot,False
rice_tungro,False,data\RiceCrossYear\test\rice_tungro\2026_rice_tungro_Rice Tungro_108.jpg,0.459925,0.219091,rice_blast,False
rice_tungro,False,data\RiceCrossYear\test\rice_tungro\2026_rice_tungro_Rice Tungro_574.jpg,0.459573,0.240235,rice_blast,False
rice_tungro,False,data\RiceCrossYear\test\rice_tungro\2026_rice_tungro_Rice Tungro_436.jpg,0.459383,0.459383,rice_tungro,True
rice_tungro,False,data\RiceCrossYear\test\rice_tungro\2026_rice_tungro_Rice Tungro_933.jpg,0.458093,0.084863,brown_spot,False
rice_tungro,False,data\RiceCrossYear\test\rice_tungro\2026_rice_tungro_Rice Tungro_804.jpg,0.456706,0.410589,brown_spot,False
rice_tungro,False,data\RiceCrossYear\test\rice_tungro\2026_rice_tungro_Rice Tungro_1020.jpg,0.455576,0.124123,rice_blast,False
rice_tungro,False,data\RiceCrossYear\test\rice_tungro\2026_rice_tungro_Rice Tungro_1741.jpg,0.454588,0.454588,rice_tungro,True
rice_tungro,False,data\RiceCrossYear\test\rice_tungro\2026_rice_tungro_Rice Tungro_157.jpg,0.452567,0.452567,rice_tungro,True
rice_tungro,False,data\RiceCrossYear\test\rice_tungro\2026_rice_tungro_Rice Tungro_101.jpg,0.452093,0.378014,rice_blast,False
rice_tungro,False,data\RiceCrossYear\test\rice_tungro\2026_rice_tungro_Rice Tungro_1659.jpg,0.448717,0.448717,rice_tungro,True
rice_tungro,False,data\RiceCrossYear\test\rice_tungro\2026_rice_tungro_Rice Tungro_1739.jpg,0.448657,0.297741,healthy,False
rice_tungro,False,data\RiceCrossYear\test\rice_tungro\2026_rice_tungro_Rice Tungro_986.jpg,0.443071,0.443071,rice_tungro,True
rice_tungro,False,data\RiceCrossYear\test\rice_tungro\2026_rice_tungro_Rice Tungro_2040.jpg,0.441083,0.099336,brown_spot,False
rice_tungro,False,data\RiceCrossYear\test\rice_tungro\2026_rice_tungro_Rice Tungro_1278.jpg,0.44073,0.212811,brown_spot,False
rice_tungro,False,data\RiceCrossYear\test\rice_tungro\2026_rice_tungro_Rice Tungro_1514.jpg,0.436213,0.231501,brown_spot,False
rice_tungro,False,data\RiceCrossYear\test\rice_tungro\2026_rice_tungro_Rice Tungro_1006.jpg,0.43513,0.222134,brown_spot,False
rice_tungro,False,data\RiceCrossYear\test\rice_tungro\2026_rice_tungro_Rice Tungro_1191.jpg,0.434108,0.434108,rice_tungro,True
rice_tungro,False,data\RiceCrossYear\test\rice_tungro\2026_rice_tungro_Rice Tungro_935.jpg,0.430907,0.430907,rice_tungro,True
rice_tungro,False,data\RiceCrossYear\test\rice_tungro\2026_rice_tungro_Rice Tungro_1412.jpg,0.430876,0.430876,rice_tungro,True
rice_tungro,False,data\RiceCrossYear\test\rice_tungro\2026_rice_tungro_Rice Tungro_1595.jpg,0.430346,0.178914,brown_spot,False
rice_tungro,False,data\RiceCrossYear\test\rice_tungro\2026_rice_tungro_Rice Tungro_60.jpg,0.430237,0.157082,rice_blast,False
rice_tungro,False,data\RiceCrossYear\test\rice_tungro\2026_rice_tungro_Rice Tungro_1186.jpg,0.429189,0.16322,rice_blast,False
rice_tungro,False,data\RiceCrossYear\test\rice_tungro\2026_rice_tungro_Rice Tungro_860.jpg,0.428991,0.425445,rice_blast,False
rice_tungro,False,data\RiceCrossYear\test\rice_tungro\2026_rice_tungro_Rice Tungro_677.jpg,0.428598,0.360212,brown_spot,False
rice_tungro,False,data\RiceCrossYear\test\rice_tungro\2026_rice_tungro_Rice Tungro_166.jpg,0.428562,0.384724,rice_blast,False
rice_tungro,False,data\RiceCrossYear\test\rice_tungro\2026_rice_tungro_Rice Tungro_1482.jpg,0.427284,0.416775,brown_spot,False
rice_tungro,False,data\RiceCrossYear\test\rice_tungro\2026_rice_tungro_Rice Tungro_1017.jpg,0.427071,0.317838,rice_blast,False
rice_tungro,False,data\RiceCrossYear\test\rice_tungro\2026_rice_tungro_Rice Tungro_422.jpg,0.420323,0.420323,rice_tungro,True
rice_tungro,False,data\RiceCrossYear\test\rice_tungro\2026_rice_tungro_Rice Tungro_367.jpg,0.415586,0.391743,brown_spot,False
rice_tungro,False,data\RiceCrossYear\test\rice_tungro\2026_rice_tungro_Rice Tungro_6.jpg,0.412929,0.372959,rice_blast,False
rice_tungro,False,data\RiceCrossYear\test\rice_tungro\2026_rice_tungro_Rice Tungro_1530.jpg,0.411274,0.411274,rice_tungro,True
rice_tungro,False,data\RiceCrossYear\test\rice_tungro\2026_rice_tungro_Rice Tungro_1411.jpg,0.410811,0.410811,rice_tungro,True
rice_tungro,False,data\RiceCrossYear\test\rice_tungro\2026_rice_tungro_Rice Tungro_1405.jpg,0.408841,0.408841,rice_tungro,True
rice_tungro,False,data\RiceCrossYear\test\rice_tungro\2026_rice_tungro_Rice Tungro_407.jpg,0.408557,0.227646,rice_blast,False
rice_tungro,False,data\RiceCrossYear\test\rice_tungro\2026_rice_tungro_Rice Tungro_1503.jpg,0.408504,0.235617,brown_spot,False
rice_tungro,False,data\RiceCrossYear\test\rice_tungro\2026_rice_tungro_Rice Tungro_1015.jpg,0.406646,0.363493,rice_blast,False
rice_tungro,False,data\RiceCrossYear\test\rice_tungro\2026_rice_tungro_Rice Tungro_1706.jpg,0.402741,0.402741,rice_tungro,True
rice_tungro,False,data\RiceCrossYear\test\rice_tungro\2026_rice_tungro_Rice Tungro_1248.jpg,0.399906,0.347784,brown_spot,False
rice_tungro,False,data\RiceCrossYear\test\rice_tungro\2026_rice_tungro_Rice Tungro_996.jpg,0.397397,0.15692,healthy,False
rice_tungro,False,data\RiceCrossYear\test\rice_tungro\2026_rice_tungro_Rice Tungro_1711.jpg,0.39018,0.369235,rice_blast,False
rice_tungro,False,data\RiceCrossYear\test\rice_tungro\2026_rice_tungro_Rice Tungro_981.jpg,0.389686,0.360049,healthy,False
rice_tungro,False,data\RiceCrossYear\test\rice_tungro\2026_rice_tungro_Rice Tungro_1119.jpg,0.385836,0.385836,rice_tungro,True
rice_tungro,False,data\RiceCrossYear\test\rice_tungro\2026_rice_tungro_Rice Tungro_985.jpg,0.381007,0.381007,rice_tungro,True
rice_tungro,False,data\RiceCrossYear\test\rice_tungro\2026_rice_tungro_Rice Tungro_965.jpg,0.377013,0.320201,brown_spot,False
rice_tungro,False,data\RiceCrossYear\test\rice_tungro\2026_rice_tungro_Rice Tungro_485.jpg,0.374031,0.374031,rice_tungro,True
rice_tungro,False,data\RiceCrossYear\test\rice_tungro\2026_rice_tungro_Rice Tungro_1557.jpg,0.362213,0.294154,brown_spot,False
rice_tungro,False,data\RiceCrossYear\test\rice_tungro\2026_rice_tungro_Rice Tungro_1183.jpg,0.359841,0.359841,rice_tungro,True
rice_tungro,False,data\RiceCrossYear\test\rice_tungro\2026_rice_tungro_Rice Tungro_664.jpg,0.35753,0.2847,brown_spot,False
rice_tungro,False,data\RiceCrossYear\test\rice_tungro\2026_rice_tungro_Rice Tungro_1052.jpg,0.357096,0.270089,brown_spot,False
rice_tungro,False,data\RiceCrossYear\test\rice_tungro\2026_rice_tungro_Rice Tungro_1537.jpg,0.329508,0.329508,rice_tungro,True
